# Sketchfab-12.66.0.
# Mesh: Object_2 (40)
# Geometry: unnamed (13)
v 2.402981996536255 2.9418740272521973 -3.0161287784576416
v 2.6499319076538086 2.964634895324707 -3.093071699142456
v 2.4973080158233643 2.9050450325012207 -2.8916327953338623
v 2.402981996536255 2.987396001815796 -3.1700148582458496
v 2.4973080158233643 3.0242249965667725 -3.294510841369629
v 2.6499319076538086 3.0382919311523438 -3.34206485748291
v 2.80255389213562 3.0242249965667725 -3.294510841369629
v 2.8968820571899414 2.987396001815796 -3.1700148582458496
v 2.8968820571899414 2.9418740272521973 -3.0161287784576416
v 2.80255389213562 2.9050450325012207 -2.8916327953338623
v 2.6499319076538086 2.890976905822754 -2.8440797328948975
v -2.402981996536255 2.9418740272521973 -3.0161287784576416
v -2.4973080158233643 2.9050450325012207 -2.8916327953338623
v -2.6499319076538086 2.964634895324707 -3.093071699142456
v -2.402981996536255 2.987396001815796 -3.1700148582458496
v -2.4973080158233643 3.0242249965667725 -3.294510841369629
v -2.6499319076538086 3.0382919311523438 -3.34206485748291
v -2.80255389213562 3.0242249965667725 -3.294510841369629
v -2.8968820571899414 2.987396001815796 -3.1700148582458496
v -2.8968820571899414 2.9418740272521973 -3.0161287784576416
v -2.80255389213562 2.9050450325012207 -2.8916327953338623
v -2.6499319076538086 2.890976905822754 -2.8440797328948975
v -1.2312419414520264 6.696370601654053 -3.0847666263580322
v -1.6278610229492188 6.696370601654053 -3.0847666263580322
v -1.6278610229492188 7.639675617218018 -2.9794554710388184
v -1.6278610229492188 2.6088829040527344 -2.989086866378784
v -1.6278610229492188 3.552187919616699 -3.0847668647766113
v -1.2312419414520264 3.552187919616699 -3.0847668647766113
v 1.6278610229492188 6.696370601654053 -3.0847675800323486
v 1.2312419414520264 6.696370601654053 -3.0847675800323486
v 1.6278610229492188 7.639675617218018 -2.989086627960205
v 1.6278610229492188 2.6088829040527344 -2.989086866378784
v 1.2312419414520264 3.552187919616699 -3.0847678184509277
v 1.6278610229492188 3.552187919616699 -3.0847678184509277
v -1.2312419414520264 6.06758451461792 -3.1535675525665283
v 1.2312419414520264 6.06758451461792 -3.1535675525665283
v 1.2312419414520264 5.43867301940918 -3.1811676025390625
v -1.2312419414520264 5.43867301940918 -3.1811676025390625
v -1.2312419414520264 4.8098859786987305 -3.1811678409576416
v 1.2312419414520264 4.8098859786987305 -3.1811678409576416
v 1.2312419414520264 4.180974006652832 -3.1535677909851074
v -1.2312419414520264 4.180974006652832 -3.1535677909851074
v -1.6278610229492188 4.180974006652832 -3.1535677909851074
v -1.6278610229492188 4.8098859786987305 -3.1811678409576416
v -1.6278610229492188 5.43867301940918 -3.1811676025390625
v -1.6278610229492188 6.06758451461792 -3.1535675525665283
v 1.6278610229492188 6.06758451461792 -3.1535675525665283
v 1.6278610229492188 5.43867301940918 -3.1811676025390625
v 1.6278610229492188 4.8098859786987305 -3.1811678409576416
v 1.6278610229492188 4.180974006652832 -3.1535677909851074
v -1.6278610229492188 4.8098859786987305 -3.1811678409576416
v -1.6278610229492188 5.124278545379639 -0.7338887453079224
v -1.6278610229492188 5.43867301940918 -3.1811676025390625
v -1.6278610229492188 6.381977558135986 -0.7195927500724792
v -1.6278610229492188 6.696370601654053 -3.0847666263580322
v -1.6278610229492188 6.06758451461792 -3.1535675525665283
v -1.6278610229492188 3.8665807247161865 -0.719592809677124
v -1.6278610229492188 4.180974006652832 -3.1535677909851074
v -1.6278610229492188 3.552187919616699 -3.0847668647766113
v -1.6278610229492188 2.6088829040527344 -2.989086866378784
v -1.6278610229492188 2.6088826656341553 -0.6987859010696411
v -1.6278610229492188 7.639675617218018 -0.6987857222557068
v -1.6278610229492188 7.639675617218018 -2.9794554710388184
v -2.1925110816955566 9.495369911193848 -0.7172446250915527
v -2.1925110816955566 9.83238697052002 0.9037503004074097
v -2.1925110816955566 10.220587730407715 0.3417733311653137
v 2.1925110816955566 9.83238697052002 0.9037503004074097
v 2.1925110816955566 9.495369911193848 -0.7172446250915527
v 2.1925110816955566 10.220587730407715 0.3417733311653137
v -2.1925110816955566 9.83238697052002 0.9037503004074097
v -1.0961459875106812 8.55659294128418 0.38424426317214966
v -1.0961459875106812 10.206099510192871 0.9037503004074097
v 1.0961459875106812 10.206099510192871 0.9037503004074097
v 1.0961459875106812 8.55659294128418 0.38424426317214966
v 2.1925110816955566 9.83238697052002 0.9037503004074097
v 4.722868919372559 7.992820739746094 0.565737247467041
v 4.808973789215088 8.017955780029297 0.4499182403087616
v 4.583547115325928 8.187492370605469 0.4117632806301117
v 4.808973789215088 8.017955780029297 0.4499182403087616
v 4.808973789215088 8.049027442932129 0.3067592680454254
v 4.583547115325928 8.187492370605469 0.4117632806301117
v 4.808973789215088 8.049027442932129 0.3067592680454254
v 4.722867965698242 8.074163436889648 0.19094127416610718
v 4.583547115325928 8.187492370605469 0.4117632806301117
v 4.722867965698242 8.074163436889648 0.19094127416610718
v 4.583546161651611 8.083765029907227 0.14670227468013763
v 4.583547115325928 8.187492370605469 0.4117632806301117
v 4.583546161651611 8.083765029907227 0.14670227468013763
v 4.444223880767822 8.074165344238281 0.19094127416610718
v 4.583547115325928 8.187492370605469 0.4117632806301117
v 4.444223880767822 8.074165344238281 0.19094127416610718
v 4.358118057250977 8.049028396606445 0.3067592680454254
v 4.583547115325928 8.187492370605469 0.4117632806301117
v 4.358118057250977 8.049028396606445 0.3067592680454254
v 4.358118057250977 8.01795768737793 0.4499192237854004
v 4.583547115325928 8.187492370605469 0.4117632806301117
v 4.358118057250977 8.01795768737793 0.4499192237854004
v 4.444223880767822 7.992820739746094 0.565737247467041
v 4.583547115325928 8.187492370605469 0.4117632806301117
v 4.444223880767822 7.992820739746094 0.565737247467041
v 4.583548069000244 7.983217716217041 0.6099752187728882
v 4.583547115325928 8.187492370605469 0.4117632806301117
v 4.583548069000244 7.983217716217041 0.6099752187728882
v 4.722868919372559 7.992820739746094 0.565737247467041
v 4.583547115325928 8.187492370605469 0.4117632806301117
v 4.583547115325928 0.449381023645401 -1.2676959037780762
v 4.051386833190918 0.48605501651763916 -1.4366708993911743
v 4.254652976989746 0.5453940033912659 -1.7100778818130493
v 4.583547115325928 0.449381023645401 -1.2676959037780762
v 4.051386833190918 0.41270700097084045 -1.098720908164978
v 4.051386833190918 0.48605501651763916 -1.4366708993911743
v 4.254654884338379 0.35336700081825256 -0.8253129124641418
v 4.583547115325928 0.330702006816864 -0.720880925655365
v 4.254654884338379 0.35336700081825256 -0.8253129124641418
v 4.912439823150635 0.35336801409721375 -0.8253129124641418
v 4.583547115325928 0.330702006816864 -0.720880925655365
v 4.583547115325928 0.449381023645401 -1.2676959037780762
v 5.115706920623779 0.41270700097084045 -1.098720908164978
v 4.912439823150635 0.35336801409721375 -0.8253129124641418
v 4.583547115325928 0.449381023645401 -1.2676959037780762
v 5.115705966949463 0.48605501651763916 -1.4366708993911743
v 5.115706920623779 0.41270700097084045 -1.098720908164978
v 4.912438869476318 0.545395016670227 -1.7100778818130493
v 4.583547115325928 0.5680599808692932 -1.8145108222961426
v 4.912438869476318 0.545395016670227 -1.7100778818130493
v 4.254652976989746 0.5453940033912659 -1.7100778818130493
v 2.649930953979492 4.361319541931152 3.1602189540863037
v 2.186753988265991 4.361319541931152 3.245703935623169
v 2.4873270988464355 4.361319541931152 3.384023904800415
v 2.649930953979492 4.361319541931152 3.1602189540863037
v 2.186753988265991 4.361319541931152 3.074733018875122
v 2.186753988265991 4.361319541931152 3.245703935623169
v 2.4873270988464355 4.361319541931152 2.9364140033721924
v 2.649930953979492 4.361319541931152 3.1602189540863037
v 2.6499319076538086 4.361319541931152 2.883579969406128
v 2.4873270988464355 4.361319541931152 2.9364140033721924
v 2.812535047531128 4.361319541931152 2.9364140033721924
v 2.6499319076538086 4.361319541931152 2.883579969406128
v 2.649930953979492 4.361319541931152 3.1602189540863037
v 3.1107449531555176 4.361319541931152 3.074733018875122
v 2.812535047531128 4.361319541931152 2.9364140033721924
v 3.1107449531555176 4.361319541931152 3.2457048892974854
v 3.1107449531555176 4.361319541931152 3.074733018875122
v 2.812535047531128 4.361319541931152 3.384023904800415
v 2.6499319076538086 4.361319541931152 3.4368579387664795
v 2.4873270988464355 4.361319541931152 3.384023904800415
v 2.6499319076538086 4.361319541931152 3.4368579387664795
v -4.722868919372559 7.992820739746094 0.565737247467041
v -4.583547115325928 8.187492370605469 0.4117632806301117
v -4.808973789215088 8.017955780029297 0.4499192237854004
v -4.808973789215088 8.017955780029297 0.4499192237854004
v -4.583547115325928 8.187492370605469 0.4117632806301117
v -4.808973789215088 8.049027442932129 0.3067602813243866
v -4.808973789215088 8.049027442932129 0.3067602813243866
v -4.583547115325928 8.187492370605469 0.4117632806301117
v -4.722867965698242 8.074163436889648 0.19094127416610718
v -4.722867965698242 8.074163436889648 0.19094127416610718
v -4.583547115325928 8.187492370605469 0.4117632806301117
v -4.583546161651611 8.083765029907227 0.14670227468013763
v -4.583546161651611 8.083765029907227 0.14670227468013763
v -4.583547115325928 8.187492370605469 0.4117632806301117
v -4.444223880767822 8.074165344238281 0.19094227254390717
v -4.444223880767822 8.074165344238281 0.19094227254390717
v -4.583547115325928 8.187492370605469 0.4117632806301117
v -4.358118057250977 8.049028396606445 0.3067602813243866
v -4.358118057250977 8.049028396606445 0.3067602813243866
v -4.583547115325928 8.187492370605469 0.4117632806301117
v -4.358118057250977 8.01795768737793 0.4499192237854004
v -4.358118057250977 8.01795768737793 0.4499192237854004
v -4.583547115325928 8.187492370605469 0.4117632806301117
v -4.444222927093506 7.992820739746094 0.565737247467041
v -4.444222927093506 7.992820739746094 0.565737247467041
v -4.583547115325928 8.187492370605469 0.4117632806301117
v -4.5835490226745605 7.983217716217041 0.6099762320518494
v -4.5835490226745605 7.983217716217041 0.6099762320518494
v -4.583547115325928 8.187492370605469 0.4117632806301117
v -4.722868919372559 7.992820739746094 0.565737247467041
v -4.583547115325928 0.449381023645401 -1.2676948308944702
v -4.254652976989746 0.5453940033912659 -1.7100778818130493
v -4.051386833190918 0.48605501651763916 -1.4366708993911743
v -4.583547115325928 0.449381023645401 -1.2676948308944702
v -4.051386833190918 0.48605501651763916 -1.4366708993911743
v -4.051386833190918 0.41270700097084045 -1.098720908164978
v -4.583547115325928 0.449381023645401 -1.2676948308944702
v -4.051386833190918 0.41270700097084045 -1.098720908164978
v -4.254654884338379 0.35336700081825256 -0.8253129124641418
v -4.583547115325928 0.449381023645401 -1.2676948308944702
v -4.254654884338379 0.35336700081825256 -0.8253129124641418
v -4.583547115325928 0.330702006816864 -0.720880925655365
v -4.583547115325928 0.330702006816864 -0.720880925655365
v -4.912439823150635 0.35336801409721375 -0.8253129124641418
v -4.583547115325928 0.449381023645401 -1.2676948308944702
v -4.912439823150635 0.35336801409721375 -0.8253129124641418
v -5.115706920623779 0.41270700097084045 -1.098720908164978
v -4.583547115325928 0.449381023645401 -1.2676948308944702
v -5.115706920623779 0.41270700097084045 -1.098720908164978
v -5.115705966949463 0.48605501651763916 -1.4366708993911743
v -4.912438869476318 0.545395016670227 -1.7100778818130493
v -4.912438869476318 0.545395016670227 -1.7100778818130493
v -4.583547115325928 0.5680599808692932 -1.8145108222961426
v -4.254652976989746 0.5453940033912659 -1.7100778818130493
v -2.649930953979492 4.361319541931152 3.1602189540863037
v -2.4873270988464355 4.361319541931152 3.384023904800415
v -2.186753988265991 4.361319541931152 3.2457048892974854
v -2.186753988265991 4.361319541931152 3.074733018875122
v -2.649930953979492 4.361319541931152 3.1602189540863037
v -2.186753988265991 4.361319541931152 3.074733018875122
v -2.4873270988464355 4.361319541931152 2.9364140033721924
v -2.4873270988464355 4.361319541931152 2.9364140033721924
v -2.649930953979492 4.361319541931152 2.8835809230804443
v -2.812535047531128 4.361319541931152 2.9364140033721924
v -2.649930953979492 4.361319541931152 3.1602189540863037
v -2.812535047531128 4.361319541931152 2.9364140033721924
v -3.1107449531555176 4.361319541931152 3.0747339725494385
v -3.1107449531555176 4.361319541931152 3.0747339725494385
v -3.1107449531555176 4.361319541931152 3.245706081390381
v -2.649930953979492 4.361319541931152 3.1602189540863037
v -3.1107449531555176 4.361319541931152 3.245706081390381
v -2.8125340938568115 4.361319541931152 3.384023904800415
v -2.8125340938568115 4.361319541931152 3.384023904800415
v -2.649930953979492 4.361319541931152 3.4368579387664795
v -1.7840180397033691 7.542583465576172 -0.7172446846961975
v -1.7840180397033691 6.909701347351074 -0.7172446846961975
v -1.7840180397033691 6.909697532653809 0.7327351570129395
v -1.7840180397033691 7.542579650878906 0.7327352166175842
v 1.7840180397033691 6.909701347351074 -0.7172446846961975
v 1.7840180397033691 7.542583465576172 -0.7172446846961975
v 1.7840180397033691 7.542579650878906 0.7327352166175842
v 1.7840180397033691 6.909697532653809 0.7327351570129395
v -2.1925110816955566 6.182939529418945 -0.7378937602043152
v -2.1925110816955566 6.1829376220703125 0.7120862007141113
v -1.7840180397033691 6.909697532653809 0.7327351570129395
v -1.7840180397033691 6.909701347351074 -0.7172446846961975
v 1.7840180397033691 6.909701347351074 -0.7172446846961975
v 1.7840180397033691 6.909697532653809 0.7327351570129395
v 2.1925110816955566 6.1829376220703125 0.7120862007141113
v 2.1925110816955566 6.182939529418945 -0.7378937602043152
v 2.1925110816955566 8.36620044708252 -0.7172446250915527
v 2.1925110816955566 7.8653883934021 0.7327352166175842
v 1.7840180397033691 7.542579650878906 0.7327352166175842
v 1.7840180397033691 7.542583465576172 -0.7172446846961975
v -1.7840180397033691 7.542583465576172 -0.7172446846961975
v -1.7840180397033691 7.542579650878906 0.7327352166175842
v -2.1925110816955566 7.8653883934021 0.7327352166175842
v -2.1925110816955566 8.36620044708252 -0.7172446250915527
v -2.1925110816955566 10.220587730407715 0.3417733311653137
v -2.1925110816955566 9.83238697052002 0.9037503004074097
v -1.0961459875106812 10.206099510192871 0.9037503004074097
v -1.0961459875106812 10.594300270080566 0.3417733311653137
v -1.0961459875106812 0.8823720216751099 -0.7229719161987305
v -1.0961459875106812 0.8823719620704651 0.7271810173988342
v -2.1925110816955566 1.5732688903808594 0.7090979814529419
v -2.1925110816955566 1.5732688903808594 -0.7412759065628052
v -1.0284899473190308 10.747859001159668 -0.3549666106700897
v -1.0284899473190308 10.129420280456543 -1.0080286264419556
v -2.0571160316467285 10.066065788269043 -0.9911245703697205
v -2.0571160316467285 10.513283729553223 -0.3380626142024994
v -1.7840180397033691 6.909701347351074 -0.7172446846961975
v -1.7840180397033691 7.542583465576172 -0.7172446846961975
v -1.0961459875106812 7.542583465576172 -1.126875638961792
v -1.0961459875106812 6.909701347351074 -1.126875638961792
v -1.0961459875106812 6.909697532653809 0.3842442035675049
v -1.0961459875106812 7.542579650878906 0.38424423336982727
v -1.7840180397033691 7.542579650878906 0.7327352166175842
v -1.7840180397033691 6.909697532653809 0.7327351570129395
v -2.1925110816955566 6.1829376220703125 0.7120862007141113
v -1.0961459875106812 6.1829376220703125 0.37603917717933655
v -1.0961459875106812 6.909697532653809 0.3842442035675049
v -1.7840180397033691 6.909697532653809 0.7327351570129395
v -1.0961459875106812 6.182939529418945 -1.1359597444534302
v -2.1925110816955566 6.182939529418945 -0.7378937602043152
v -1.7840180397033691 6.909701347351074 -0.7172446846961975
v -1.0961459875106812 6.909701347351074 -1.126875638961792
v -1.0961459875106812 7.542583465576172 -1.126875638961792
v -1.7840180397033691 7.542583465576172 -0.7172446846961975
v -2.1925110816955566 8.36620044708252 -0.7172446250915527
v -1.0961459875106812 8.36620044708252 -1.126875638961792
v -1.7840180397033691 7.542579650878906 0.7327352166175842
v -1.0961459875106812 7.542579650878906 0.38424423336982727
v -1.0961459875106812 7.8653883934021 0.38424423336982727
v -2.1925110816955566 7.8653883934021 0.7327352166175842
v 1.7840180397033691 7.542583465576172 -0.7172446846961975
v 1.0961459875106812 7.542583465576172 -1.126875638961792
v 1.0961459875106812 8.36620044708252 -1.126875638961792
v 2.1925110816955566 8.36620044708252 -0.7172446250915527
v 1.0961459875106812 6.909701347351074 -1.126875638961792
v 1.0961459875106812 7.542583465576172 -1.126875638961792
v 1.7840180397033691 7.542583465576172 -0.7172446846961975
v 1.7840180397033691 6.909701347351074 -0.7172446846961975
v 2.1925110816955566 6.182939529418945 -0.7378937602043152
v 1.0961459875106812 6.182939529418945 -1.1359597444534302
v 1.0961459875106812 6.909701347351074 -1.126875638961792
v 1.7840180397033691 6.909701347351074 -0.7172446846961975
v 2.1925110816955566 1.5732688903808594 -0.7412759065628052
v 2.1925110816955566 1.5732688903808594 0.7090979814529419
v 1.0961459875106812 0.8823719620704651 0.7271810173988342
v 1.0961459875106812 0.8823720216751099 -0.7229719161987305
v 1.0961459875106812 6.909697532653809 0.3842442035675049
v 1.0961459875106812 6.1829376220703125 0.37603917717933655
v 2.1925110816955566 6.1829376220703125 0.7120862007141113
v 1.7840180397033691 6.909697532653809 0.7327351570129395
v 1.7840180397033691 6.909697532653809 0.7327351570129395
v 1.7840180397033691 7.542579650878906 0.7327352166175842
v 1.0961459875106812 7.542579650878906 0.38424423336982727
v 1.0961459875106812 6.909697532653809 0.3842442035675049
v 1.0961459875106812 7.8653883934021 0.38424423336982727
v 1.0961459875106812 7.542579650878906 0.38424423336982727
v 1.7840180397033691 7.542579650878906 0.7327352166175842
v 2.1925110816955566 7.8653883934021 0.7327352166175842
v 1.0961459875106812 10.594300270080566 0.3417733311653137
v 1.0961459875106812 10.206099510192871 0.9037503004074097
v 2.1925110816955566 9.83238697052002 0.9037503004074097
v 2.1925110816955566 10.220587730407715 0.3417733311653137
v 2.0571160316467285 10.06606388092041 -0.9911245703697205
v 1.0284899473190308 10.129420280456543 -1.0080286264419556
v 1.0284899473190308 10.747859001159668 -0.3549676239490509
v 2.0571160316467285 10.51328182220459 -0.3380635976791382
v -1.0961459875106812 8.36620044708252 -1.126875638961792
v -2.1925110816955566 8.36620044708252 -0.7172446250915527
v -2.1925110816955566 9.495369911193848 -0.7172446250915527
v -1.0961459875106812 9.59142780303955 -0.8319116234779358
v 2.1925110816955566 8.36620044708252 -0.7172446250915527
v 1.0961459875106812 8.36620044708252 -1.126875638961792
v 1.0961459875106812 9.59142780303955 -0.8319116234779358
v 2.1925110816955566 9.495369911193848 -0.7172446250915527
v 2.1925110816955566 9.495369911193848 -0.7172446250915527
v 2.1925110816955566 9.83238697052002 0.9037503004074097
v 2.1925110816955566 7.8653883934021 0.7327352166175842
v 2.1925110816955566 8.36620044708252 -0.7172446250915527
v 1.0961459875106812 8.55659294128418 0.38424426317214966
v 1.0961459875106812 7.8653883934021 0.38424423336982727
v 2.1925110816955566 7.8653883934021 0.7327352166175842
v 2.1925110816955566 9.83238697052002 0.9037503004074097
v -2.1925110816955566 7.8653883934021 0.7327352166175842
v -1.0961459875106812 7.8653883934021 0.38424423336982727
v -1.0961459875106812 8.55659294128418 0.38424426317214966
v -2.1925110816955566 9.83238697052002 0.9037503004074097
v -2.1925110816955566 8.36620044708252 -0.7172446250915527
v -2.1925110816955566 7.8653883934021 0.7327352166175842
v -2.1925110816955566 9.83238697052002 0.9037503004074097
v -2.1925110816955566 9.495369911193848 -0.7172446250915527
v -2.1925110816955566 1.5732688903808594 -0.7412759065628052
v -2.1925110816955566 1.5732688903808594 0.7090979814529419
v -2.1925110816955566 3.878103733062744 0.5767921209335327
v -2.1925110816955566 3.8781046867370605 -0.8731878399848938
v -2.1925110816955566 1.5732688903808594 0.7090979814529419
v -1.0961459875106812 0.8823719620704651 0.7271810173988342
v -1.0961459875106812 3.5326547622680664 0.40254607796669006
v -2.1925110816955566 3.878103733062744 0.5767921209335327
v 2.1925110816955566 3.878103733062744 0.5767921209335327
v 1.0961459875106812 3.5326547622680664 0.40254607796669006
v 1.0961459875106812 0.8823719620704651 0.7271810173988342
v 2.1925110816955566 1.5732688903808594 0.7090979814529419
v 2.1925110816955566 3.8781046867370605 -0.8731887936592102
v 2.1925110816955566 3.878103733062744 0.5767921209335327
v 2.1925110816955566 1.5732688903808594 0.7090979814529419
v 2.1925110816955566 1.5732688903808594 -0.7412759065628052
v 2.1925110816955566 1.5732688903808594 -0.7412759065628052
v 1.0961459875106812 0.8823720216751099 -0.7229719161987305
v 1.0961459875106812 3.532655715942383 -1.2828187942504883
v 2.1925110816955566 3.8781046867370605 -0.8731887936592102
v -1.0961459875106812 0.8823720216751099 -0.7229719161987305
v -2.1925110816955566 1.5732688903808594 -0.7412759065628052
v -2.1925110816955566 3.8781046867370605 -0.8731878399848938
v -1.0961459875106812 3.532655715942383 -1.2828187942504883
v -1.0961459875106812 9.59142780303955 -0.8319116234779358
v -2.1925110816955566 9.495369911193848 -0.7172446250915527
v -2.0571160316467285 10.066065788269043 -0.9911245703697205
v -1.0284899473190308 10.129420280456543 -1.0080286264419556
v -2.1925110816955566 9.495369911193848 -0.7172446250915527
v -2.1925110816955566 10.220587730407715 0.3417733311653137
v -2.0571160316467285 10.513283729553223 -0.3380626142024994
v -2.0571160316467285 10.066065788269043 -0.9911245703697205
v -2.1925110816955566 10.220587730407715 0.3417733311653137
v -1.0961459875106812 10.594300270080566 0.3417733311653137
v -1.0284899473190308 10.747859001159668 -0.3549666106700897
v -2.0571160316467285 10.513283729553223 -0.3380626142024994
v 2.1925110816955566 9.495369911193848 -0.7172446250915527
v 1.0961459875106812 9.59142780303955 -0.8319116234779358
v 1.0284899473190308 10.129420280456543 -1.0080286264419556
v 2.0571160316467285 10.06606388092041 -0.9911245703697205
v 1.0961459875106812 10.594300270080566 0.3417733311653137
v 2.1925110816955566 10.220587730407715 0.3417733311653137
v 2.0571160316467285 10.51328182220459 -0.3380635976791382
v 1.0284899473190308 10.747859001159668 -0.3549676239490509
v 2.1925110816955566 10.220587730407715 0.3417733311653137
v 2.1925110816955566 9.495369911193848 -0.7172446250915527
v 2.0571160316467285 10.06606388092041 -0.9911245703697205
v 2.0571160316467285 10.51328182220459 -0.3380635976791382
v -2.1925110816955566 3.8781046867370605 -0.8731878399848938
v -2.1925110816955566 3.878103733062744 0.5767921209335327
v -2.1925110816955566 6.1829376220703125 0.7120862007141113
v -2.1925110816955566 6.182939529418945 -0.7378937602043152
v -1.0961459875106812 3.532655715942383 -1.2828187942504883
v -2.1925110816955566 3.8781046867370605 -0.8731878399848938
v -2.1925110816955566 6.182939529418945 -0.7378937602043152
v -1.0961459875106812 6.182939529418945 -1.1359597444534302
v 2.1925110816955566 3.8781046867370605 -0.8731887936592102
v 1.0961459875106812 3.532655715942383 -1.2828187942504883
v 1.0961459875106812 6.182939529418945 -1.1359597444534302
v 2.1925110816955566 6.182939529418945 -0.7378937602043152
v 2.1925110816955566 6.182939529418945 -0.7378937602043152
v 2.1925110816955566 6.1829376220703125 0.7120862007141113
v 2.1925110816955566 6.1829376220703125 0.7120862007141113
v 1.0961459875106812 6.1829376220703125 0.37603917717933655
v 1.0961459875106812 3.5326547622680664 0.40254607796669006
v 2.1925110816955566 3.878103733062744 0.5767921209335327
v -2.1925110816955566 3.878103733062744 0.5767921209335327
v -1.0961459875106812 3.5326547622680664 0.40254607796669006
v -1.0961459875106812 6.1829376220703125 0.37603917717933655
v -2.1925110816955566 6.1829376220703125 0.7120862007141113
v 5.493195056915283 6.05076265335083 1.2291841506958008
v 5.390865802764893 6.554347515106201 1.1943581104278564
v 4.583548069000244 6.498712539672852 1.4507040977478027
v 4.583548069000244 5.9880757331848145 1.5180211067199707
v 5.390865802764893 6.554347515106201 1.1943581104278564
v 5.143824100494385 6.950994491577148 0.932505190372467
v 4.583548069000244 6.91238260269165 1.110408067703247
v 4.583548069000244 6.498712539672852 1.4507040977478027
v 5.143824100494385 6.950994491577148 0.932505190372467
v 5.390865802764893 6.554347515106201 1.1943581104278564
v 5.889815807342529 6.700006484985352 0.5232371687889099
v 5.490094184875488 7.05208158493042 0.4667492210865021
v 5.390865802764893 6.554347515106201 1.1943581104278564
v 5.493195056915283 6.05076265335083 1.2291841506958008
v 6.055386066436768 6.214883327484131 0.47299718856811523
v 5.889815807342529 6.700006484985352 0.5232371687889099
v 5.490094184875488 7.05208158493042 0.4667492210865021
v 5.889815807342529 6.700006484985352 0.5232371687889099
v 5.889815807342529 6.8800506591796875 -0.30631473660469055
v 5.490094184875488 7.177031517028809 -0.10895774513483047
v 5.889815807342529 6.700006484985352 0.5232371687889099
v 6.055386066436768 6.214883327484131 0.47299718856811523
v 6.055386066436768 6.417747497558594 -0.46170076727867126
v 5.889815807342529 6.8800506591796875 -0.30631473660469055
v 5.490094184875488 7.177031517028809 -0.10895774513483047
v 5.889815807342529 6.8800506591796875 -0.30631473660469055
v 5.39086389541626 7.0257086753845215 -0.9774367213249207
v 5.143824100494385 7.278117656707764 -0.5747137069702148
v 5.889815807342529 6.8800506591796875 -0.30631473660469055
v 6.055386066436768 6.417747497558594 -0.46170076727867126
v 5.49319314956665 6.581869602203369 -1.2178877592086792
v 5.39086389541626 7.0257086753845215 -0.9774367213249207
v 5.143824100494385 7.278117656707764 -0.5747137069702148
v 5.39086389541626 7.0257086753845215 -0.9774367213249207
v 4.583547115325928 7.081345558166504 -1.2337816953659058
v 4.583547115325928 7.316729545593262 -0.7526167035102844
v 5.39086389541626 7.0257086753845215 -0.9774367213249207
v 5.49319314956665 6.581869602203369 -1.2178877592086792
v 4.583547115325928 6.644556522369385 -1.5067245960235596
v 4.583547115325928 7.081345558166504 -1.2337816953659058
v 4.583547115325928 7.316729545593262 -0.7526167035102844
v 4.583547115325928 7.081345558166504 -1.2337816953659058
v 3.7762279510498047 7.0257086753845215 -0.9774357080459595
v 4.023270130157471 7.278117656707764 -0.5747137069702148
v 4.583547115325928 7.081345558166504 -1.2337816953659058
v 4.583547115325928 6.644556522369385 -1.5067245960235596
v 3.6738998889923096 6.581869602203369 -1.2178877592086792
v 3.7762279510498047 7.0257086753845215 -0.9774357080459595
v 4.023270130157471 7.278117656707764 -0.5747137069702148
v 3.7762279510498047 7.0257086753845215 -0.9774357080459595
v 3.277277946472168 6.8800506591796875 -0.30631473660469055
v 3.677000045776367 7.177031517028809 -0.10895774513483047
v 3.7762279510498047 7.0257086753845215 -0.9774357080459595
v 3.6738998889923096 6.581869602203369 -1.2178877592086792
v 3.111707925796509 6.417747497558594 -0.46170076727867126
v 3.277277946472168 6.8800506591796875 -0.30631473660469055
v 3.677000045776367 7.177031517028809 -0.10895774513483047
v 3.277277946472168 6.8800506591796875 -0.30631473660469055
v 3.277277946472168 6.700006484985352 0.5232371687889099
v 3.677000045776367 7.05208158493042 0.4667492210865021
v 3.277277946472168 6.8800506591796875 -0.30631473660469055
v 3.111707925796509 6.417747497558594 -0.46170076727867126
v 3.111707925796509 6.214883327484131 0.47299718856811523
v 3.277277946472168 6.700006484985352 0.5232371687889099
v 3.677000045776367 7.05208158493042 0.4667492210865021
v 3.277277946472168 6.700006484985352 0.5232371687889099
v 3.776228904724121 6.554348468780518 1.1943581104278564
v 4.023270130157471 6.950994491577148 0.932505190372467
v 3.277277946472168 6.700006484985352 0.5232371687889099
v 3.111707925796509 6.214883327484131 0.47299718856811523
v 3.673901081085205 6.05076265335083 1.2291830778121948
v 3.776228904724121 6.554348468780518 1.1943581104278564
v 4.023270130157471 6.950994491577148 0.932505190372467
v 3.776228904724121 6.554348468780518 1.1943581104278564
v 4.583548069000244 6.498712539672852 1.4507040977478027
v 4.583548069000244 6.91238260269165 1.110408067703247
v 3.776228904724121 6.554348468780518 1.1943581104278564
v 3.673901081085205 6.05076265335083 1.2291830778121948
v 4.583548069000244 5.9880757331848145 1.5180211067199707
v 4.583548069000244 6.498712539672852 1.4507040977478027
v 6.212406158447266 1.9600489139556885 -0.3982539176940918
v 5.590238094329834 1.778419852256775 0.4386040270328522
v 5.375669002532959 1.5779598951339722 0.0928940549492836
v 5.865228176116943 1.720875859260559 -0.5655948519706726
v 6.212406158447266 2.184556007385254 -1.432667851448059
v 6.212406158447266 1.9600489139556885 -0.3982539176940918
v 5.865228176116943 1.720875859260559 -0.5655948519706726
v 5.865227222442627 1.8975309133529663 -1.3795318603515625
v 5.590237140655518 2.366184949874878 -2.2695257663726807
v 6.212406158447266 2.184556007385254 -1.432667851448059
v 5.865227222442627 1.8975309133529663 -1.3795318603515625
v 5.375668048858643 2.040447950363159 -2.0380208492279053
v 4.583547115325928 2.435560941696167 -2.5891778469085693
v 5.590237140655518 2.366184949874878 -2.2695257663726807
v 5.375668048858643 2.040447950363159 -2.0380208492279053
v 4.583547115325928 2.0950369834899902 -2.2895407676696777
v 3.576857089996338 2.366184949874878 -2.2695257663726807
v 4.583547115325928 2.435560941696167 -2.5891778469085693
v 4.583547115325928 2.0950369834899902 -2.2895407676696777
v 3.791424036026001 2.040447950363159 -2.0380208492279053
v 2.95468807220459 2.1845550537109375 -1.432667851448059
v 3.576857089996338 2.366184949874878 -2.2695257663726807
v 3.791424036026001 2.040447950363159 -2.0380208492279053
v 3.301866054534912 1.8975309133529663 -1.3795318603515625
v 2.95468807220459 1.9600489139556885 -0.3982539176940918
v 2.95468807220459 2.1845550537109375 -1.432667851448059
v 3.301866054534912 1.8975309133529663 -1.3795318603515625
v 3.301866054534912 1.720875859260559 -0.5655948519706726
v 3.576857089996338 1.778419852256775 0.4386040270328522
v 2.95468807220459 1.9600489139556885 -0.3982539176940918
v 3.301866054534912 1.720875859260559 -0.5655948519706726
v 3.7914249897003174 1.5779598951339722 0.0928940549492836
v 4.583547115325928 1.7090438604354858 0.7582550048828125
v 3.576857089996338 1.778419852256775 0.4386040270328522
v 3.7914249897003174 1.5779598951339722 0.0928940549492836
v 4.583548069000244 1.5233708620071411 0.34441402554512024
v 5.590238094329834 1.778419852256775 0.4386040270328522
v 4.583547115325928 1.7090438604354858 0.7582550048828125
v 4.583548069000244 1.5233708620071411 0.34441402554512024
v 5.375669002532959 1.5779598951339722 0.0928940549492836
v 5.865228176116943 1.720875859260559 -0.5655948519706726
v 5.375669002532959 1.5779598951339722 0.0928940549492836
v 5.14277982711792 0.8799679279327393 -0.3866039514541626
v 5.488406181335449 0.980866014957428 -0.8514929413795471
v 5.865227222442627 1.8975309133529663 -1.3795318603515625
v 5.865228176116943 1.720875859260559 -0.5655948519706726
v 5.488406181335449 0.980866014957428 -0.8514929413795471
v 5.488405227661133 1.1055829524993896 -1.4261268377304077
v 5.375668048858643 2.040447950363159 -2.0380208492279053
v 5.865227222442627 1.8975309133529663 -1.3795318603515625
v 5.488405227661133 1.1055829524993896 -1.4261268377304077
v 5.14277982711792 1.2064809799194336 -1.891015887260437
v 4.583547115325928 2.0950369834899902 -2.2895407676696777
v 5.375668048858643 2.040447950363159 -2.0380208492279053
v 5.14277982711792 1.2064809799194336 -1.891015887260437
v 4.583547115325928 1.2450209856033325 -2.068586826324463
v 3.791424036026001 2.040447950363159 -2.0380208492279053
v 4.583547115325928 2.0950369834899902 -2.2895407676696777
v 4.583547115325928 1.2450209856033325 -2.068586826324463
v 4.024312973022461 1.2064809799194336 -1.891015887260437
v 3.301866054534912 1.8975309133529663 -1.3795318603515625
v 3.791424036026001 2.040447950363159 -2.0380208492279053
v 4.024312973022461 1.2064809799194336 -1.891015887260437
v 3.6786880493164062 1.1055829524993896 -1.4261268377304077
v 3.301866054534912 1.720875859260559 -0.5655948519706726
v 3.301866054534912 1.8975309133529663 -1.3795318603515625
v 3.6786880493164062 1.1055829524993896 -1.4261268377304077
v 3.6786880493164062 0.980866014957428 -0.8514929413795471
v 3.7914249897003174 1.5779598951339722 0.0928940549492836
v 3.301866054534912 1.720875859260559 -0.5655948519706726
v 3.6786880493164062 0.980866014957428 -0.8514929413795471
v 4.024312973022461 0.8799679279327393 -0.3866039514541626
v 4.583548069000244 1.5233708620071411 0.34441402554512024
v 3.7914249897003174 1.5779598951339722 0.0928940549492836
v 4.024312973022461 0.8799679279327393 -0.3866039514541626
v 4.583548069000244 0.8414279222488403 -0.20903195440769196
v 5.375669002532959 1.5779598951339722 0.0928940549492836
v 4.583548069000244 1.5233708620071411 0.34441402554512024
v 4.583548069000244 0.8414279222488403 -0.20903195440769196
v 5.14277982711792 0.8799679279327393 -0.3866039514541626
v 3.584192991256714 1.045657992362976 -1.4705508947372437
v 3.965912103652954 1.1570930480957031 -1.9839879274368286
v 4.064443111419678 0.3388570547103882 -2.0228018760681152
v 3.743619918823242 0.2451990395784378 -1.5912728309631348
v 3.584192991256714 0.9079170227050781 -0.8359069228172302
v 3.584192991256714 1.045657992362976 -1.4705508947372437
v 3.743619918823242 0.2451990395784378 -1.5912728309631348
v 3.743619918823242 0.12943202257156372 -1.0578738451004028
v 3.965912103652954 0.7964819669723511 -0.32246893644332886
v 3.584192991256714 0.9079170227050781 -0.8359069228172302
v 3.743619918823242 0.12943202257156372 -1.0578738451004028
v 4.064444065093994 0.03577401861548424 -0.6263449192047119
v 4.583548069000244 0.753917932510376 -0.12635396420955658
v 3.965912103652954 0.7964819669723511 -0.32246893644332886
v 4.064444065093994 0.03577401861548424 -0.6263449192047119
v 4.583548069000244 1.579701880416451e-8 -0.46151596307754517
v 5.201180934906006 0.7964819669723511 -0.32246893644332886
v 4.583548069000244 0.753917932510376 -0.12635396420955658
v 4.583548069000244 1.579701880416451e-8 -0.46151596307754517
v 5.102651119232178 0.03577401861548424 -0.6263449192047119
v 5.582900047302246 0.9079170227050781 -0.8359069228172302
v 5.201180934906006 0.7964819669723511 -0.32246893644332886
v 5.102651119232178 0.03577401861548424 -0.6263449192047119
v 5.423473834991455 0.12943202257156372 -1.0578738451004028
v 5.582900047302246 1.045657992362976 -1.4705508947372437
v 5.582900047302246 0.9079170227050781 -0.8359069228172302
v 5.423473834991455 0.12943202257156372 -1.0578738451004028
v 5.423472881317139 0.2451990395784378 -1.5912739038467407
v 5.2011799812316895 1.1570930480957031 -1.9839879274368286
v 5.582900047302246 1.045657992362976 -1.4705508947372437
v 5.423472881317139 0.2451990395784378 -1.5912739038467407
v 5.102649211883545 0.3388570547103882 -2.0228018760681152
v 4.583547115325928 1.1996580362319946 -2.1801037788391113
v 5.2011799812316895 1.1570930480957031 -1.9839879274368286
v 5.102649211883545 0.3388570547103882 -2.0228018760681152
v 4.583547115325928 0.3746320605278015 -2.187631845474243
v 3.965912103652954 1.1570930480957031 -1.9839879274368286
v 4.583547115325928 1.1996580362319946 -2.1801037788391113
v 4.583547115325928 0.3746320605278015 -2.187631845474243
v 4.064443111419678 0.3388570547103882 -2.0228018760681152
v 3.6786880493164062 1.1055829524993896 -1.4261268377304077
v 4.024312973022461 1.2064809799194336 -1.891015887260437
v 3.965912103652954 1.1570930480957031 -1.9839879274368286
v 3.584192991256714 1.045657992362976 -1.4705508947372437
v 3.6786880493164062 0.980866014957428 -0.8514929413795471
v 3.6786880493164062 1.1055829524993896 -1.4261268377304077
v 3.584192991256714 1.045657992362976 -1.4705508947372437
v 3.584192991256714 0.9079170227050781 -0.8359069228172302
v 4.024312973022461 0.8799679279327393 -0.3866039514541626
v 3.6786880493164062 0.980866014957428 -0.8514929413795471
v 3.584192991256714 0.9079170227050781 -0.8359069228172302
v 3.965912103652954 0.7964819669723511 -0.32246893644332886
v 4.583548069000244 0.8414279222488403 -0.20903195440769196
v 4.024312973022461 0.8799679279327393 -0.3866039514541626
v 3.965912103652954 0.7964819669723511 -0.32246893644332886
v 4.583548069000244 0.753917932510376 -0.12635396420955658
v 5.14277982711792 0.8799679279327393 -0.3866039514541626
v 4.583548069000244 0.8414279222488403 -0.20903195440769196
v 4.583548069000244 0.753917932510376 -0.12635396420955658
v 5.201180934906006 0.7964819669723511 -0.32246893644332886
v 5.488406181335449 0.980866014957428 -0.8514929413795471
v 5.14277982711792 0.8799679279327393 -0.3866039514541626
v 5.201180934906006 0.7964819669723511 -0.32246893644332886
v 5.582900047302246 0.9079170227050781 -0.8359069228172302
v 5.488405227661133 1.1055829524993896 -1.4261268377304077
v 5.488406181335449 0.980866014957428 -0.8514929413795471
v 5.582900047302246 0.9079170227050781 -0.8359069228172302
v 5.582900047302246 1.045657992362976 -1.4705508947372437
v 5.14277982711792 1.2064809799194336 -1.891015887260437
v 5.488405227661133 1.1055829524993896 -1.4261268377304077
v 5.582900047302246 1.045657992362976 -1.4705508947372437
v 5.2011799812316895 1.1570930480957031 -1.9839879274368286
v 4.583547115325928 1.2450209856033325 -2.068586826324463
v 5.14277982711792 1.2064809799194336 -1.891015887260437
v 5.2011799812316895 1.1570930480957031 -1.9839879274368286
v 4.583547115325928 1.1996580362319946 -2.1801037788391113
v 4.024312973022461 1.2064809799194336 -1.891015887260437
v 4.583547115325928 1.2450209856033325 -2.068586826324463
v 4.583547115325928 1.1996580362319946 -2.1801037788391113
v 3.965912103652954 1.1570930480957031 -1.9839879274368286
v 5.143824100494385 6.950994491577148 0.932505190372467
v 5.490094184875488 7.05208158493042 0.4667492210865021
v 4.938607215881348 7.26254940032959 0.32906824350357056
v 4.802987098693848 7.222958564758301 0.5114882588386536
v 5.490094184875488 7.05208158493042 0.4667492210865021
v 5.490094184875488 7.177031517028809 -0.10895774513483047
v 4.938607215881348 7.311488628387451 0.10358524322509766
v 4.938607215881348 7.26254940032959 0.32906824350357056
v 5.490094184875488 7.177031517028809 -0.10895774513483047
v 5.143824100494385 7.278117656707764 -0.5747137069702148
v 4.802986145019531 7.351078510284424 -0.07883474975824356
v 4.938607215881348 7.311488628387451 0.10358524322509766
v 5.143824100494385 7.278117656707764 -0.5747137069702148
v 4.583547115325928 7.316729545593262 -0.7526167035102844
v 4.583546161651611 7.366202354431152 -0.14851273596286774
v 4.802986145019531 7.351078510284424 -0.07883474975824356
v 4.583547115325928 7.316729545593262 -0.7526167035102844
v 4.023270130157471 7.278117656707764 -0.5747137069702148
v 4.364107131958008 7.351080417633057 -0.07883474975824356
v 4.583546161651611 7.366202354431152 -0.14851273596286774
v 4.023270130157471 7.278117656707764 -0.5747137069702148
v 3.677000045776367 7.177031517028809 -0.10895774513483047
v 4.228486061096191 7.311488628387451 0.10358524322509766
v 4.364107131958008 7.351080417633057 -0.07883474975824356
v 3.677000045776367 7.177031517028809 -0.10895774513483047
v 3.677000045776367 7.05208158493042 0.4667492210865021
v 4.228485107421875 7.262550354003906 0.32906824350357056
v 4.228486061096191 7.311488628387451 0.10358524322509766
v 3.677000045776367 7.05208158493042 0.4667492210865021
v 4.023270130157471 6.950994491577148 0.932505190372467
v 4.364107131958008 7.222958564758301 0.5114872455596924
v 4.228485107421875 7.262550354003906 0.32906824350357056
v 4.023270130157471 6.950994491577148 0.932505190372467
v 4.583548069000244 6.91238260269165 1.110408067703247
v 4.5835490226745605 7.207834720611572 0.5811662673950195
v 4.364107131958008 7.222958564758301 0.5114872455596924
v 4.583548069000244 6.91238260269165 1.110408067703247
v 5.143824100494385 6.950994491577148 0.932505190372467
v 4.802987098693848 7.222958564758301 0.5114882588386536
v 4.5835490226745605 7.207834720611572 0.5811662673950195
v 4.802987098693848 7.222958564758301 0.5114882588386536
v 4.938607215881348 7.26254940032959 0.32906824350357056
v 4.808973789215088 8.017955780029297 0.4499182403087616
v 4.722868919372559 7.992820739746094 0.565737247467041
v 4.938607215881348 7.26254940032959 0.32906824350357056
v 4.938607215881348 7.311488628387451 0.10358524322509766
v 4.808973789215088 8.049027442932129 0.3067592680454254
v 4.808973789215088 8.017955780029297 0.4499182403087616
v 4.938607215881348 7.311488628387451 0.10358524322509766
v 4.802986145019531 7.351078510284424 -0.07883474975824356
v 4.722867965698242 8.074163436889648 0.19094127416610718
v 4.808973789215088 8.049027442932129 0.3067592680454254
v 4.802986145019531 7.351078510284424 -0.07883474975824356
v 4.583546161651611 7.366202354431152 -0.14851273596286774
v 4.583546161651611 8.083765029907227 0.14670227468013763
v 4.722867965698242 8.074163436889648 0.19094127416610718
v 4.583546161651611 7.366202354431152 -0.14851273596286774
v 4.364107131958008 7.351080417633057 -0.07883474975824356
v 4.444223880767822 8.074165344238281 0.19094127416610718
v 4.583546161651611 8.083765029907227 0.14670227468013763
v 4.364107131958008 7.351080417633057 -0.07883474975824356
v 4.228486061096191 7.311488628387451 0.10358524322509766
v 4.358118057250977 8.049028396606445 0.3067592680454254
v 4.444223880767822 8.074165344238281 0.19094127416610718
v 4.228486061096191 7.311488628387451 0.10358524322509766
v 4.228485107421875 7.262550354003906 0.32906824350357056
v 4.358118057250977 8.01795768737793 0.4499192237854004
v 4.358118057250977 8.049028396606445 0.3067592680454254
v 4.228485107421875 7.262550354003906 0.32906824350357056
v 4.364107131958008 7.222958564758301 0.5114872455596924
v 4.444223880767822 7.992820739746094 0.565737247467041
v 4.358118057250977 8.01795768737793 0.4499192237854004
v 4.364107131958008 7.222958564758301 0.5114872455596924
v 4.5835490226745605 7.207834720611572 0.5811662673950195
v 4.583548069000244 7.983217716217041 0.6099752187728882
v 4.444223880767822 7.992820739746094 0.565737247467041
v 4.5835490226745605 7.207834720611572 0.5811662673950195
v 4.802987098693848 7.222958564758301 0.5114882588386536
v 4.722868919372559 7.992820739746094 0.565737247467041
v 4.583548069000244 7.983217716217041 0.6099752187728882
v 6.179066181182861 4.213461399078369 0.07973514497280121
v 6.188924789428711 3.958479642868042 0.027672134339809418
v 6.188924789428711 4.179749965667725 -0.9918298125267029
v 6.179066181182861 4.433372974395752 -0.9335058331489563
v 6.188924789428711 3.958479642868042 0.027672134339809418
v 6.179066181182861 4.213461399078369 0.07973514497280121
v 5.5696330070495605 4.035549640655518 0.8994640707969666
v 5.57572603225708 3.7794687747955322 0.8524670600891113
v 5.57572603225708 3.7794687747955322 0.8524670600891113
v 5.5696330070495605 4.035549640655518 0.8994640707969666
v 4.583547115325928 3.9675936698913574 1.2125720977783203
v 4.583547115325928 3.711092710494995 1.167510986328125
v 4.583547115325928 3.711092710494995 1.167510986328125
v 4.583547115325928 3.9675936698913574 1.2125720977783203
v 3.5974628925323486 4.035549640655518 0.8994630575180054
v 3.5913689136505127 3.7794687747955322 0.8524670600891113
v 3.5913689136505127 3.7794687747955322 0.8524670600891113
v 3.5974628925323486 4.035549640655518 0.8994630575180054
v 2.988028049468994 4.213461399078369 0.07973514497280121
v 2.9781689643859863 3.958479642868042 0.027672134339809418
v 2.9781689643859863 3.958479642868042 0.027672134339809418
v 2.988028049468994 4.213461399078369 0.07973514497280121
v 2.988028049468994 4.4333720207214355 -0.9335058331489563
v 2.9781689643859863 4.179749965667725 -0.9918298125267029
v 2.9781689643859863 4.179749965667725 -0.9918298125267029
v 2.988028049468994 4.4333720207214355 -0.9335058331489563
v 3.5974619388580322 4.611285209655762 -1.7532347440719604
v 3.5913679599761963 4.358760833740234 -1.8166238069534302
v 3.5913679599761963 4.358760833740234 -1.8166238069534302
v 3.5974619388580322 4.611285209655762 -1.7532347440719604
v 4.583547115325928 4.679241180419922 -2.0663437843322754
v 4.583547115325928 4.4271368980407715 -2.1316678524017334
v 4.583547115325928 4.4271368980407715 -2.1316678524017334
v 4.583547115325928 4.679241180419922 -2.0663437843322754
v 5.569631099700928 4.611285209655762 -1.7532347440719604
v 5.575724124908447 4.358760833740234 -1.8166238069534302
v 5.575724124908447 4.358760833740234 -1.8166238069534302
v 5.569631099700928 4.611285209655762 -1.7532347440719604
v 6.179066181182861 4.433372974395752 -0.9335058331489563
v 6.188924789428711 4.179749965667725 -0.9918298125267029
v 6.212406158447266 1.9600489139556885 -0.3982539176940918
v 6.14096212387085 3.8960187435150146 -0.001831866567954421
v 5.546082019805908 3.7223546504974365 0.7983210682868958
v 5.590238094329834 1.778419852256775 0.4386040270328522
v 6.212406158447266 2.184556007385254 -1.432667851448059
v 6.14096212387085 4.1106767654418945 -0.9908738136291504
v 6.14096212387085 3.8960187435150146 -0.001831866567954421
v 6.212406158447266 1.9600489139556885 -0.3982539176940918
v 5.590237140655518 2.366184949874878 -2.2695257663726807
v 5.546081066131592 4.284339904785156 -1.7910257577896118
v 6.14096212387085 4.1106767654418945 -0.9908738136291504
v 6.212406158447266 2.184556007385254 -1.432667851448059
v 4.583547115325928 2.435560941696167 -2.5891778469085693
v 4.583547115325928 4.350674152374268 -2.0966567993164062
v 5.546081066131592 4.284339904785156 -1.7910257577896118
v 5.590237140655518 2.366184949874878 -2.2695257663726807
v 3.576857089996338 2.366184949874878 -2.2695257663726807
v 3.6210110187530518 4.284339904785156 -1.7910257577896118
v 4.583547115325928 4.350674152374268 -2.0966567993164062
v 4.583547115325928 2.435560941696167 -2.5891778469085693
v 2.95468807220459 2.1845550537109375 -1.432667851448059
v 3.026132106781006 4.1106767654418945 -0.9908738136291504
v 3.6210110187530518 4.284339904785156 -1.7910257577896118
v 3.576857089996338 2.366184949874878 -2.2695257663726807
v 2.95468807220459 1.9600489139556885 -0.3982539176940918
v 3.026132106781006 3.8960187435150146 -0.0018308665603399277
v 3.026132106781006 4.1106767654418945 -0.9908738136291504
v 2.95468807220459 2.1845550537109375 -1.432667851448059
v 3.576857089996338 1.778419852256775 0.4386040270328522
v 3.6210129261016846 3.7223546504974365 0.7983210682868958
v 3.026132106781006 3.8960187435150146 -0.0018308665603399277
v 2.95468807220459 1.9600489139556885 -0.3982539176940918
v 4.583547115325928 1.7090438604354858 0.7582550048828125
v 4.583547115325928 3.6560218334198 1.1039520502090454
v 3.6210129261016846 3.7223546504974365 0.7983210682868958
v 3.576857089996338 1.778419852256775 0.4386040270328522
v 5.590238094329834 1.778419852256775 0.4386040270328522
v 5.546082019805908 3.7223546504974365 0.7983210682868958
v 4.583547115325928 3.6560218334198 1.1039520502090454
v 4.583547115325928 1.7090438604354858 0.7582550048828125
v 6.1268310546875 4.278914451599121 0.07657314091920853
v 6.055386066436768 6.214883327484131 0.47299718856811523
v 5.493195056915283 6.05076265335083 1.2291841506958008
v 5.537350177764893 4.106827735900879 0.8694660663604736
v 4.583547115325928 4.041095733642578 1.1723240613937378
v 5.537350177764893 4.106827735900879 0.8694660663604736
v 5.493195056915283 6.05076265335083 1.2291841506958008
v 4.583548069000244 5.9880757331848145 1.5180211067199707
v 3.6297459602355957 4.106827735900879 0.8694660663604736
v 4.583547115325928 4.041095733642578 1.1723240613937378
v 4.583548069000244 5.9880757331848145 1.5180211067199707
v 3.673901081085205 6.05076265335083 1.2291830778121948
v 3.0402629375457764 4.278914451599121 0.07657413929700851
v 3.6297459602355957 4.106827735900879 0.8694660663604736
v 3.673901081085205 6.05076265335083 1.2291830778121948
v 3.111707925796509 6.214883327484131 0.47299718856811523
v 3.0402629375457764 4.491627216339111 -0.9034948348999023
v 3.0402629375457764 4.278914451599121 0.07657413929700851
v 3.111707925796509 6.214883327484131 0.47299718856811523
v 3.111707925796509 6.417747497558594 -0.46170076727867126
v 3.6297450065612793 4.6637139320373535 -1.696387767791748
v 3.0402629375457764 4.491627216339111 -0.9034948348999023
v 3.111707925796509 6.417747497558594 -0.46170076727867126
v 3.6738998889923096 6.581869602203369 -1.2178877592086792
v 4.583547115325928 4.729444980621338 -1.9992457628250122
v 3.6297450065612793 4.6637139320373535 -1.696387767791748
v 3.6738998889923096 6.581869602203369 -1.2178877592086792
v 4.583547115325928 6.644556522369385 -1.5067245960235596
v 5.537347793579102 4.6637139320373535 -1.696387767791748
v 4.583547115325928 4.729444980621338 -1.9992457628250122
v 4.583547115325928 6.644556522369385 -1.5067245960235596
v 5.49319314956665 6.581869602203369 -1.2178877592086792
v 6.1268310546875 4.491627216339111 -0.9034958481788635
v 5.537347793579102 4.6637139320373535 -1.696387767791748
v 5.49319314956665 6.581869602203369 -1.2178877592086792
v 6.055386066436768 6.417747497558594 -0.46170076727867126
v 6.1268310546875 4.278914451599121 0.07657314091920853
v 6.1268310546875 4.491627216339111 -0.9034958481788635
v 6.055386066436768 6.417747497558594 -0.46170076727867126
v 6.055386066436768 6.214883327484131 0.47299718856811523
v 6.14096212387085 3.8960187435150146 -0.001831866567954421
v 6.14096212387085 4.1106767654418945 -0.9908738136291504
v 6.188924789428711 4.179749965667725 -0.9918298125267029
v 6.188924789428711 3.958479642868042 0.027672134339809418
v 6.1268310546875 4.491627216339111 -0.9034958481788635
v 6.1268310546875 4.278914451599121 0.07657314091920853
v 6.179066181182861 4.213461399078369 0.07973514497280121
v 6.179066181182861 4.433372974395752 -0.9335058331489563
v 6.1268310546875 4.278914451599121 0.07657314091920853
v 5.537350177764893 4.106827735900879 0.8694660663604736
v 5.5696330070495605 4.035549640655518 0.8994640707969666
v 6.179066181182861 4.213461399078369 0.07973514497280121
v 5.546082019805908 3.7223546504974365 0.7983210682868958
v 6.14096212387085 3.8960187435150146 -0.001831866567954421
v 6.188924789428711 3.958479642868042 0.027672134339809418
v 5.57572603225708 3.7794687747955322 0.8524670600891113
v 5.537350177764893 4.106827735900879 0.8694660663604736
v 4.583547115325928 4.041095733642578 1.1723240613937378
v 4.583547115325928 3.9675936698913574 1.2125720977783203
v 5.5696330070495605 4.035549640655518 0.8994640707969666
v 4.583547115325928 3.6560218334198 1.1039520502090454
v 5.546082019805908 3.7223546504974365 0.7983210682868958
v 5.57572603225708 3.7794687747955322 0.8524670600891113
v 4.583547115325928 3.711092710494995 1.167510986328125
v 4.583547115325928 4.041095733642578 1.1723240613937378
v 3.6297459602355957 4.106827735900879 0.8694660663604736
v 3.5974628925323486 4.035549640655518 0.8994630575180054
v 4.583547115325928 3.9675936698913574 1.2125720977783203
v 3.6210129261016846 3.7223546504974365 0.7983210682868958
v 4.583547115325928 3.6560218334198 1.1039520502090454
v 4.583547115325928 3.711092710494995 1.167510986328125
v 3.5913689136505127 3.7794687747955322 0.8524670600891113
v 3.6297459602355957 4.106827735900879 0.8694660663604736
v 3.0402629375457764 4.278914451599121 0.07657413929700851
v 2.988028049468994 4.213461399078369 0.07973514497280121
v 3.5974628925323486 4.035549640655518 0.8994630575180054
v 3.026132106781006 3.8960187435150146 -0.0018308665603399277
v 3.6210129261016846 3.7223546504974365 0.7983210682868958
v 3.5913689136505127 3.7794687747955322 0.8524670600891113
v 2.9781689643859863 3.958479642868042 0.027672134339809418
v 3.0402629375457764 4.278914451599121 0.07657413929700851
v 3.0402629375457764 4.491627216339111 -0.9034948348999023
v 2.988028049468994 4.4333720207214355 -0.9335058331489563
v 2.988028049468994 4.213461399078369 0.07973514497280121
v 3.026132106781006 4.1106767654418945 -0.9908738136291504
v 3.026132106781006 3.8960187435150146 -0.0018308665603399277
v 2.9781689643859863 3.958479642868042 0.027672134339809418
v 2.9781689643859863 4.179749965667725 -0.9918298125267029
v 3.0402629375457764 4.491627216339111 -0.9034948348999023
v 3.6297450065612793 4.6637139320373535 -1.696387767791748
v 3.5974619388580322 4.611285209655762 -1.7532347440719604
v 2.988028049468994 4.4333720207214355 -0.9335058331489563
v 3.6210110187530518 4.284339904785156 -1.7910257577896118
v 3.026132106781006 4.1106767654418945 -0.9908738136291504
v 2.9781689643859863 4.179749965667725 -0.9918298125267029
v 3.5913679599761963 4.358760833740234 -1.8166238069534302
v 3.6297450065612793 4.6637139320373535 -1.696387767791748
v 4.583547115325928 4.729444980621338 -1.9992457628250122
v 4.583547115325928 4.679241180419922 -2.0663437843322754
v 3.5974619388580322 4.611285209655762 -1.7532347440719604
v 4.583547115325928 4.350674152374268 -2.0966567993164062
v 3.6210110187530518 4.284339904785156 -1.7910257577896118
v 3.5913679599761963 4.358760833740234 -1.8166238069534302
v 4.583547115325928 4.4271368980407715 -2.1316678524017334
v 4.583547115325928 4.729444980621338 -1.9992457628250122
v 5.537347793579102 4.6637139320373535 -1.696387767791748
v 5.569631099700928 4.611285209655762 -1.7532347440719604
v 4.583547115325928 4.679241180419922 -2.0663437843322754
v 5.546081066131592 4.284339904785156 -1.7910257577896118
v 4.583547115325928 4.350674152374268 -2.0966567993164062
v 4.583547115325928 4.4271368980407715 -2.1316678524017334
v 5.575724124908447 4.358760833740234 -1.8166238069534302
v 5.537347793579102 4.6637139320373535 -1.696387767791748
v 6.1268310546875 4.491627216339111 -0.9034958481788635
v 6.179066181182861 4.433372974395752 -0.9335058331489563
v 5.569631099700928 4.611285209655762 -1.7532347440719604
v 6.14096212387085 4.1106767654418945 -0.9908738136291504
v 5.546081066131592 4.284339904785156 -1.7910257577896118
v 5.575724124908447 4.358760833740234 -1.8166238069534302
v 6.188924789428711 4.179749965667725 -0.9918298125267029
v 3.743619918823242 0.2451990395784378 -1.5912728309631348
v 4.064443111419678 0.3388570547103882 -2.0228018760681152
v 4.197977066040039 0.29987505078315735 -1.8431898355484009
v 3.959681987762451 0.23030903935432434 -1.5226669311523438
v 3.743619918823242 0.12943202257156372 -1.0578738451004028
v 3.743619918823242 0.2451990395784378 -1.5912728309631348
v 3.959681987762451 0.23030903935432434 -1.5226669311523438
v 3.9596829414367676 0.14432202279567719 -1.1264798641204834
v 4.064444065093994 0.03577401861548424 -0.6263449192047119
v 4.1979780197143555 0.07475702464580536 -0.8059579133987427
v 4.583548069000244 1.579701880416451e-8 -0.46151596307754517
v 4.064444065093994 0.03577401861548424 -0.6263449192047119
v 4.1979780197143555 0.07475702464580536 -0.8059579133987427
v 4.583547115325928 0.04818502068519592 -0.6835289597511292
v 5.102651119232178 0.03577401861548424 -0.6263449192047119
v 4.583548069000244 1.579701880416451e-8 -0.46151596307754517
v 4.583547115325928 0.04818502068519592 -0.6835289597511292
v 4.969117164611816 0.07475702464580536 -0.8059569597244263
v 5.423473834991455 0.12943202257156372 -1.0578738451004028
v 5.102651119232178 0.03577401861548424 -0.6263449192047119
v 4.969117164611816 0.07475702464580536 -0.8059569597244263
v 5.207409858703613 0.14432202279567719 -1.1264798641204834
v 5.423472881317139 0.2451990395784378 -1.5912739038467407
v 5.423473834991455 0.12943202257156372 -1.0578738451004028
v 5.207409858703613 0.14432202279567719 -1.1264798641204834
v 5.207409858703613 0.23030903935432434 -1.5226678848266602
v 5.102649211883545 0.3388570547103882 -2.0228018760681152
v 4.969114780426025 0.29987505078315735 -1.8431898355484009
v 4.583547115325928 0.3746320605278015 -2.187631845474243
v 5.102649211883545 0.3388570547103882 -2.0228018760681152
v 4.969114780426025 0.29987505078315735 -1.8431898355484009
v 4.583547115325928 0.3264460563659668 -1.9656188488006592
v 4.064443111419678 0.3388570547103882 -2.0228018760681152
v 4.583547115325928 0.3746320605278015 -2.187631845474243
v 4.583547115325928 0.3264460563659668 -1.9656188488006592
v 4.197977066040039 0.29987505078315735 -1.8431898355484009
v 3.959681987762451 0.23030903935432434 -1.5226669311523438
v 4.197977066040039 0.29987505078315735 -1.8431898355484009
v 4.254652976989746 0.5453940033912659 -1.7100778818130493
v 4.051386833190918 0.48605501651763916 -1.4366708993911743
v 3.9596829414367676 0.14432202279567719 -1.1264798641204834
v 3.959681987762451 0.23030903935432434 -1.5226669311523438
v 4.051386833190918 0.48605501651763916 -1.4366708993911743
v 4.051386833190918 0.41270700097084045 -1.098720908164978
v 4.1979780197143555 0.07475702464580536 -0.8059579133987427
v 3.9596829414367676 0.14432202279567719 -1.1264798641204834
v 4.051386833190918 0.41270700097084045 -1.098720908164978
v 4.254654884338379 0.35336700081825256 -0.8253129124641418
v 4.583547115325928 0.04818502068519592 -0.6835289597511292
v 4.1979780197143555 0.07475702464580536 -0.8059579133987427
v 4.254654884338379 0.35336700081825256 -0.8253129124641418
v 4.583547115325928 0.330702006816864 -0.720880925655365
v 4.969117164611816 0.07475702464580536 -0.8059569597244263
v 4.583547115325928 0.04818502068519592 -0.6835289597511292
v 4.583547115325928 0.330702006816864 -0.720880925655365
v 4.912439823150635 0.35336801409721375 -0.8253129124641418
v 5.207409858703613 0.14432202279567719 -1.1264798641204834
v 4.969117164611816 0.07475702464580536 -0.8059569597244263
v 4.912439823150635 0.35336801409721375 -0.8253129124641418
v 5.115706920623779 0.41270700097084045 -1.098720908164978
v 5.207409858703613 0.23030903935432434 -1.5226678848266602
v 5.207409858703613 0.14432202279567719 -1.1264798641204834
v 5.115706920623779 0.41270700097084045 -1.098720908164978
v 5.115705966949463 0.48605501651763916 -1.4366708993911743
v 4.969114780426025 0.29987505078315735 -1.8431898355484009
v 5.207409858703613 0.23030903935432434 -1.5226678848266602
v 5.115705966949463 0.48605501651763916 -1.4366708993911743
v 4.912438869476318 0.545395016670227 -1.7100778818130493
v 4.583547115325928 0.3264460563659668 -1.9656188488006592
v 4.969114780426025 0.29987505078315735 -1.8431898355484009
v 4.912438869476318 0.545395016670227 -1.7100778818130493
v 4.583547115325928 0.5680599808692932 -1.8145108222961426
v 4.197977066040039 0.29987505078315735 -1.8431898355484009
v 4.583547115325928 0.3264460563659668 -1.9656188488006592
v 4.583547115325928 0.5680599808692932 -1.8145108222961426
v 4.254652976989746 0.5453940033912659 -1.7100778818130493
v 1.8233590126037598 5.241298675537109 1.6315160989761353
v 1.1617419719696045 5.241298675537109 1.6315160989761353
v 1.1617419719696045 6.027860641479492 1.1435531377792358
v 1.8233590126037598 6.027860641479492 1.1435531377792358
v 1.8233590126037598 6.027860641479492 1.1435531377792358
v 1.1617419719696045 6.027860641479492 1.1435531377792358
v 1.1617419719696045 6.345337390899658 0.42919719219207764
v 1.8233590126037598 6.345338344573975 0.42919719219207764
v 1.8233590126037598 2.4848687648773193 0.4291970729827881
v 1.1617419719696045 2.4848687648773193 0.4291970729827881
v 1.1617419719696045 2.8023457527160645 1.1435530185699463
v 1.8233590126037598 2.8023457527160645 1.1435530185699463
v 1.8233590126037598 2.8023457527160645 1.1435530185699463
v 1.1617419719696045 2.8023457527160645 1.1435530185699463
v 1.1617419719696045 3.623657703399658 1.6315159797668457
v 1.8233590126037598 3.623657703399658 1.6315159797668457
v 1.8233590126037598 3.623657703399658 1.6315159797668457
v 1.1617419719696045 3.623657703399658 1.6315159797668457
v 1.1617419719696045 4.462472438812256 1.8144570589065552
v 1.8233590126037598 4.462473392486572 1.8144570589065552
v 1.8233590126037598 4.462473392486572 1.8144570589065552
v 1.1617419719696045 4.462472438812256 1.8144570589065552
v 1.1617419719696045 5.241298675537109 1.6315160989761353
v 1.8233590126037598 5.241298675537109 1.6315160989761353
v 1.8233590126037598 5.358468532562256 1.8186451196670532
v 1.8233590126037598 6.2768707275390625 1.2594871520996094
v 1.1617419719696045 6.2768707275390625 1.2594871520996094
v 1.1617419719696045 5.3584675788879395 1.8186451196670532
v 1.8233590126037598 6.2768707275390625 1.2594871520996094
v 1.8233590126037598 6.644128322601318 0.49566420912742615
v 1.1617419719696045 6.644128322601318 0.49566420912742615
v 1.1617419719696045 6.2768707275390625 1.2594871520996094
v 1.8233590126037598 2.1860787868499756 0.4956640601158142
v 1.8233590126037598 2.5533368587493896 1.2594870328903198
v 1.1617419719696045 2.5533368587493896 1.2594870328903198
v 1.1617419719696045 2.1860787868499756 0.4956640601158142
v 1.8233590126037598 2.5533368587493896 1.2594870328903198
v 1.8233590126037598 3.490339756011963 1.8186450004577637
v 1.1617419719696045 3.490339756011963 1.8186450004577637
v 1.1617419719696045 2.5533368587493896 1.2594870328903198
v 1.8233590126037598 3.490339756011963 1.8186450004577637
v 1.8233590126037598 4.441390514373779 2.023310899734497
v 1.1617419719696045 4.441390514373779 2.023310899734497
v 1.1617419719696045 3.490339756011963 1.8186450004577637
v 1.8233590126037598 4.441390514373779 2.023310899734497
v 1.8233590126037598 5.358468532562256 1.8186451196670532
v 1.1617419719696045 5.3584675788879395 1.8186451196670532
v 1.1617419719696045 4.441390514373779 2.023310899734497
v 1.411723017692566 12.553949356079102 1.0466233491897583
v 1.3647199869155884 12.469291687011719 1.112990379333496
v 2.363765001296997 11.695413589477539 0.9111863374710083
v 2.4451770782470703 11.753418922424316 0.8378693461418152
v 1.3647199869155884 12.469291687011719 1.112990379333496
v 1.411723017692566 12.553949356079102 1.0466233491897583
v 0 12.846962928771973 1.1230334043502808
v 0 12.752549171447754 1.1868553161621094
v 2.4451770782470703 11.753418922424316 0.8378693461418152
v 2.363765001296997 11.695413589477539 0.9111863374710083
v 2.7294399738311768 10.638279914855957 0.6355162858963013
v 2.8234469890594482 10.65987491607666 0.5527053475379944
v 2.8234469890594482 10.65987491607666 0.5527053475379944
v 2.7294399738311768 10.638279914855957 0.6355162858963013
v 2.363765001296997 9.581146240234375 0.3598473072052002
v 2.4451770782470703 9.566330909729004 0.2675412893295288
v 2.4451770782470703 9.566330909729004 0.2675412893295288
v 2.363765001296997 9.581146240234375 0.3598473072052002
v 1.3647199869155884 8.807268142700195 0.1580422967672348
v 1.411723017692566 8.765799522399902 0.0587862990796566
v -1.41172194480896 8.765799522399902 0.0587862990796566
v -1.364719033241272 8.807268142700195 0.1580422967672348
v -2.3637640476226807 9.581146240234375 0.3598473072052002
v -2.445175886154175 9.566330909729004 0.2675412893295288
v -2.445175886154175 9.566330909729004 0.2675412893295288
v -2.3637640476226807 9.581146240234375 0.3598473072052002
v -2.7294390201568604 10.638279914855957 0.6355162858963013
v -2.8234450817108154 10.65987491607666 0.5527053475379944
v -2.8234450817108154 10.65987491607666 0.5527053475379944
v -2.7294390201568604 10.638279914855957 0.6355162858963013
v -2.3637640476226807 11.695413589477539 0.9111863374710083
v -2.445175886154175 11.753418922424316 0.8378693461418152
v -2.445175886154175 11.753418922424316 0.8378693461418152
v -2.3637640476226807 11.695413589477539 0.9111863374710083
v -1.364719033241272 12.469291687011719 1.112990379333496
v -1.41172194480896 12.553949356079102 1.0466233491897583
v -1.41172194480896 12.553949356079102 1.0466233491897583
v -1.364719033241272 12.469291687011719 1.112990379333496
v 0 12.752549171447754 1.1868553161621094
v 0 12.846962928771973 1.1230334043502808
v 1.411723017692566 12.597147941589355 0.880967378616333
v 1.3647199869155884 12.555680274963379 0.7817113399505615
v 0 12.838937759399414 0.8555774092674255
v 0 12.890162467956543 0.9573773741722107
v 1.3647199869155884 12.555680274963379 0.7817113399505615
v 1.411723017692566 12.597147941589355 0.880967378616333
v 2.4451770782470703 11.79661750793457 0.6722133755683899
v 2.363765001296997 11.781803131103516 0.5799073576927185
v 2.363765001296997 11.781803131103516 0.5799073576927185
v 2.4451770782470703 11.79661750793457 0.6722133755683899
v 2.8234469890594482 10.703073501586914 0.3870493471622467
v 2.7294399738311768 10.724668502807617 0.30423834919929504
v 2.7294399738311768 10.724668502807617 0.30423834919929504
v 2.8234469890594482 10.703073501586914 0.3870493471622467
v 2.4451770782470703 9.609527587890625 0.10188531875610352
v 2.363765001296997 9.667533874511719 0.02856832928955555
v 2.363765001296997 9.667533874511719 0.02856832928955555
v 2.4451770782470703 9.609527587890625 0.10188531875610352
v 1.411723017692566 8.808998107910156 -0.10686969757080078
v 1.3647199869155884 8.893656730651855 -0.173235684633255
v -1.364719033241272 8.893656730651855 -0.173235684633255
v -1.41172194480896 8.808998107910156 -0.10686969757080078
v -2.445175886154175 9.609527587890625 0.10188531875610352
v -2.3637640476226807 9.667533874511719 0.02856832928955555
v -2.3637640476226807 9.667533874511719 0.02856832928955555
v -2.445175886154175 9.609527587890625 0.10188531875610352
v -2.8234450817108154 10.703073501586914 0.3870493471622467
v -2.7294390201568604 10.724668502807617 0.30423834919929504
v -2.7294390201568604 10.724668502807617 0.30423834919929504
v -2.8234450817108154 10.703073501586914 0.3870493471622467
v -2.445175886154175 11.79661750793457 0.6722133755683899
v -2.3637640476226807 11.781803131103516 0.5799073576927185
v -2.3637640476226807 11.781803131103516 0.5799073576927185
v -2.445175886154175 11.79661750793457 0.6722133755683899
v -1.41172194480896 12.597147941589355 0.8809683322906494
v -1.364719033241272 12.555680274963379 0.7817113399505615
v -1.364719033241272 12.555680274963379 0.7817113399505615
v -1.41172194480896 12.597147941589355 0.8809683322906494
v 0 12.890162467956543 0.9573773741722107
v 0 12.838937759399414 0.8555774092674255
v 1.1884089708328247 12.25433349609375 0.9684933423995972
v 1.2354120016098022 12.295802116394043 1.0677493810653687
v 0 12.552221298217773 1.1346153020858765
v 0 12.500996589660645 1.0328153371810913
v 1.2354120016098022 12.295802116394043 1.0677493810653687
v 1.1884089708328247 12.25433349609375 0.9684933423995972
v 2.0583839416503906 11.580435752868652 0.7927603721618652
v 2.139796018600464 11.595250129699707 0.8850663304328918
v 2.139796018600464 11.595250129699707 0.8850663304328918
v 2.0583839416503906 11.580435752868652 0.7927603721618652
v 2.376816987991333 10.65987491607666 0.5527053475379944
v 2.4708240032196045 10.638279914855957 0.6355162858963013
v 2.0583839416503906 11.623635292053223 0.6271043419837952
v 2.139796018600464 11.681638717651367 0.553787350654602
v 2.4708240032196045 10.724668502807617 0.30423834919929504
v 2.376816987991333 10.703073501586914 0.3870493471622467
v 2.139796018600464 11.681638717651367 0.553787350654602
v 2.0583839416503906 11.623635292053223 0.6271043419837952
v 1.1884089708328247 12.297532081604004 0.8028373718261719
v 1.2354120016098022 12.382190704345703 0.7364703416824341
v 1.2354120016098022 12.382190704345703 0.7364703416824341
v 1.1884089708328247 12.297532081604004 0.8028373718261719
v 0 12.544196128845215 0.867159366607666
v 0 12.638609886169434 0.8033373355865479
v 2.4708240032196045 10.638279914855957 0.6355162858963013
v 2.376816987991333 10.65987491607666 0.5527053475379944
v 2.0583839416503906 9.739314079284668 0.31264933943748474
v 2.139796018600464 9.681309700012207 0.38596630096435547
v 2.376816987991333 10.703073501586914 0.3870493471622467
v 2.4708240032196045 10.724668502807617 0.30423834919929504
v 2.139796018600464 9.767698287963867 0.05468833073973656
v 2.0583839416503906 9.782511711120605 0.14699432253837585
v 2.139796018600464 9.681309700012207 0.38596630096435547
v 2.0583839416503906 9.739314079284668 0.31264933943748474
v 1.1884089708328247 9.065415382385254 0.13691729307174683
v 1.2354120016098022 8.980757713317871 0.20328329503536224
v 2.0583839416503906 9.782511711120605 0.14699432253837585
v 2.139796018600464 9.767698287963867 0.05468833073973656
v 1.2354120016098022 9.067146301269531 -0.12799468636512756
v 1.1884089708328247 9.108614921569824 -0.028738686814904213
v -1.2354110479354858 8.980757713317871 0.20328329503536224
v -1.1884080171585083 9.065415382385254 0.13691729307174683
v -2.0583839416503906 9.739314079284668 0.31264933943748474
v -2.1397950649261475 9.681309700012207 0.38596630096435547
v -1.1884080171585083 9.108614921569824 -0.028738686814904213
v -1.2354110479354858 9.067146301269531 -0.12799468636512756
v -2.1397950649261475 9.767698287963867 0.05468833073973656
v -2.058382987976074 9.782511711120605 0.14699432253837585
v -2.1397950649261475 9.681309700012207 0.38596630096435547
v -2.0583839416503906 9.739314079284668 0.31264933943748474
v -2.376816987991333 10.65987491607666 0.5527053475379944
v -2.470823049545288 10.638279914855957 0.6355162858963013
v -2.058382987976074 9.782511711120605 0.14699432253837585
v -2.1397950649261475 9.767698287963867 0.05468833073973656
v -2.470823049545288 10.724668502807617 0.30423834919929504
v -2.3768160343170166 10.703073501586914 0.3870493471622467
v -2.470823049545288 10.638279914855957 0.6355162858963013
v -2.376816987991333 10.65987491607666 0.5527053475379944
v -2.058382987976074 11.580435752868652 0.7927603721618652
v -2.1397950649261475 11.595250129699707 0.8850663304328918
v -2.3768160343170166 10.703073501586914 0.3870493471622467
v -2.470823049545288 10.724668502807617 0.30423834919929504
v -2.1397950649261475 11.681638717651367 0.553787350654602
v -2.058382987976074 11.623635292053223 0.6271043419837952
v -2.1397950649261475 11.595250129699707 0.8850663304328918
v -2.058382987976074 11.580435752868652 0.7927603721618652
v -1.1884080171585083 12.25433349609375 0.9684933423995972
v -1.2354110479354858 12.295802116394043 1.0677493810653687
v -2.058382987976074 11.623635292053223 0.6271043419837952
v -2.1397950649261475 11.681638717651367 0.553787350654602
v -1.2354110479354858 12.382190704345703 0.7364703416824341
v -1.1884080171585083 12.297532081604004 0.8028373718261719
v -1.2354110479354858 12.295802116394043 1.0677493810653687
v -1.1884080171585083 12.25433349609375 0.9684933423995972
v 0 12.500996589660645 1.0328153371810913
v 0 12.552221298217773 1.1346153020858765
v -1.1884080171585083 12.297532081604004 0.8028373718261719
v -1.2354110479354858 12.382190704345703 0.7364703416824341
v 0 12.638609886169434 0.8033373355865479
v 0 12.544196128845215 0.867159366607666
v 1.1884089708328247 12.25433349609375 0.9684933423995972
v 1.1884089708328247 12.297532081604004 0.8028373718261719
v 2.0583839416503906 11.623635292053223 0.6271043419837952
v 2.0583839416503906 11.580435752868652 0.7927603721618652
v 2.0583839416503906 11.580435752868652 0.7927603721618652
v 2.0583839416503906 11.623635292053223 0.6271043419837952
v 2.376816987991333 10.703073501586914 0.3870493471622467
v 2.376816987991333 10.65987491607666 0.5527053475379944
v 2.376816987991333 10.65987491607666 0.5527053475379944
v 2.376816987991333 10.703073501586914 0.3870493471622467
v 2.0583839416503906 9.782511711120605 0.14699432253837585
v 2.0583839416503906 9.739314079284668 0.31264933943748474
v 2.0583839416503906 9.739314079284668 0.31264933943748474
v 2.0583839416503906 9.782511711120605 0.14699432253837585
v 1.1884089708328247 9.108614921569824 -0.028738686814904213
v 1.1884089708328247 9.065415382385254 0.13691729307174683
v -1.1884080171585083 9.065415382385254 0.13691729307174683
v -1.1884080171585083 9.108614921569824 -0.028738686814904213
v -2.058382987976074 9.782511711120605 0.14699432253837585
v -2.0583839416503906 9.739314079284668 0.31264933943748474
v -2.0583839416503906 9.739314079284668 0.31264933943748474
v -2.058382987976074 9.782511711120605 0.14699432253837585
v -2.3768160343170166 10.703073501586914 0.3870493471622467
v -2.376816987991333 10.65987491607666 0.5527053475379944
v -2.376816987991333 10.65987491607666 0.5527053475379944
v -2.3768160343170166 10.703073501586914 0.3870493471622467
v -2.058382987976074 11.623635292053223 0.6271043419837952
v -2.058382987976074 11.580435752868652 0.7927603721618652
v -2.058382987976074 11.580435752868652 0.7927603721618652
v -2.058382987976074 11.623635292053223 0.6271043419837952
v -1.1884080171585083 12.297532081604004 0.8028373718261719
v -1.1884080171585083 12.25433349609375 0.9684933423995972
v -1.1884080171585083 12.25433349609375 0.9684933423995972
v -1.1884080171585083 12.297532081604004 0.8028373718261719
v 0 12.544196128845215 0.867159366607666
v 0 12.500996589660645 1.0328153371810913
v 0 12.500996589660645 1.0328153371810913
v 0 12.544196128845215 0.867159366607666
v 1.1884089708328247 12.297532081604004 0.8028373718261719
v 1.1884089708328247 12.25433349609375 0.9684933423995972
v 1.411723017692566 12.553949356079102 1.0466233491897583
v 2.4451770782470703 11.753418922424316 0.8378693461418152
v 2.4451770782470703 11.79661750793457 0.6722133755683899
v 1.411723017692566 12.597147941589355 0.880967378616333
v 2.4451770782470703 11.753418922424316 0.8378693461418152
v 2.8234469890594482 10.65987491607666 0.5527053475379944
v 2.8234469890594482 10.703073501586914 0.3870493471622467
v 2.4451770782470703 11.79661750793457 0.6722133755683899
v 2.8234469890594482 10.65987491607666 0.5527053475379944
v 2.4451770782470703 9.566330909729004 0.2675412893295288
v 2.4451770782470703 9.609527587890625 0.10188531875610352
v 2.8234469890594482 10.703073501586914 0.3870493471622467
v 2.4451770782470703 9.566330909729004 0.2675412893295288
v 1.411723017692566 8.765799522399902 0.0587862990796566
v 1.411723017692566 8.808998107910156 -0.10686969757080078
v 2.4451770782470703 9.609527587890625 0.10188531875610352
v -1.41172194480896 8.765799522399902 0.0587862990796566
v -2.445175886154175 9.566330909729004 0.2675412893295288
v -2.445175886154175 9.609527587890625 0.10188531875610352
v -1.41172194480896 8.808998107910156 -0.10686969757080078
v -2.445175886154175 9.566330909729004 0.2675412893295288
v -2.8234450817108154 10.65987491607666 0.5527053475379944
v -2.8234450817108154 10.703073501586914 0.3870493471622467
v -2.445175886154175 9.609527587890625 0.10188531875610352
v -2.8234450817108154 10.65987491607666 0.5527053475379944
v -2.445175886154175 11.753418922424316 0.8378693461418152
v -2.445175886154175 11.79661750793457 0.6722133755683899
v -2.8234450817108154 10.703073501586914 0.3870493471622467
v -2.445175886154175 11.753418922424316 0.8378693461418152
v -1.41172194480896 12.553949356079102 1.0466233491897583
v -1.41172194480896 12.597147941589355 0.8809683322906494
v -2.445175886154175 11.79661750793457 0.6722133755683899
v -1.41172194480896 12.553949356079102 1.0466233491897583
v 0 12.846962928771973 1.1230334043502808
v 0 12.890162467956543 0.9573773741722107
v -1.41172194480896 12.597147941589355 0.8809683322906494
v 0 12.846962928771973 1.1230334043502808
v 1.411723017692566 12.553949356079102 1.0466233491897583
v 1.411723017692566 12.597147941589355 0.880967378616333
v 0 12.890162467956543 0.9573773741722107
v 1.3647199869155884 12.469291687011719 1.112990379333496
v 1.2354120016098022 12.295802116394043 1.0677493810653687
v 2.139796018600464 11.595250129699707 0.8850663304328918
v 2.363765001296997 11.695413589477539 0.9111863374710083
v 2.363765001296997 11.781803131103516 0.5799073576927185
v 2.139796018600464 11.681638717651367 0.553787350654602
v 1.2354120016098022 12.382190704345703 0.7364703416824341
v 1.3647199869155884 12.555680274963379 0.7817113399505615
v 2.363765001296997 11.695413589477539 0.9111863374710083
v 2.139796018600464 11.595250129699707 0.8850663304328918
v 2.4708240032196045 10.638279914855957 0.6355162858963013
v 2.7294399738311768 10.638279914855957 0.6355162858963013
v 2.7294399738311768 10.724668502807617 0.30423834919929504
v 2.4708240032196045 10.724668502807617 0.30423834919929504
v 2.139796018600464 11.681638717651367 0.553787350654602
v 2.363765001296997 11.781803131103516 0.5799073576927185
v 2.7294399738311768 10.638279914855957 0.6355162858963013
v 2.4708240032196045 10.638279914855957 0.6355162858963013
v 2.139796018600464 9.681309700012207 0.38596630096435547
v 2.363765001296997 9.581146240234375 0.3598473072052002
v 2.363765001296997 9.667533874511719 0.02856832928955555
v 2.139796018600464 9.767698287963867 0.05468833073973656
v 2.363765001296997 9.581146240234375 0.3598473072052002
v 2.139796018600464 9.681309700012207 0.38596630096435547
v 1.2354120016098022 8.980757713317871 0.20328329503536224
v 1.3647199869155884 8.807268142700195 0.1580422967672348
v 1.3647199869155884 8.893656730651855 -0.173235684633255
v 1.2354120016098022 9.067146301269531 -0.12799468636512756
v 2.139796018600464 9.767698287963867 0.05468833073973656
v 2.363765001296997 9.667533874511719 0.02856832928955555
v -1.364719033241272 8.807268142700195 0.1580422967672348
v -1.2354110479354858 8.980757713317871 0.20328329503536224
v -2.1397950649261475 9.681309700012207 0.38596630096435547
v -2.3637640476226807 9.581146240234375 0.3598473072052002
v -2.3637640476226807 9.667533874511719 0.02856832928955555
v -2.1397950649261475 9.767698287963867 0.05468833073973656
v -1.2354110479354858 9.067146301269531 -0.12799468636512756
v -1.364719033241272 8.893656730651855 -0.173235684633255
v -2.3637640476226807 9.581146240234375 0.3598473072052002
v -2.1397950649261475 9.681309700012207 0.38596630096435547
v -2.470823049545288 10.638279914855957 0.6355162858963013
v -2.7294390201568604 10.638279914855957 0.6355162858963013
v -2.7294390201568604 10.724668502807617 0.30423834919929504
v -2.470823049545288 10.724668502807617 0.30423834919929504
v -2.1397950649261475 9.767698287963867 0.05468833073973656
v -2.3637640476226807 9.667533874511719 0.02856832928955555
v -2.7294390201568604 10.638279914855957 0.6355162858963013
v -2.470823049545288 10.638279914855957 0.6355162858963013
v -2.1397950649261475 11.595250129699707 0.8850663304328918
v -2.3637640476226807 11.695413589477539 0.9111863374710083
v -2.3637640476226807 11.781803131103516 0.5799073576927185
v -2.1397950649261475 11.681638717651367 0.553787350654602
v -2.470823049545288 10.724668502807617 0.30423834919929504
v -2.7294390201568604 10.724668502807617 0.30423834919929504
v -2.3637640476226807 11.695413589477539 0.9111863374710083
v -2.1397950649261475 11.595250129699707 0.8850663304328918
v -1.2354110479354858 12.295802116394043 1.0677493810653687
v -1.364719033241272 12.469291687011719 1.112990379333496
v -1.364719033241272 12.555680274963379 0.7817113399505615
v -1.2354110479354858 12.382190704345703 0.7364703416824341
v -2.1397950649261475 11.681638717651367 0.553787350654602
v -2.3637640476226807 11.781803131103516 0.5799073576927185
v -1.364719033241272 12.469291687011719 1.112990379333496
v 0 12.552221298217773 1.1346153020858765
v 0 12.752549171447754 1.1868553161621094
v 0 12.838937759399414 0.8555774092674255
v 0 12.638609886169434 0.8033373355865479
v 0 12.752549171447754 1.1868553161621094
v 1.3647199869155884 12.555680274963379 0.7817113399505615
v 1.2354120016098022 12.382190704345703 0.7364703416824341
v 0 12.638609886169434 0.8033373355865479
v 0 12.838937759399414 0.8555774092674255
v -1.6278610229492188 7.639675617218018 -2.9794554710388184
v -1.6278610229492188 7.639675617218018 -0.6987857222557068
v -1.6278610229492188 8.477226257324219 -0.698785662651062
v -1.6278610229492188 8.477227210998535 -2.3952155113220215
v 1.6278610229492188 7.639675617218018 -0.6987857222557068
v 1.6278610229492188 7.639675617218018 -2.989086627960205
v 1.6278610229492188 8.477227210998535 -2.3952155113220215
v 1.6278610229492188 8.477226257324219 -0.698785662651062
v 1.6278610229492188 2.6088829040527344 -2.989086866378784
v 1.6278610229492188 2.6088826656341553 -0.6987859010696411
v 1.6278610229492188 1.4570308923721313 -0.6987859010696411
v 1.6278610229492188 1.457031011581421 -2.204671859741211
v -1.6278610229492188 2.6088826656341553 -0.6987859010696411
v -1.6278610229492188 2.6088829040527344 -2.989086866378784
v -1.6278610229492188 1.457031011581421 -2.204671859741211
v -1.6278610229492188 1.4570308923721313 -0.6987859010696411
v 1.6278610229492188 7.639675617218018 -2.989086627960205
v -1.6278610229492188 7.639675617218018 -2.9794554710388184
v -1.6278610229492188 8.477227210998535 -2.3952155113220215
v 1.6278610229492188 8.477227210998535 -2.3952155113220215
v -1.0875970125198364 6.6596903800964355 -3.232133626937866
v 1.0875970125198364 6.6596903800964355 -3.232133626937866
v 1.0875970125198364 6.1042633056640625 -3.2672126293182373
v -1.0875970125198364 6.1042633056640625 -3.2672126293182373
v -1.0875970125198364 5.4019927978515625 -3.313732624053955
v 1.0875970125198364 5.4019927978515625 -3.313732624053955
v 1.0875970125198364 4.846566200256348 -3.313732624053955
v -1.0875970125198364 4.846566200256348 -3.313732624053955
v -1.0875970125198364 4.1442952156066895 -3.2672128677368164
v 1.0875970125198364 4.1442952156066895 -3.2672128677368164
v 1.0875970125198364 3.5888679027557373 -3.2321338653564453
v -1.0875970125198364 3.5888679027557373 -3.2321338653564453
v -1.6278610229492188 2.6088829040527344 -2.989086866378784
v 1.6278610229492188 2.6088829040527344 -2.989086866378784
v 1.6278610229492188 1.457031011581421 -2.204671859741211
v -1.6278610229492188 1.457031011581421 -2.204671859741211
v 1.6278610229492188 1.457031011581421 -2.204671859741211
v 1.6278610229492188 1.4570308923721313 -0.6987859010696411
v -1.6278610229492188 1.4570308923721313 -0.6987859010696411
v -1.6278610229492188 1.457031011581421 -2.204671859741211
v 1.6278610229492188 8.477226257324219 -0.698785662651062
v 1.6278610229492188 8.477227210998535 -2.3952155113220215
v -1.6278610229492188 8.477227210998535 -2.3952155113220215
v -1.6278610229492188 8.477226257324219 -0.698785662651062
v -1.2312419414520264 6.696370601654053 -3.0847666263580322
v 1.2312419414520264 6.696370601654053 -3.0847675800323486
v 1.0875970125198364 6.6596903800964355 -3.232133626937866
v -1.0875970125198364 6.6596903800964355 -3.232133626937866
v 1.2312419414520264 6.696370601654053 -3.0847675800323486
v 1.2312419414520264 6.06758451461792 -3.1535675525665283
v 1.0875970125198364 6.1042633056640625 -3.2672126293182373
v 1.0875970125198364 6.6596903800964355 -3.232133626937866
v 1.2312419414520264 6.06758451461792 -3.1535675525665283
v -1.2312419414520264 6.06758451461792 -3.1535675525665283
v -1.0875970125198364 6.1042633056640625 -3.2672126293182373
v 1.0875970125198364 6.1042633056640625 -3.2672126293182373
v -1.2312419414520264 6.06758451461792 -3.1535675525665283
v -1.2312419414520264 6.696370601654053 -3.0847666263580322
v -1.0875970125198364 6.6596903800964355 -3.232133626937866
v -1.0875970125198364 6.1042633056640625 -3.2672126293182373
v -1.2312419414520264 5.43867301940918 -3.1811676025390625
v 1.2312419414520264 5.43867301940918 -3.1811676025390625
v 1.0875970125198364 5.4019927978515625 -3.313732624053955
v -1.0875970125198364 5.4019927978515625 -3.313732624053955
v 1.2312419414520264 5.43867301940918 -3.1811676025390625
v 1.2312419414520264 4.8098859786987305 -3.1811678409576416
v 1.0875970125198364 4.846566200256348 -3.313732624053955
v 1.0875970125198364 5.4019927978515625 -3.313732624053955
v 1.2312419414520264 4.8098859786987305 -3.1811678409576416
v -1.2312419414520264 4.8098859786987305 -3.1811678409576416
v -1.0875970125198364 4.846566200256348 -3.313732624053955
v 1.0875970125198364 4.846566200256348 -3.313732624053955
v -1.2312419414520264 4.8098859786987305 -3.1811678409576416
v -1.2312419414520264 5.43867301940918 -3.1811676025390625
v -1.0875970125198364 5.4019927978515625 -3.313732624053955
v -1.0875970125198364 4.846566200256348 -3.313732624053955
v -1.2312419414520264 4.180974006652832 -3.1535677909851074
v 1.2312419414520264 4.180974006652832 -3.1535677909851074
v 1.0875970125198364 4.1442952156066895 -3.2672128677368164
v -1.0875970125198364 4.1442952156066895 -3.2672128677368164
v 1.2312419414520264 4.180974006652832 -3.1535677909851074
v 1.2312419414520264 3.552187919616699 -3.0847678184509277
v 1.0875970125198364 3.5888679027557373 -3.2321338653564453
v 1.0875970125198364 4.1442952156066895 -3.2672128677368164
v 1.2312419414520264 3.552187919616699 -3.0847678184509277
v -1.2312419414520264 3.552187919616699 -3.0847668647766113
v -1.0875970125198364 3.5888679027557373 -3.2321338653564453
v 1.0875970125198364 3.5888679027557373 -3.2321338653564453
v -1.2312419414520264 3.552187919616699 -3.0847668647766113
v -1.2312419414520264 4.180974006652832 -3.1535677909851074
v -1.0875970125198364 4.1442952156066895 -3.2672128677368164
v -1.0875970125198364 3.5888679027557373 -3.2321338653564453
v 2.4873270988464355 4.361319541931152 3.384023904800415
v 2.186753988265991 4.361319541931152 3.245703935623169
v 2.186753988265991 4.21852445602417 3.245703935623169
v 2.4873270988464355 4.21852445602417 3.384023904800415
v 2.186753988265991 4.361319541931152 3.245703935623169
v 2.186753988265991 4.361319541931152 3.074733018875122
v 2.186753988265991 4.21852445602417 3.074733018875122
v 2.186753988265991 4.21852445602417 3.245703935623169
v 2.186753988265991 4.361319541931152 3.074733018875122
v 2.4873270988464355 4.361319541931152 2.9364140033721924
v 2.4873270988464355 4.21852445602417 2.9364140033721924
v 2.186753988265991 4.21852445602417 3.074733018875122
v 2.4873270988464355 4.361319541931152 2.9364140033721924
v 2.6499319076538086 4.361319541931152 2.883579969406128
v 2.6499319076538086 4.21852445602417 2.883579969406128
v 2.4873270988464355 4.21852445602417 2.9364140033721924
v 2.6499319076538086 4.361319541931152 2.883579969406128
v 2.812535047531128 4.361319541931152 2.9364140033721924
v 2.812535047531128 4.21852445602417 2.9364140033721924
v 2.6499319076538086 4.21852445602417 2.883579969406128
v 2.812535047531128 4.361319541931152 2.9364140033721924
v 3.1107449531555176 4.361319541931152 3.074733018875122
v 3.1107449531555176 4.21852445602417 3.074733018875122
v 2.812535047531128 4.21852445602417 2.9364140033721924
v 3.1107449531555176 4.361319541931152 3.074733018875122
v 3.1107449531555176 4.361319541931152 3.2457048892974854
v 3.1107449531555176 4.21852445602417 3.2457048892974854
v 3.1107449531555176 4.21852445602417 3.074733018875122
v 3.1107449531555176 4.361319541931152 3.2457048892974854
v 2.812535047531128 4.361319541931152 3.384023904800415
v 2.812535047531128 4.21852445602417 3.384023904800415
v 3.1107449531555176 4.21852445602417 3.2457048892974854
v 2.812535047531128 4.361319541931152 3.384023904800415
v 2.6499319076538086 4.361319541931152 3.4368579387664795
v 2.6499319076538086 4.21852445602417 3.4368579387664795
v 2.812535047531128 4.21852445602417 3.384023904800415
v 2.6499319076538086 4.361319541931152 3.4368579387664795
v 2.4873270988464355 4.361319541931152 3.384023904800415
v 2.4873270988464355 4.21852445602417 3.384023904800415
v 2.6499319076538086 4.21852445602417 3.4368579387664795
v 2.76269793510437 4.21852445602417 3.0050079822540283
v 2.832392930984497 4.21852445602417 3.1009340286254883
v 2.8323938846588135 3.353789806365967 3.1009340286254883
v 2.7626988887786865 3.353789806365967 3.0050079822540283
v 2.6499319076538086 4.21852445602417 2.968367099761963
v 2.76269793510437 4.21852445602417 3.0050079822540283
v 2.7626988887786865 3.353789806365967 3.0050079822540283
v 2.6499319076538086 3.353789806365967 2.9683680534362793
v 2.537163019180298 4.21852445602417 3.0050079822540283
v 2.6499319076538086 4.21852445602417 2.968367099761963
v 2.6499319076538086 3.353789806365967 2.9683680534362793
v 2.5371639728546143 3.353789806365967 3.0050079822540283
v 2.4674699306488037 4.21852445602417 3.1009340286254883
v 2.537163019180298 4.21852445602417 3.0050079822540283
v 2.5371639728546143 3.353789806365967 3.0050079822540283
v 2.4674699306488037 3.353789806365967 3.1009340286254883
v 2.4674699306488037 4.21852445602417 3.2195041179656982
v 2.4674699306488037 4.21852445602417 3.1009340286254883
v 2.4674699306488037 3.353789806365967 3.1009340286254883
v 2.4674699306488037 3.353789806365967 3.2195041179656982
v 2.537163019180298 4.21852445602417 3.315429925918579
v 2.4674699306488037 4.21852445602417 3.2195041179656982
v 2.4674699306488037 3.353789806365967 3.2195041179656982
v 2.5371639728546143 3.353789806365967 3.315429925918579
v 2.6499319076538086 4.21852445602417 3.3520710468292236
v 2.537163019180298 4.21852445602417 3.315429925918579
v 2.5371639728546143 3.353789806365967 3.315429925918579
v 2.6499319076538086 3.353789806365967 3.3520710468292236
v 2.76269793510437 4.21852445602417 3.315429925918579
v 2.6499319076538086 4.21852445602417 3.3520710468292236
v 2.6499319076538086 3.353789806365967 3.3520710468292236
v 2.7626988887786865 3.353789806365967 3.315429925918579
v 2.832392930984497 4.21852445602417 3.2195050716400146
v 2.76269793510437 4.21852445602417 3.315429925918579
v 2.7626988887786865 3.353789806365967 3.315429925918579
v 2.8323938846588135 3.353789806365967 3.2195050716400146
v 2.832392930984497 4.21852445602417 3.1009340286254883
v 2.832392930984497 4.21852445602417 3.2195050716400146
v 2.8323938846588135 3.353789806365967 3.2195050716400146
v 2.8323938846588135 3.353789806365967 3.1009340286254883
v 2.4674699306488037 4.21852445602417 3.2195041179656982
v 2.537163019180298 4.21852445602417 3.315429925918579
v 2.4873270988464355 4.21852445602417 3.384023904800415
v 2.186753988265991 4.21852445602417 3.245703935623169
v 2.4674699306488037 4.21852445602417 3.1009340286254883
v 2.186753988265991 4.21852445602417 3.074733018875122
v 2.537163019180298 4.21852445602417 3.0050079822540283
v 2.4674699306488037 4.21852445602417 3.1009340286254883
v 2.186753988265991 4.21852445602417 3.074733018875122
v 2.4873270988464355 4.21852445602417 2.9364140033721924
v 2.6499319076538086 4.21852445602417 2.968367099761963
v 2.537163019180298 4.21852445602417 3.0050079822540283
v 2.4873270988464355 4.21852445602417 2.9364140033721924
v 2.6499319076538086 4.21852445602417 2.883579969406128
v 2.76269793510437 4.21852445602417 3.0050079822540283
v 2.6499319076538086 4.21852445602417 2.968367099761963
v 2.6499319076538086 4.21852445602417 2.883579969406128
v 2.812535047531128 4.21852445602417 2.9364140033721924
v 2.832392930984497 4.21852445602417 3.1009340286254883
v 2.76269793510437 4.21852445602417 3.0050079822540283
v 2.812535047531128 4.21852445602417 2.9364140033721924
v 3.1107449531555176 4.21852445602417 3.074733018875122
v 2.832392930984497 4.21852445602417 3.2195050716400146
v 3.1107449531555176 4.21852445602417 3.2457048892974854
v 2.76269793510437 4.21852445602417 3.315429925918579
v 2.832392930984497 4.21852445602417 3.2195050716400146
v 3.1107449531555176 4.21852445602417 3.2457048892974854
v 2.812535047531128 4.21852445602417 3.384023904800415
v 2.6499319076538086 4.21852445602417 3.3520710468292236
v 2.76269793510437 4.21852445602417 3.315429925918579
v 2.812535047531128 4.21852445602417 3.384023904800415
v 2.6499319076538086 4.21852445602417 3.4368579387664795
v 2.537163019180298 4.21852445602417 3.315429925918579
v 2.6499319076538086 4.21852445602417 3.3520710468292236
v 2.6499319076538086 4.21852445602417 3.4368579387664795
v 2.4873270988464355 4.21852445602417 3.384023904800415
v 3.022260904312134 2.9510817527770996 3.622191905975342
v 3.022260904312134 3.323004722595215 3.622191905975342
v 2.2776029109954834 3.323004722595215 3.622191905975342
v 2.2776029109954834 2.9510817527770996 3.622191905975342
v 2.791666030883789 2.9510817527770996 2.5183680057525635
v 2.791666030883789 3.323004722595215 2.5183680057525635
v 3.022260904312134 3.323004722595215 2.63592791557312
v 3.022260904312134 2.9510817527770996 2.63592791557312
v 2.791666030883789 3.323004722595215 2.5183680057525635
v 2.5081980228424072 3.323004722595215 2.5183680057525635
v 2.2776029109954834 3.323004722595215 2.63592791557312
v 3.022260904312134 3.323004722595215 2.63592791557312
v 2.5081980228424072 3.323004722595215 2.5183680057525635
v 2.5081980228424072 2.9510817527770996 2.5183680057525635
v 2.2776029109954834 2.9510817527770996 2.63592791557312
v 2.2776029109954834 3.323004722595215 2.63592791557312
v 2.5081980228424072 2.9510817527770996 2.5183680057525635
v 2.791666030883789 2.9510817527770996 2.5183680057525635
v 3.022260904312134 2.9510817527770996 2.63592791557312
v 2.2776029109954834 2.9510817527770996 2.63592791557312
v 3.022260904312134 2.9510817527770996 2.63592791557312
v 3.022260904312134 3.323004722595215 2.63592791557312
v 3.022260904312134 3.323004722595215 3.622191905975342
v 3.022260904312134 2.9510817527770996 3.622191905975342
v 3.022260904312134 3.323004722595215 2.63592791557312
v 2.2776029109954834 3.323004722595215 2.63592791557312
v 2.2776029109954834 3.323004722595215 3.622191905975342
v 3.022260904312134 3.323004722595215 3.622191905975342
v 2.2776029109954834 3.323004722595215 2.63592791557312
v 2.2776029109954834 2.9510817527770996 2.63592791557312
v 2.2776029109954834 2.9510817527770996 3.622191905975342
v 2.2776029109954834 3.323004722595215 3.622191905975342
v 3.022260904312134 2.9510817527770996 3.622191905975342
v 2.2776029109954834 2.9510817527770996 3.622191905975342
v 2.6499319076538086 6.00518274307251 -2.583484411239624
v 2.6499319076538086 6.356408596038818 -2.479583501815796
v 2.8696770668029785 6.336154460906982 -2.4111175537109375
v 2.8696770668029785 5.984928607940674 -2.5150177478790283
v 2.6499319076538086 6.356408596038818 -2.479583501815796
v 2.6499319076538086 6.00518274307251 -2.583484411239624
v 2.4301838874816895 5.984928607940674 -2.5150177478790283
v 2.4301838874816895 6.336154460906982 -2.411116600036621
v 2.4301838874816895 6.336154460906982 -2.411116600036621
v 2.4301838874816895 5.984928607940674 -2.5150177478790283
v 2.2943739891052246 5.9319024085998535 -2.3357677459716797
v 2.2943739891052246 6.283129692077637 -2.231867790222168
v 2.2943739891052246 6.283129692077637 -2.231867790222168
v 2.2943739891052246 5.9319024085998535 -2.3357677459716797
v 2.2943739891052246 5.866359710693359 -2.1142046451568604
v 2.2943739891052246 6.217586517333984 -2.0103037357330322
v 2.2943739891052246 6.217586517333984 -2.0103037357330322
v 2.2943739891052246 5.866359710693359 -2.1142046451568604
v 2.4301838874816895 5.813333511352539 -1.9349555969238281
v 2.4301838874816895 6.164560317993164 -1.8310556411743164
v 2.4301838874816895 6.164560317993164 -1.8310556411743164
v 2.4301838874816895 5.813333511352539 -1.9349555969238281
v 2.6499319076538086 5.793079376220703 -1.8664876222610474
v 2.6499319076538086 6.144306659698486 -1.7625876665115356
v 2.6499319076538086 6.144306659698486 -1.7625876665115356
v 2.6499319076538086 5.793079376220703 -1.8664876222610474
v 2.8696770668029785 5.813333511352539 -1.9349546432495117
v 2.8696770668029785 6.164560317993164 -1.8310546875
v 2.8696770668029785 6.164560317993164 -1.8310546875
v 2.8696770668029785 5.813333511352539 -1.9349546432495117
v 3.0054891109466553 5.866359710693359 -2.114203691482544
v 3.0054891109466553 6.217586517333984 -2.0103037357330322
v 3.0054891109466553 6.217586517333984 -2.0103037357330322
v 3.0054891109466553 5.866359710693359 -2.114203691482544
v 3.0054891109466553 5.9319024085998535 -2.335768699645996
v 3.0054891109466553 6.283129692077637 -2.2318687438964844
v 3.0054891109466553 6.283129692077637 -2.2318687438964844
v 3.0054891109466553 5.9319024085998535 -2.335768699645996
v 2.8696770668029785 5.984928607940674 -2.5150177478790283
v 2.8696770668029785 6.336154460906982 -2.4111175537109375
v 2.4973080158233643 7.184530735015869 -1.6256706714630127
v 2.402981996536255 7.221359729766846 -1.7501676082611084
v 2.402981996536255 6.274142742156982 -2.0303738117218018
v 2.497307062149048 6.237313747406006 -1.9058775901794434
v 2.402981996536255 7.221359729766846 -1.7501676082611084
v 2.402981996536255 7.266881465911865 -1.9040526151657104
v 2.402981996536255 6.319664478302002 -2.1842596530914307
v 2.402981996536255 6.274142742156982 -2.0303738117218018
v 2.402981996536255 7.266881465911865 -1.9040526151657104
v 2.4973080158233643 7.303710460662842 -2.0285494327545166
v 2.4973080158233643 6.3564934730529785 -2.308755874633789
v 2.402981996536255 6.319664478302002 -2.1842596530914307
v 2.4973080158233643 7.303710460662842 -2.0285494327545166
v 2.6499319076538086 7.317778587341309 -2.0761024951934814
v 2.6499319076538086 6.370561599731445 -2.3563084602355957
v 2.4973080158233643 6.3564934730529785 -2.308755874633789
v 2.6499319076538086 7.317778587341309 -2.0761024951934814
v 2.80255389213562 7.303710460662842 -2.0285494327545166
v 2.80255389213562 6.3564934730529785 -2.308755874633789
v 2.6499319076538086 6.370561599731445 -2.3563084602355957
v 2.80255389213562 7.303710460662842 -2.0285494327545166
v 2.8968820571899414 7.266881465911865 -1.9040526151657104
v 2.8968820571899414 6.319664478302002 -2.1842596530914307
v 2.80255389213562 6.3564934730529785 -2.308755874633789
v 2.8968820571899414 7.266881465911865 -1.9040526151657104
v 2.8968820571899414 7.221359729766846 -1.750166654586792
v 2.8968820571899414 6.274142742156982 -2.0303738117218018
v 2.8968820571899414 6.319664478302002 -2.1842596530914307
v 2.8968820571899414 7.221359729766846 -1.750166654586792
v 2.80255389213562 7.184530735015869 -1.6256706714630127
v 2.80255389213562 6.237313747406006 -1.9058775901794434
v 2.8968820571899414 6.274142742156982 -2.0303738117218018
v 2.80255389213562 7.184530735015869 -1.6256706714630127
v 2.6499319076538086 7.170463562011719 -1.5781176090240479
v 2.6499319076538086 6.2232465744018555 -1.858324646949768
v 2.80255389213562 6.237313747406006 -1.9058775901794434
v 2.6499319076538086 7.170463562011719 -1.5781176090240479
v 2.4973080158233643 7.184530735015869 -1.6256706714630127
v 2.497307062149048 6.237313747406006 -1.9058775901794434
v 2.6499319076538086 6.2232465744018555 -1.858324646949768
v 2.4973080158233643 5.91217565536499 -2.440194845199585
v 2.649930953979492 5.926242351531982 -2.4877476692199707
v 2.6499319076538086 3.0382919311523438 -3.34206485748291
v 2.4973080158233643 3.0242249965667725 -3.294510841369629
v 2.402981996536255 5.875346660614014 -2.3156988620758057
v 2.4973080158233643 5.91217565536499 -2.440194845199585
v 2.4973080158233643 3.0242249965667725 -3.294510841369629
v 2.402981996536255 2.987396001815796 -3.1700148582458496
v 2.402981996536255 5.8298234939575195 -2.1618127822875977
v 2.402981996536255 5.875346660614014 -2.3156988620758057
v 2.402981996536255 2.987396001815796 -3.1700148582458496
v 2.402981996536255 2.9418740272521973 -3.0161287784576416
v 2.4973080158233643 5.792994499206543 -2.0373167991638184
v 2.402981996536255 5.8298234939575195 -2.1618127822875977
v 2.402981996536255 2.9418740272521973 -3.0161287784576416
v 2.4973080158233643 2.9050450325012207 -2.8916327953338623
v 2.649930953979492 5.778927326202393 -1.9897626638412476
v 2.4973080158233643 5.792994499206543 -2.0373167991638184
v 2.4973080158233643 2.9050450325012207 -2.8916327953338623
v 2.6499319076538086 2.890976905822754 -2.8440797328948975
v 2.80255389213562 5.792994499206543 -2.0373167991638184
v 2.649930953979492 5.778927326202393 -1.9897626638412476
v 2.6499319076538086 2.890976905822754 -2.8440797328948975
v 2.80255389213562 2.9050450325012207 -2.8916327953338623
v 2.8968820571899414 5.8298234939575195 -2.1618127822875977
v 2.80255389213562 5.792994499206543 -2.0373167991638184
v 2.80255389213562 2.9050450325012207 -2.8916327953338623
v 2.8968820571899414 2.9418740272521973 -3.0161287784576416
v 2.8968820571899414 5.875346660614014 -2.3156988620758057
v 2.8968820571899414 5.8298234939575195 -2.1618127822875977
v 2.8968820571899414 2.9418740272521973 -3.0161287784576416
v 2.8968820571899414 2.987396001815796 -3.1700148582458496
v 2.80255389213562 5.91217565536499 -2.440194845199585
v 2.8968820571899414 5.875346660614014 -2.3156988620758057
v 2.8968820571899414 2.987396001815796 -3.1700148582458496
v 2.80255389213562 3.0242249965667725 -3.294510841369629
v 2.649930953979492 5.926242351531982 -2.4877476692199707
v 2.80255389213562 5.91217565536499 -2.440194845199585
v 2.80255389213562 3.0242249965667725 -3.294510841369629
v 2.6499319076538086 3.0382919311523438 -3.34206485748291
v 3.4731059074401855 3.9722487926483154 -3.208167791366577
v 3.4731059074401855 3.2881417274475098 -0.7727668285369873
v 3.4731059074401855 5.1796064376831055 -0.24145179986953735
v 3.4731059074401855 5.86371374130249 -2.6768524646759033
v 3.4731059074401855 5.86371374130249 -2.6768524646759033
v 3.4731059074401855 5.1796064376831055 -0.24145179986953735
v 4.974855899810791 5.1796064376831055 -0.24145179986953735
v 4.974855899810791 5.86371374130249 -2.6768524646759033
v 4.974855899810791 5.86371374130249 -2.6768524646759033
v 4.974855899810791 5.1796064376831055 -0.24145179986953735
v 4.974855899810791 3.2881417274475098 -0.7727668285369873
v 4.974855899810791 3.9722487926483154 -3.208167791366577
v 4.974855899810791 3.9722487926483154 -3.208167791366577
v 4.974855899810791 3.2881417274475098 -0.7727668285369873
v 3.4731059074401855 3.2881417274475098 -0.7727668285369873
v 3.4731059074401855 3.9722487926483154 -3.208167791366577
v 4.974855899810791 3.9722487926483154 -3.208167791366577
v 3.4731059074401855 3.9722487926483154 -3.208167791366577
v 3.4731059074401855 5.86371374130249 -2.6768524646759033
v 4.974855899810791 5.86371374130249 -2.6768524646759033
v 1.285841941833496 1.3472390174865723 -1.8923848867416382
v 1.394394040107727 1.3145760297775269 -1.8536028861999512
v 1.3708839416503906 1.9818809032440186 -1.5370569229125977
v 1.2642090320587158 2.0009100437164307 -1.5881738662719727
v 1.394394040107727 1.3145760297775269 -1.8536028861999512
v 1.503952980041504 1.362879991531372 -1.8578548431396484
v 1.4848450422286987 1.998207926750183 -1.5702358484268188
v 1.3708839416503906 1.9818809032440186 -1.5370569229125977
v 1.5063849687576294 1.5583499670028687 -1.9617538452148438
v 1.3978339433670044 1.5910120010375977 -2.0005366802215576
v 1.3957610130310059 2.102587938308716 -1.8248587846755981
v 1.5024360418319702 2.083559989929199 -1.7737418413162231
v 1.3978339433670044 1.5910120010375977 -2.0005366802215576
v 1.2882740497589111 1.5427089929580688 -1.9962838888168335
v 1.2817989587783813 2.0862619876861572 -1.791679859161377
v 1.3957610130310059 2.102587938308716 -1.8248587846755981
v 0.7984330058097839 1.795840859413147 1.5375059843063354
v 0.7984330058097839 2.3374507427215576 1.5375059843063354
v 1.4889780282974243 2.3374507427215576 1.1380499601364136
v 1.4889780282974243 1.795840859413147 1.1380499601364136
v 1.4889780282974243 1.795840859413147 1.1380499601364136
v 1.4889780282974243 2.3374507427215576 1.1380499601364136
v 1.7488709688186646 2.3374507427215576 0.5532660484313965
v 1.7488709688186646 1.795840859413147 0.5532659888267517
v -1.7488709688186646 1.795840859413147 0.5532659888267517
v -1.7488709688186646 2.3374507427215576 0.5532660484313965
v -1.4889780282974243 2.3374507427215576 1.1380499601364136
v -1.4889780282974243 1.795840859413147 1.1380499601364136
v -1.4889780282974243 1.795840859413147 1.1380499601364136
v -1.4889780282974243 2.3374507427215576 1.1380499601364136
v -0.7623109817504883 2.3374507427215576 1.5375059843063354
v -0.7623109817504883 1.795840859413147 1.5375059843063354
v -0.7623109817504883 1.795840859413147 1.5375059843063354
v -0.7623109817504883 2.3374507427215576 1.5375059843063354
v 0.04780200123786926 2.3374507427215576 1.6872639656066895
v 0.04780200123786926 1.795840859413147 1.6872639656066895
v 0.04780200123786926 1.795840859413147 1.6872639656066895
v 0.04780200123786926 2.3374507427215576 1.6872639656066895
v 0.7984330058097839 2.3374507427215576 1.5375059843063354
v 0.7984330058097839 1.795840859413147 1.5375059843063354
v 0.905256986618042 1.795840859413147 1.6906930208206177
v 1.692821979522705 1.795840859413147 1.232956051826477
v 1.692821979522705 2.3374507427215576 1.232956051826477
v 0.905256986618042 2.3374507427215576 1.6906930208206177
v 1.692821979522705 1.795840859413147 1.232956051826477
v 1.9934660196304321 1.795840859413147 0.6076769828796387
v 1.9934660196304321 2.3374507427215576 0.6076770424842834
v 1.692821979522705 2.3374507427215576 1.232956051826477
v -1.9934649467468262 1.795840859413147 0.6076769828796387
v -1.692821979522705 1.795840859413147 1.232956051826477
v -1.692821979522705 2.3374507427215576 1.232956051826477
v -1.9934649467468262 2.3374507427215576 0.6076770424842834
v -1.692821979522705 1.795840859413147 1.232956051826477
v -0.8714470267295837 1.795840859413147 1.6906930208206177
v -0.8714470267295837 2.3374507427215576 1.6906930208206177
v -1.692821979522705 2.3374507427215576 1.232956051826477
v -0.8714470267295837 1.795840859413147 1.6906930208206177
v 0.04053400084376335 1.795840859413147 1.8582359552383423
v 0.04053400084376335 2.3374507427215576 1.8582359552383423
v -0.8714470267295837 2.3374507427215576 1.6906930208206177
v 0.04053400084376335 1.795840859413147 1.8582359552383423
v 0.905256986618042 1.795840859413147 1.6906930208206177
v 0.905256986618042 2.3374507427215576 1.6906930208206177
v 0.04053400084376335 2.3374507427215576 1.8582359552383423
v -5.493195056915283 6.05076265335083 1.2291841506958008
v -4.583548069000244 5.9880757331848145 1.5180211067199707
v -4.583548069000244 6.498712539672852 1.4507040977478027
v -5.390865802764893 6.554347515106201 1.1943581104278564
v -5.390865802764893 6.554347515106201 1.1943581104278564
v -4.583548069000244 6.498712539672852 1.4507040977478027
v -4.583548069000244 6.91238260269165 1.110408067703247
v -5.143824100494385 6.950994491577148 0.932505190372467
v -5.143824100494385 6.950994491577148 0.932505190372467
v -5.490094184875488 7.05208158493042 0.4667492210865021
v -5.889815807342529 6.700006484985352 0.5232371687889099
v -5.390865802764893 6.554347515106201 1.1943581104278564
v -5.390865802764893 6.554347515106201 1.1943581104278564
v -5.889815807342529 6.700006484985352 0.5232371687889099
v -6.055386066436768 6.214883327484131 0.47299718856811523
v -5.493195056915283 6.05076265335083 1.2291841506958008
v -5.490094184875488 7.05208158493042 0.4667492210865021
v -5.490093231201172 7.177031517028809 -0.10895774513483047
v -5.889815807342529 6.8800506591796875 -0.30631372332572937
v -5.889815807342529 6.700006484985352 0.5232371687889099
v -5.889815807342529 6.700006484985352 0.5232371687889099
v -5.889815807342529 6.8800506591796875 -0.30631372332572937
v -6.055387020111084 6.417747497558594 -0.46170076727867126
v -6.055386066436768 6.214883327484131 0.47299718856811523
v -5.490093231201172 7.177031517028809 -0.10895774513483047
v -5.143824100494385 7.278117656707764 -0.5747137069702148
v -5.390864849090576 7.0257086753845215 -0.9774357080459595
v -5.889815807342529 6.8800506591796875 -0.30631372332572937
v -5.889815807342529 6.8800506591796875 -0.30631372332572937
v -5.390864849090576 7.0257086753845215 -0.9774357080459595
v -5.49319314956665 6.581869602203369 -1.2178877592086792
v -6.055387020111084 6.417747497558594 -0.46170076727867126
v -5.143824100494385 7.278117656707764 -0.5747137069702148
v -4.583547115325928 7.316729545593262 -0.7526167035102844
v -4.583547115325928 7.081345558166504 -1.2337816953659058
v -5.390864849090576 7.0257086753845215 -0.9774357080459595
v -5.390864849090576 7.0257086753845215 -0.9774357080459595
v -4.583547115325928 7.081345558166504 -1.2337816953659058
v -4.583547115325928 6.644556522369385 -1.5067245960235596
v -5.49319314956665 6.581869602203369 -1.2178877592086792
v -4.583547115325928 7.316729545593262 -0.7526167035102844
v -4.023270130157471 7.278117656707764 -0.5747137069702148
v -3.7762279510498047 7.0257086753845215 -0.9774357080459595
v -4.583547115325928 7.081345558166504 -1.2337816953659058
v -4.583547115325928 7.081345558166504 -1.2337816953659058
v -3.7762279510498047 7.0257086753845215 -0.9774357080459595
v -3.6738998889923096 6.581869602203369 -1.2178877592086792
v -4.583547115325928 6.644556522369385 -1.5067245960235596
v -4.023270130157471 7.278117656707764 -0.5747137069702148
v -3.677000045776367 7.177031517028809 -0.10895774513483047
v -3.277277946472168 6.8800506591796875 -0.30631473660469055
v -3.7762279510498047 7.0257086753845215 -0.9774357080459595
v -3.7762279510498047 7.0257086753845215 -0.9774357080459595
v -3.277277946472168 6.8800506591796875 -0.30631473660469055
v -3.111707925796509 6.417747497558594 -0.46170076727867126
v -3.6738998889923096 6.581869602203369 -1.2178877592086792
v -3.677000045776367 7.177031517028809 -0.10895774513483047
v -3.677000045776367 7.05208158493042 0.4667492210865021
v -3.277277946472168 6.700006484985352 0.5232371687889099
v -3.277277946472168 6.8800506591796875 -0.30631473660469055
v -3.277277946472168 6.8800506591796875 -0.30631473660469055
v -3.277277946472168 6.700006484985352 0.5232371687889099
v -3.111707925796509 6.214883327484131 0.47299718856811523
v -3.111707925796509 6.417747497558594 -0.46170076727867126
v -3.677000045776367 7.05208158493042 0.4667492210865021
v -4.023270130157471 6.950994491577148 0.932505190372467
v -3.776228904724121 6.554348468780518 1.1943581104278564
v -3.277277946472168 6.700006484985352 0.5232371687889099
v -3.277277946472168 6.700006484985352 0.5232371687889099
v -3.776228904724121 6.554348468780518 1.1943581104278564
v -3.673901081085205 6.05076265335083 1.2291830778121948
v -3.111707925796509 6.214883327484131 0.47299718856811523
v -4.023270130157471 6.950994491577148 0.932505190372467
v -4.583548069000244 6.91238260269165 1.110408067703247
v -4.583548069000244 6.498712539672852 1.4507040977478027
v -3.776228904724121 6.554348468780518 1.1943581104278564
v -3.776228904724121 6.554348468780518 1.1943581104278564
v -4.583548069000244 6.498712539672852 1.4507040977478027
v -4.583548069000244 5.9880757331848145 1.5180211067199707
v -3.673901081085205 6.05076265335083 1.2291830778121948
v -6.212406158447266 1.9600489139556885 -0.3982539176940918
v -5.865228176116943 1.720875859260559 -0.5655948519706726
v -5.375669002532959 1.5779598951339722 0.0928940549492836
v -5.590238094329834 1.778419852256775 0.4386040270328522
v -6.212406158447266 2.184556007385254 -1.432667851448059
v -5.865227222442627 1.8975309133529663 -1.3795318603515625
v -5.865228176116943 1.720875859260559 -0.5655948519706726
v -6.212406158447266 1.9600489139556885 -0.3982539176940918
v -5.590237140655518 2.366184949874878 -2.2695257663726807
v -5.375669002532959 2.040447950363159 -2.0380208492279053
v -5.865227222442627 1.8975309133529663 -1.3795318603515625
v -6.212406158447266 2.184556007385254 -1.432667851448059
v -4.583547115325928 2.435560941696167 -2.5891778469085693
v -4.583547115325928 2.0950369834899902 -2.2895407676696777
v -5.375669002532959 2.040447950363159 -2.0380208492279053
v -5.590237140655518 2.366184949874878 -2.2695257663726807
v -3.576857089996338 2.366184949874878 -2.2695257663726807
v -3.791424036026001 2.040447950363159 -2.0380208492279053
v -4.583547115325928 2.0950369834899902 -2.2895407676696777
v -4.583547115325928 2.435560941696167 -2.5891778469085693
v -2.95468807220459 2.1845550537109375 -1.432667851448059
v -3.301866054534912 1.8975309133529663 -1.3795318603515625
v -3.791424036026001 2.040447950363159 -2.0380208492279053
v -3.576857089996338 2.366184949874878 -2.2695257663726807
v -2.95468807220459 1.9600489139556885 -0.3982539176940918
v -3.301866054534912 1.720875859260559 -0.5655948519706726
v -3.301866054534912 1.8975309133529663 -1.3795318603515625
v -2.95468807220459 2.1845550537109375 -1.432667851448059
v -3.5768580436706543 1.778419852256775 0.4386040270328522
v -3.7914249897003174 1.5779598951339722 0.0928940549492836
v -3.301866054534912 1.720875859260559 -0.5655948519706726
v -2.95468807220459 1.9600489139556885 -0.3982539176940918
v -4.583547115325928 1.7090438604354858 0.7582550048828125
v -4.583548069000244 1.5233708620071411 0.34441402554512024
v -3.7914249897003174 1.5779598951339722 0.0928940549492836
v -3.5768580436706543 1.778419852256775 0.4386040270328522
v -5.590238094329834 1.778419852256775 0.4386040270328522
v -5.375669002532959 1.5779598951339722 0.0928940549492836
v -4.583548069000244 1.5233708620071411 0.34441402554512024
v -4.583547115325928 1.7090438604354858 0.7582550048828125
v -5.865228176116943 1.720875859260559 -0.5655948519706726
v -5.488406181335449 0.980866014957428 -0.8514929413795471
v -5.14277982711792 0.8799679279327393 -0.3866029381752014
v -5.375669002532959 1.5779598951339722 0.0928940549492836
v -5.865227222442627 1.8975309133529663 -1.3795318603515625
v -5.488405227661133 1.1055829524993896 -1.4261268377304077
v -5.488406181335449 0.980866014957428 -0.8514929413795471
v -5.865228176116943 1.720875859260559 -0.5655948519706726
v -5.375669002532959 2.040447950363159 -2.0380208492279053
v -5.14277982711792 1.2064809799194336 -1.891015887260437
v -5.488405227661133 1.1055829524993896 -1.4261268377304077
v -5.865227222442627 1.8975309133529663 -1.3795318603515625
v -4.583547115325928 2.0950369834899902 -2.2895407676696777
v -4.583547115325928 1.2450209856033325 -2.068586826324463
v -5.14277982711792 1.2064809799194336 -1.891015887260437
v -5.375669002532959 2.040447950363159 -2.0380208492279053
v -3.791424036026001 2.040447950363159 -2.0380208492279053
v -4.024312973022461 1.2064809799194336 -1.891015887260437
v -4.583547115325928 1.2450209856033325 -2.068586826324463
v -4.583547115325928 2.0950369834899902 -2.2895407676696777
v -3.301866054534912 1.8975309133529663 -1.3795318603515625
v -3.6786880493164062 1.1055829524993896 -1.4261268377304077
v -4.024312973022461 1.2064809799194336 -1.891015887260437
v -3.791424036026001 2.040447950363159 -2.0380208492279053
v -3.301866054534912 1.720875859260559 -0.5655948519706726
v -3.6786890029907227 0.980866014957428 -0.8514929413795471
v -3.6786880493164062 1.1055829524993896 -1.4261268377304077
v -3.301866054534912 1.8975309133529663 -1.3795318603515625
v -3.7914249897003174 1.5779598951339722 0.0928940549492836
v -4.024312973022461 0.8799679279327393 -0.3866039514541626
v -3.6786890029907227 0.980866014957428 -0.8514929413795471
v -3.301866054534912 1.720875859260559 -0.5655948519706726
v -4.583548069000244 1.5233708620071411 0.34441402554512024
v -4.583548069000244 0.8414279222488403 -0.20903195440769196
v -4.024312973022461 0.8799679279327393 -0.3866039514541626
v -3.7914249897003174 1.5779598951339722 0.0928940549492836
v -5.375669002532959 1.5779598951339722 0.0928940549492836
v -5.14277982711792 0.8799679279327393 -0.3866029381752014
v -4.583548069000244 0.8414279222488403 -0.20903195440769196
v -4.583548069000244 1.5233708620071411 0.34441402554512024
v -3.584192991256714 1.045657992362976 -1.4705508947372437
v -3.743619918823242 0.2451990395784378 -1.5912728309631348
v -4.064443111419678 0.3388570547103882 -2.0228018760681152
v -3.965912103652954 1.1570930480957031 -1.9839879274368286
v -3.584192991256714 0.9079170227050781 -0.8359069228172302
v -3.743619918823242 0.12943202257156372 -1.0578738451004028
v -3.743619918823242 0.2451990395784378 -1.5912728309631348
v -3.584192991256714 1.045657992362976 -1.4705508947372437
v -3.965912103652954 0.7964819669723511 -0.32246893644332886
v -4.064444065093994 0.03577401861548424 -0.6263449192047119
v -3.743619918823242 0.12943202257156372 -1.0578738451004028
v -3.584192991256714 0.9079170227050781 -0.8359069228172302
v -4.583548069000244 0.753917932510376 -0.12635396420955658
v -4.583548069000244 1.579701880416451e-8 -0.46151596307754517
v -4.064444065093994 0.03577401861548424 -0.6263449192047119
v -3.965912103652954 0.7964819669723511 -0.32246893644332886
v -5.201180934906006 0.7964819669723511 -0.32246893644332886
v -5.102651119232178 0.03577401861548424 -0.6263449192047119
v -4.583548069000244 1.579701880416451e-8 -0.46151596307754517
v -4.583548069000244 0.753917932510376 -0.12635396420955658
v -5.582900047302246 0.9079170227050781 -0.8359069228172302
v -5.423473834991455 0.12943202257156372 -1.0578738451004028
v -5.102651119232178 0.03577401861548424 -0.6263449192047119
v -5.201180934906006 0.7964819669723511 -0.32246893644332886
v -5.582900047302246 1.045657992362976 -1.4705508947372437
v -5.423472881317139 0.2451990395784378 -1.5912728309631348
v -5.423473834991455 0.12943202257156372 -1.0578738451004028
v -5.582900047302246 0.9079170227050781 -0.8359069228172302
v -5.2011799812316895 1.1570930480957031 -1.9839879274368286
v -5.102649211883545 0.3388570547103882 -2.0228018760681152
v -5.423472881317139 0.2451990395784378 -1.5912728309631348
v -5.582900047302246 1.045657992362976 -1.4705508947372437
v -4.583547115325928 1.1996580362319946 -2.1801037788391113
v -4.583547115325928 0.3746320605278015 -2.187631845474243
v -5.102649211883545 0.3388570547103882 -2.0228018760681152
v -5.2011799812316895 1.1570930480957031 -1.9839879274368286
v -3.965912103652954 1.1570930480957031 -1.9839879274368286
v -4.064443111419678 0.3388570547103882 -2.0228018760681152
v -4.583547115325928 0.3746320605278015 -2.187631845474243
v -4.583547115325928 1.1996580362319946 -2.1801037788391113
v -3.6786880493164062 1.1055829524993896 -1.4261268377304077
v -3.584192991256714 1.045657992362976 -1.4705508947372437
v -3.965912103652954 1.1570930480957031 -1.9839879274368286
v -4.024312973022461 1.2064809799194336 -1.891015887260437
v -3.6786890029907227 0.980866014957428 -0.8514929413795471
v -3.584192991256714 0.9079170227050781 -0.8359069228172302
v -3.584192991256714 1.045657992362976 -1.4705508947372437
v -3.6786880493164062 1.1055829524993896 -1.4261268377304077
v -4.024312973022461 0.8799679279327393 -0.3866039514541626
v -3.965912103652954 0.7964819669723511 -0.32246893644332886
v -3.584192991256714 0.9079170227050781 -0.8359069228172302
v -3.6786890029907227 0.980866014957428 -0.8514929413795471
v -4.583548069000244 0.8414279222488403 -0.20903195440769196
v -4.583548069000244 0.753917932510376 -0.12635396420955658
v -3.965912103652954 0.7964819669723511 -0.32246893644332886
v -4.024312973022461 0.8799679279327393 -0.3866039514541626
v -5.14277982711792 0.8799679279327393 -0.3866029381752014
v -5.201180934906006 0.7964819669723511 -0.32246893644332886
v -4.583548069000244 0.753917932510376 -0.12635396420955658
v -4.583548069000244 0.8414279222488403 -0.20903195440769196
v -5.488406181335449 0.980866014957428 -0.8514929413795471
v -5.582900047302246 0.9079170227050781 -0.8359069228172302
v -5.201180934906006 0.7964819669723511 -0.32246893644332886
v -5.14277982711792 0.8799679279327393 -0.3866029381752014
v -5.488405227661133 1.1055829524993896 -1.4261268377304077
v -5.582900047302246 1.045657992362976 -1.4705508947372437
v -5.582900047302246 0.9079170227050781 -0.8359069228172302
v -5.488406181335449 0.980866014957428 -0.8514929413795471
v -5.14277982711792 1.2064809799194336 -1.891015887260437
v -5.2011799812316895 1.1570930480957031 -1.9839879274368286
v -5.582900047302246 1.045657992362976 -1.4705508947372437
v -5.488405227661133 1.1055829524993896 -1.4261268377304077
v -4.583547115325928 1.2450209856033325 -2.068586826324463
v -4.583547115325928 1.1996580362319946 -2.1801037788391113
v -5.2011799812316895 1.1570930480957031 -1.9839879274368286
v -5.14277982711792 1.2064809799194336 -1.891015887260437
v -4.024312973022461 1.2064809799194336 -1.891015887260437
v -3.965912103652954 1.1570930480957031 -1.9839879274368286
v -4.583547115325928 1.1996580362319946 -2.1801037788391113
v -4.583547115325928 1.2450209856033325 -2.068586826324463
v -5.143824100494385 6.950994491577148 0.932505190372467
v -4.802987098693848 7.222958564758301 0.5114882588386536
v -4.938607215881348 7.26254940032959 0.32906824350357056
v -5.490094184875488 7.05208158493042 0.4667492210865021
v -5.490094184875488 7.05208158493042 0.4667492210865021
v -4.938607215881348 7.26254940032959 0.32906824350357056
v -4.938607215881348 7.311488628387451 0.10358524322509766
v -5.490093231201172 7.177031517028809 -0.10895774513483047
v -5.490093231201172 7.177031517028809 -0.10895774513483047
v -4.938607215881348 7.311488628387451 0.10358524322509766
v -4.802986145019531 7.351078510284424 -0.07883474975824356
v -5.143824100494385 7.278117656707764 -0.5747137069702148
v -5.143824100494385 7.278117656707764 -0.5747137069702148
v -4.802986145019531 7.351078510284424 -0.07883474975824356
v -4.583546161651611 7.366202354431152 -0.14851273596286774
v -4.583547115325928 7.316729545593262 -0.7526167035102844
v -4.583547115325928 7.316729545593262 -0.7526167035102844
v -4.583546161651611 7.366202354431152 -0.14851273596286774
v -4.364107131958008 7.351080417633057 -0.07883474975824356
v -4.023270130157471 7.278117656707764 -0.5747137069702148
v -4.023270130157471 7.278117656707764 -0.5747137069702148
v -4.364107131958008 7.351080417633057 -0.07883474975824356
v -4.228486061096191 7.311488628387451 0.10358524322509766
v -3.677000045776367 7.177031517028809 -0.10895774513483047
v -3.677000045776367 7.177031517028809 -0.10895774513483047
v -4.228486061096191 7.311488628387451 0.10358524322509766
v -4.228485107421875 7.262550354003906 0.32906824350357056
v -3.677000045776367 7.05208158493042 0.4667492210865021
v -3.677000045776367 7.05208158493042 0.4667492210865021
v -4.228485107421875 7.262550354003906 0.32906824350357056
v -4.364107131958008 7.222958564758301 0.5114872455596924
v -4.023270130157471 6.950994491577148 0.932505190372467
v -4.023270130157471 6.950994491577148 0.932505190372467
v -4.364107131958008 7.222958564758301 0.5114872455596924
v -4.5835490226745605 7.207834720611572 0.5811662673950195
v -4.583548069000244 6.91238260269165 1.110408067703247
v -4.583548069000244 6.91238260269165 1.110408067703247
v -4.5835490226745605 7.207834720611572 0.5811662673950195
v -4.802987098693848 7.222958564758301 0.5114882588386536
v -5.143824100494385 6.950994491577148 0.932505190372467
v -4.802987098693848 7.222958564758301 0.5114882588386536
v -4.722868919372559 7.992820739746094 0.565737247467041
v -4.808973789215088 8.017955780029297 0.4499192237854004
v -4.938607215881348 7.26254940032959 0.32906824350357056
v -4.938607215881348 7.26254940032959 0.32906824350357056
v -4.808973789215088 8.017955780029297 0.4499192237854004
v -4.808973789215088 8.049027442932129 0.3067602813243866
v -4.938607215881348 7.311488628387451 0.10358524322509766
v -4.938607215881348 7.311488628387451 0.10358524322509766
v -4.808973789215088 8.049027442932129 0.3067602813243866
v -4.722867965698242 8.074163436889648 0.19094127416610718
v -4.802986145019531 7.351078510284424 -0.07883474975824356
v -4.802986145019531 7.351078510284424 -0.07883474975824356
v -4.722867965698242 8.074163436889648 0.19094127416610718
v -4.583546161651611 8.083765029907227 0.14670227468013763
v -4.583546161651611 7.366202354431152 -0.14851273596286774
v -4.583546161651611 7.366202354431152 -0.14851273596286774
v -4.583546161651611 8.083765029907227 0.14670227468013763
v -4.444223880767822 8.074165344238281 0.19094227254390717
v -4.364107131958008 7.351080417633057 -0.07883474975824356
v -4.364107131958008 7.351080417633057 -0.07883474975824356
v -4.444223880767822 8.074165344238281 0.19094227254390717
v -4.358118057250977 8.049028396606445 0.3067602813243866
v -4.228486061096191 7.311488628387451 0.10358524322509766
v -4.228486061096191 7.311488628387451 0.10358524322509766
v -4.358118057250977 8.049028396606445 0.3067602813243866
v -4.358118057250977 8.01795768737793 0.4499192237854004
v -4.228485107421875 7.262550354003906 0.32906824350357056
v -4.228485107421875 7.262550354003906 0.32906824350357056
v -4.358118057250977 8.01795768737793 0.4499192237854004
v -4.444222927093506 7.992820739746094 0.565737247467041
v -4.364107131958008 7.222958564758301 0.5114872455596924
v -4.364107131958008 7.222958564758301 0.5114872455596924
v -4.444222927093506 7.992820739746094 0.565737247467041
v -4.5835490226745605 7.983217716217041 0.6099762320518494
v -4.5835490226745605 7.207834720611572 0.5811662673950195
v -4.5835490226745605 7.207834720611572 0.5811662673950195
v -4.5835490226745605 7.983217716217041 0.6099762320518494
v -4.722868919372559 7.992820739746094 0.565737247467041
v -4.802987098693848 7.222958564758301 0.5114882588386536
v -6.179066181182861 4.213461399078369 0.07973514497280121
v -6.179066181182861 4.433372974395752 -0.9335058331489563
v -6.188924789428711 4.179749965667725 -0.9918298125267029
v -6.1889262199401855 3.958479642868042 0.027672134339809418
v -6.1889262199401855 3.958479642868042 0.027672134339809418
v -5.5757269859313965 3.7794687747955322 0.8524670600891113
v -5.5696330070495605 4.035549640655518 0.8994640707969666
v -6.179066181182861 4.213461399078369 0.07973514497280121
v -5.5757269859313965 3.7794687747955322 0.8524670600891113
v -4.583548069000244 3.711092710494995 1.167510986328125
v -4.583547115325928 3.9675936698913574 1.2125720977783203
v -5.5696330070495605 4.035549640655518 0.8994640707969666
v -4.583548069000244 3.711092710494995 1.167510986328125
v -3.5913689136505127 3.7794687747955322 0.8524670600891113
v -3.5974628925323486 4.035549640655518 0.8994640707969666
v -4.583547115325928 3.9675936698913574 1.2125720977783203
v -3.5913689136505127 3.7794687747955322 0.8524670600891113
v -2.97816801071167 3.958479642868042 0.027672134339809418
v -2.988028049468994 4.213461399078369 0.07973514497280121
v -3.5974628925323486 4.035549640655518 0.8994640707969666
v -2.97816801071167 3.958479642868042 0.027672134339809418
v -2.97816801071167 4.179749965667725 -0.9918287992477417
v -2.9880290031433105 4.4333720207214355 -0.9335058331489563
v -2.988028049468994 4.213461399078369 0.07973514497280121
v -2.97816801071167 4.179749965667725 -0.9918287992477417
v -3.5913689136505127 4.358760833740234 -1.8166238069534302
v -3.5974619388580322 4.611285209655762 -1.7532347440719604
v -2.9880290031433105 4.4333720207214355 -0.9335058331489563
v -3.5913689136505127 4.358760833740234 -1.8166238069534302
v -4.583547115325928 4.4271368980407715 -2.1316678524017334
v -4.583547115325928 4.679241180419922 -2.066342830657959
v -3.5974619388580322 4.611285209655762 -1.7532347440719604
v -4.583547115325928 4.4271368980407715 -2.1316678524017334
v -5.575724124908447 4.358760833740234 -1.8166238069534302
v -5.569631099700928 4.611285209655762 -1.7532347440719604
v -4.583547115325928 4.679241180419922 -2.066342830657959
v -5.575724124908447 4.358760833740234 -1.8166238069534302
v -6.188924789428711 4.179749965667725 -0.9918298125267029
v -6.179066181182861 4.433372974395752 -0.9335058331489563
v -5.569631099700928 4.611285209655762 -1.7532347440719604
v -6.212406158447266 1.9600489139556885 -0.3982539176940918
v -5.590238094329834 1.778419852256775 0.4386040270328522
v -5.546082019805908 3.7223546504974365 0.7983210682868958
v -6.14096212387085 3.8960187435150146 -0.0018308665603399277
v -6.212406158447266 2.184556007385254 -1.432667851448059
v -6.212406158447266 1.9600489139556885 -0.3982539176940918
v -6.14096212387085 3.8960187435150146 -0.0018308665603399277
v -6.14096212387085 4.1106767654418945 -0.9908738136291504
v -5.590237140655518 2.366184949874878 -2.2695257663726807
v -6.212406158447266 2.184556007385254 -1.432667851448059
v -6.14096212387085 4.1106767654418945 -0.9908738136291504
v -5.546081066131592 4.284339904785156 -1.7910257577896118
v -4.583547115325928 2.435560941696167 -2.5891778469085693
v -5.590237140655518 2.366184949874878 -2.2695257663726807
v -5.546081066131592 4.284339904785156 -1.7910257577896118
v -4.583547115325928 4.350674152374268 -2.0966567993164062
v -3.576857089996338 2.366184949874878 -2.2695257663726807
v -4.583547115325928 2.435560941696167 -2.5891778469085693
v -4.583547115325928 4.350674152374268 -2.0966567993164062
v -3.621011972427368 4.284339904785156 -1.7910257577896118
v -2.95468807220459 2.1845550537109375 -1.432667851448059
v -3.576857089996338 2.366184949874878 -2.2695257663726807
v -3.621011972427368 4.284339904785156 -1.7910257577896118
v -3.026132106781006 4.1106767654418945 -0.9908738136291504
v -2.95468807220459 1.9600489139556885 -0.3982539176940918
v -2.95468807220459 2.1845550537109375 -1.432667851448059
v -3.026132106781006 4.1106767654418945 -0.9908738136291504
v -3.026132106781006 3.8960187435150146 -0.0018308665603399277
v -3.5768580436706543 1.778419852256775 0.4386040270328522
v -2.95468807220459 1.9600489139556885 -0.3982539176940918
v -3.026132106781006 3.8960187435150146 -0.0018308665603399277
v -3.6210129261016846 3.7223546504974365 0.7983210682868958
v -4.583547115325928 1.7090438604354858 0.7582550048828125
v -3.5768580436706543 1.778419852256775 0.4386040270328522
v -3.6210129261016846 3.7223546504974365 0.7983210682868958
v -4.583547115325928 3.6560218334198 1.1039520502090454
v -5.590238094329834 1.778419852256775 0.4386040270328522
v -4.583547115325928 1.7090438604354858 0.7582550048828125
v -4.583547115325928 3.6560218334198 1.1039520502090454
v -5.546082019805908 3.7223546504974365 0.7983210682868958
v -6.1268310546875 4.278914451599121 0.07657413929700851
v -5.537350177764893 4.106827735900879 0.8694660663604736
v -5.493195056915283 6.05076265335083 1.2291841506958008
v -6.055386066436768 6.214883327484131 0.47299718856811523
v -4.583548069000244 4.041095733642578 1.1723240613937378
v -4.583548069000244 5.9880757331848145 1.5180211067199707
v -5.493195056915283 6.05076265335083 1.2291841506958008
v -5.537350177764893 4.106827735900879 0.8694660663604736
v -3.6297459602355957 4.106827735900879 0.8694660663604736
v -3.673901081085205 6.05076265335083 1.2291830778121948
v -4.583548069000244 5.9880757331848145 1.5180211067199707
v -4.583548069000244 4.041095733642578 1.1723240613937378
v -3.0402629375457764 4.278914451599121 0.07657413929700851
v -3.111707925796509 6.214883327484131 0.47299718856811523
v -3.673901081085205 6.05076265335083 1.2291830778121948
v -3.6297459602355957 4.106827735900879 0.8694660663604736
v -3.0402629375457764 4.491627216339111 -0.9034948348999023
v -3.111707925796509 6.417747497558594 -0.46170076727867126
v -3.111707925796509 6.214883327484131 0.47299718856811523
v -3.0402629375457764 4.278914451599121 0.07657413929700851
v -3.6297450065612793 4.6637139320373535 -1.696387767791748
v -3.6738998889923096 6.581869602203369 -1.2178877592086792
v -3.111707925796509 6.417747497558594 -0.46170076727867126
v -3.0402629375457764 4.491627216339111 -0.9034948348999023
v -4.583547115325928 4.729444980621338 -1.9992457628250122
v -4.583547115325928 6.644556522369385 -1.5067245960235596
v -3.6738998889923096 6.581869602203369 -1.2178877592086792
v -3.6297450065612793 4.6637139320373535 -1.696387767791748
v -5.537347793579102 4.6637139320373535 -1.696387767791748
v -5.49319314956665 6.581869602203369 -1.2178877592086792
v -4.583547115325928 6.644556522369385 -1.5067245960235596
v -4.583547115325928 4.729444980621338 -1.9992457628250122
v -6.1268310546875 4.491627216339111 -0.9034948348999023
v -6.055387020111084 6.417747497558594 -0.46170076727867126
v -5.49319314956665 6.581869602203369 -1.2178877592086792
v -5.537347793579102 4.6637139320373535 -1.696387767791748
v -6.1268310546875 4.278914451599121 0.07657413929700851
v -6.055386066436768 6.214883327484131 0.47299718856811523
v -6.055387020111084 6.417747497558594 -0.46170076727867126
v -6.1268310546875 4.491627216339111 -0.9034948348999023
v -6.14096212387085 3.8960187435150146 -0.0018308665603399277
v -6.1889262199401855 3.958479642868042 0.027672134339809418
v -6.188924789428711 4.179749965667725 -0.9918298125267029
v -6.14096212387085 4.1106767654418945 -0.9908738136291504
v -6.1268310546875 4.491627216339111 -0.9034948348999023
v -6.179066181182861 4.433372974395752 -0.9335058331489563
v -6.179066181182861 4.213461399078369 0.07973514497280121
v -6.1268310546875 4.278914451599121 0.07657413929700851
v -6.1268310546875 4.278914451599121 0.07657413929700851
v -6.179066181182861 4.213461399078369 0.07973514497280121
v -5.5696330070495605 4.035549640655518 0.8994640707969666
v -5.537350177764893 4.106827735900879 0.8694660663604736
v -5.546082019805908 3.7223546504974365 0.7983210682868958
v -5.5757269859313965 3.7794687747955322 0.8524670600891113
v -6.1889262199401855 3.958479642868042 0.027672134339809418
v -6.14096212387085 3.8960187435150146 -0.0018308665603399277
v -5.537350177764893 4.106827735900879 0.8694660663604736
v -5.5696330070495605 4.035549640655518 0.8994640707969666
v -4.583547115325928 3.9675936698913574 1.2125720977783203
v -4.583548069000244 4.041095733642578 1.1723240613937378
v -4.583547115325928 3.6560218334198 1.1039520502090454
v -4.583548069000244 3.711092710494995 1.167510986328125
v -5.5757269859313965 3.7794687747955322 0.8524670600891113
v -5.546082019805908 3.7223546504974365 0.7983210682868958
v -4.583548069000244 4.041095733642578 1.1723240613937378
v -4.583547115325928 3.9675936698913574 1.2125720977783203
v -3.5974628925323486 4.035549640655518 0.8994640707969666
v -3.6297459602355957 4.106827735900879 0.8694660663604736
v -3.6210129261016846 3.7223546504974365 0.7983210682868958
v -3.5913689136505127 3.7794687747955322 0.8524670600891113
v -4.583548069000244 3.711092710494995 1.167510986328125
v -4.583547115325928 3.6560218334198 1.1039520502090454
v -3.6297459602355957 4.106827735900879 0.8694660663604736
v -3.5974628925323486 4.035549640655518 0.8994640707969666
v -2.988028049468994 4.213461399078369 0.07973514497280121
v -3.0402629375457764 4.278914451599121 0.07657413929700851
v -3.026132106781006 3.8960187435150146 -0.0018308665603399277
v -2.97816801071167 3.958479642868042 0.027672134339809418
v -3.5913689136505127 3.7794687747955322 0.8524670600891113
v -3.6210129261016846 3.7223546504974365 0.7983210682868958
v -3.0402629375457764 4.278914451599121 0.07657413929700851
v -2.988028049468994 4.213461399078369 0.07973514497280121
v -2.9880290031433105 4.4333720207214355 -0.9335058331489563
v -3.0402629375457764 4.491627216339111 -0.9034948348999023
v -3.026132106781006 4.1106767654418945 -0.9908738136291504
v -2.97816801071167 4.179749965667725 -0.9918287992477417
v -2.97816801071167 3.958479642868042 0.027672134339809418
v -3.026132106781006 3.8960187435150146 -0.0018308665603399277
v -3.0402629375457764 4.491627216339111 -0.9034948348999023
v -2.9880290031433105 4.4333720207214355 -0.9335058331489563
v -3.5974619388580322 4.611285209655762 -1.7532347440719604
v -3.6297450065612793 4.6637139320373535 -1.696387767791748
v -3.621011972427368 4.284339904785156 -1.7910257577896118
v -3.5913689136505127 4.358760833740234 -1.8166238069534302
v -2.97816801071167 4.179749965667725 -0.9918287992477417
v -3.026132106781006 4.1106767654418945 -0.9908738136291504
v -3.6297450065612793 4.6637139320373535 -1.696387767791748
v -3.5974619388580322 4.611285209655762 -1.7532347440719604
v -4.583547115325928 4.679241180419922 -2.066342830657959
v -4.583547115325928 4.729444980621338 -1.9992457628250122
v -4.583547115325928 4.350674152374268 -2.0966567993164062
v -4.583547115325928 4.4271368980407715 -2.1316678524017334
v -3.5913689136505127 4.358760833740234 -1.8166238069534302
v -3.621011972427368 4.284339904785156 -1.7910257577896118
v -4.583547115325928 4.729444980621338 -1.9992457628250122
v -4.583547115325928 4.679241180419922 -2.066342830657959
v -5.569631099700928 4.611285209655762 -1.7532347440719604
v -5.537347793579102 4.6637139320373535 -1.696387767791748
v -5.546081066131592 4.284339904785156 -1.7910257577896118
v -5.575724124908447 4.358760833740234 -1.8166238069534302
v -4.583547115325928 4.4271368980407715 -2.1316678524017334
v -4.583547115325928 4.350674152374268 -2.0966567993164062
v -5.537347793579102 4.6637139320373535 -1.696387767791748
v -5.569631099700928 4.611285209655762 -1.7532347440719604
v -6.179066181182861 4.433372974395752 -0.9335058331489563
v -6.1268310546875 4.491627216339111 -0.9034948348999023
v -6.14096212387085 4.1106767654418945 -0.9908738136291504
v -6.188924789428711 4.179749965667725 -0.9918298125267029
v -5.575724124908447 4.358760833740234 -1.8166238069534302
v -5.546081066131592 4.284339904785156 -1.7910257577896118
v -3.743619918823242 0.2451990395784378 -1.5912728309631348
v -3.9596829414367676 0.23030903935432434 -1.5226669311523438
v -4.197977066040039 0.29987505078315735 -1.8431898355484009
v -4.064443111419678 0.3388570547103882 -2.0228018760681152
v -3.743619918823242 0.12943202257156372 -1.0578738451004028
v -3.9596829414367676 0.14432202279567719 -1.1264798641204834
v -3.9596829414367676 0.23030903935432434 -1.5226669311523438
v -3.743619918823242 0.2451990395784378 -1.5912728309631348
v -4.064444065093994 0.03577401861548424 -0.6263449192047119
v -4.1979780197143555 0.07475702464580536 -0.8059579133987427
v -3.9596829414367676 0.14432202279567719 -1.1264798641204834
v -3.743619918823242 0.12943202257156372 -1.0578738451004028
v -4.583548069000244 1.579701880416451e-8 -0.46151596307754517
v -4.583547115325928 0.04818502068519592 -0.6835289597511292
v -4.1979780197143555 0.07475702464580536 -0.8059579133987427
v -4.064444065093994 0.03577401861548424 -0.6263449192047119
v -5.102651119232178 0.03577401861548424 -0.6263449192047119
v -4.969117164611816 0.07475702464580536 -0.8059569597244263
v -4.583547115325928 0.04818502068519592 -0.6835289597511292
v -4.583548069000244 1.579701880416451e-8 -0.46151596307754517
v -5.423473834991455 0.12943202257156372 -1.0578738451004028
v -5.20741081237793 0.14432202279567719 -1.1264798641204834
v -4.969117164611816 0.07475702464580536 -0.8059569597244263
v -5.102651119232178 0.03577401861548424 -0.6263449192047119
v -5.423472881317139 0.2451990395784378 -1.5912728309631348
v -5.207409858703613 0.23030903935432434 -1.5226678848266602
v -5.102649211883545 0.3388570547103882 -2.0228018760681152
v -4.969114780426025 0.29987505078315735 -1.8431898355484009
v -4.583547115325928 0.3746320605278015 -2.187631845474243
v -4.583547115325928 0.3264460563659668 -1.9656188488006592
v -4.064443111419678 0.3388570547103882 -2.0228018760681152
v -4.197977066040039 0.29987505078315735 -1.8431898355484009
v -4.583547115325928 0.3264460563659668 -1.9656188488006592
v -4.583547115325928 0.3746320605278015 -2.187631845474243
v -3.9596829414367676 0.23030903935432434 -1.5226669311523438
v -4.051386833190918 0.48605501651763916 -1.4366708993911743
v -4.254652976989746 0.5453940033912659 -1.7100778818130493
v -4.197977066040039 0.29987505078315735 -1.8431898355484009
v -3.9596829414367676 0.14432202279567719 -1.1264798641204834
v -4.051386833190918 0.41270700097084045 -1.098720908164978
v -4.051386833190918 0.48605501651763916 -1.4366708993911743
v -3.9596829414367676 0.23030903935432434 -1.5226669311523438
v -4.1979780197143555 0.07475702464580536 -0.8059579133987427
v -4.254654884338379 0.35336700081825256 -0.8253129124641418
v -4.051386833190918 0.41270700097084045 -1.098720908164978
v -3.9596829414367676 0.14432202279567719 -1.1264798641204834
v -4.583547115325928 0.04818502068519592 -0.6835289597511292
v -4.583547115325928 0.330702006816864 -0.720880925655365
v -4.254654884338379 0.35336700081825256 -0.8253129124641418
v -4.1979780197143555 0.07475702464580536 -0.8059579133987427
v -4.969117164611816 0.07475702464580536 -0.8059569597244263
v -4.912439823150635 0.35336801409721375 -0.8253129124641418
v -4.583547115325928 0.330702006816864 -0.720880925655365
v -4.583547115325928 0.04818502068519592 -0.6835289597511292
v -5.20741081237793 0.14432202279567719 -1.1264798641204834
v -5.115706920623779 0.41270700097084045 -1.098720908164978
v -4.912439823150635 0.35336801409721375 -0.8253129124641418
v -4.969117164611816 0.07475702464580536 -0.8059569597244263
v -5.207409858703613 0.23030903935432434 -1.5226678848266602
v -5.115705966949463 0.48605501651763916 -1.4366708993911743
v -5.115706920623779 0.41270700097084045 -1.098720908164978
v -5.20741081237793 0.14432202279567719 -1.1264798641204834
v -4.969114780426025 0.29987505078315735 -1.8431898355484009
v -4.912438869476318 0.545395016670227 -1.7100778818130493
v -5.115705966949463 0.48605501651763916 -1.4366708993911743
v -5.207409858703613 0.23030903935432434 -1.5226678848266602
v -4.583547115325928 0.3264460563659668 -1.9656188488006592
v -4.583547115325928 0.5680599808692932 -1.8145108222961426
v -4.912438869476318 0.545395016670227 -1.7100778818130493
v -4.969114780426025 0.29987505078315735 -1.8431898355484009
v -4.197977066040039 0.29987505078315735 -1.8431898355484009
v -4.254652976989746 0.5453940033912659 -1.7100778818130493
v -4.583547115325928 0.5680599808692932 -1.8145108222961426
v -4.583547115325928 0.3264460563659668 -1.9656188488006592
v -1.8233590126037598 5.241298675537109 1.6315160989761353
v -1.8233580589294434 6.027860641479492 1.1435531377792358
v -1.1617419719696045 6.027860641479492 1.1435531377792358
v -1.1617419719696045 5.241298675537109 1.6315160989761353
v -1.8233580589294434 6.027860641479492 1.1435531377792358
v -1.8233590126037598 6.345338344573975 0.42919719219207764
v -1.1617419719696045 6.345337390899658 0.42919719219207764
v -1.1617419719696045 6.027860641479492 1.1435531377792358
v -1.8233590126037598 2.4848687648773193 0.4291970729827881
v -1.8233580589294434 2.8023457527160645 1.1435530185699463
v -1.1617419719696045 2.8023457527160645 1.1435530185699463
v -1.1617419719696045 2.4848687648773193 0.4291970729827881
v -1.8233580589294434 2.8023457527160645 1.1435530185699463
v -1.8233590126037598 3.623657703399658 1.6315159797668457
v -1.1617419719696045 3.623657703399658 1.6315159797668457
v -1.1617419719696045 2.8023457527160645 1.1435530185699463
v -1.8233590126037598 3.623657703399658 1.6315159797668457
v -1.8233590126037598 4.462473392486572 1.8144570589065552
v -1.1617419719696045 4.462472438812256 1.8144570589065552
v -1.1617419719696045 3.623657703399658 1.6315159797668457
v -1.8233590126037598 4.462473392486572 1.8144570589065552
v -1.8233590126037598 5.241298675537109 1.6315160989761353
v -1.1617419719696045 5.241298675537109 1.6315160989761353
v -1.1617419719696045 4.462472438812256 1.8144570589065552
v -1.8233590126037598 5.358468532562256 1.8186451196670532
v -1.1617419719696045 5.3584675788879395 1.8186451196670532
v -1.1617419719696045 6.2768707275390625 1.2594871520996094
v -1.8233590126037598 6.2768707275390625 1.2594871520996094
v -1.8233590126037598 6.2768707275390625 1.2594871520996094
v -1.1617419719696045 6.2768707275390625 1.2594871520996094
v -1.1617419719696045 6.644128322601318 0.49566420912742615
v -1.8233590126037598 6.644128322601318 0.49566420912742615
v -1.8233590126037598 2.1860787868499756 0.4956640601158142
v -1.1617419719696045 2.1860787868499756 0.4956640601158142
v -1.1617419719696045 2.5533368587493896 1.2594870328903198
v -1.8233590126037598 2.5533368587493896 1.2594870328903198
v -1.8233590126037598 2.5533368587493896 1.2594870328903198
v -1.1617419719696045 2.5533368587493896 1.2594870328903198
v -1.1617419719696045 3.490339756011963 1.8186450004577637
v -1.8233590126037598 3.490339756011963 1.8186450004577637
v -1.8233590126037598 3.490339756011963 1.8186450004577637
v -1.1617419719696045 3.490339756011963 1.8186450004577637
v -1.1617419719696045 4.441390514373779 2.023310899734497
v -1.8233590126037598 4.441390514373779 2.023310899734497
v -1.8233590126037598 4.441390514373779 2.023310899734497
v -1.1617419719696045 4.441390514373779 2.023310899734497
v -1.1617419719696045 5.3584675788879395 1.8186451196670532
v -1.8233590126037598 5.358468532562256 1.8186451196670532
v -2.4873270988464355 4.361319541931152 3.384023904800415
v -2.4873270988464355 4.21852445602417 3.384023904800415
v -2.186753988265991 4.21852445602417 3.2457048892974854
v -2.186753988265991 4.361319541931152 3.2457048892974854
v -2.186753988265991 4.361319541931152 3.2457048892974854
v -2.186753988265991 4.21852445602417 3.2457048892974854
v -2.186753988265991 4.21852445602417 3.074733018875122
v -2.186753988265991 4.361319541931152 3.074733018875122
v -2.186753988265991 4.361319541931152 3.074733018875122
v -2.186753988265991 4.21852445602417 3.074733018875122
v -2.4873270988464355 4.21852445602417 2.9364140033721924
v -2.4873270988464355 4.361319541931152 2.9364140033721924
v -2.4873270988464355 4.361319541931152 2.9364140033721924
v -2.4873270988464355 4.21852445602417 2.9364140033721924
v -2.649930953979492 4.21852445602417 2.8835809230804443
v -2.649930953979492 4.361319541931152 2.8835809230804443
v -2.649930953979492 4.361319541931152 2.8835809230804443
v -2.649930953979492 4.21852445602417 2.8835809230804443
v -2.812535047531128 4.21852445602417 2.9364140033721924
v -2.812535047531128 4.361319541931152 2.9364140033721924
v -2.812535047531128 4.361319541931152 2.9364140033721924
v -2.812535047531128 4.21852445602417 2.9364140033721924
v -3.1107449531555176 4.21852445602417 3.0747339725494385
v -3.1107449531555176 4.361319541931152 3.0747339725494385
v -3.1107449531555176 4.361319541931152 3.0747339725494385
v -3.1107449531555176 4.21852445602417 3.0747339725494385
v -3.1107449531555176 4.21852445602417 3.245706081390381
v -3.1107449531555176 4.361319541931152 3.245706081390381
v -3.1107449531555176 4.361319541931152 3.245706081390381
v -3.1107449531555176 4.21852445602417 3.245706081390381
v -2.8125340938568115 4.21852445602417 3.384023904800415
v -2.8125340938568115 4.361319541931152 3.384023904800415
v -2.8125340938568115 4.361319541931152 3.384023904800415
v -2.8125340938568115 4.21852445602417 3.384023904800415
v -2.649930953979492 4.21852445602417 3.4368579387664795
v -2.649930953979492 4.361319541931152 3.4368579387664795
v -2.649930953979492 4.361319541931152 3.4368579387664795
v -2.649930953979492 4.21852445602417 3.4368579387664795
v -2.4873270988464355 4.21852445602417 3.384023904800415
v -2.4873270988464355 4.361319541931152 3.384023904800415
v -2.7626988887786865 4.21852445602417 3.0050079822540283
v -2.7626988887786865 3.353789806365967 3.0050079822540283
v -2.8323938846588135 3.353789806365967 3.1009340286254883
v -2.832392930984497 4.21852445602417 3.1009340286254883
v -2.649930953979492 4.21852445602417 2.9683680534362793
v -2.6499319076538086 3.353789806365967 2.9683680534362793
v -2.7626988887786865 3.353789806365967 3.0050079822540283
v -2.7626988887786865 4.21852445602417 3.0050079822540283
v -2.537163019180298 4.21852445602417 3.0050079822540283
v -2.5371639728546143 3.353789806365967 3.0050079822540283
v -2.6499319076538086 3.353789806365967 2.9683680534362793
v -2.649930953979492 4.21852445602417 2.9683680534362793
v -2.4674699306488037 4.21852445602417 3.1009340286254883
v -2.4674699306488037 3.353789806365967 3.1009340286254883
v -2.5371639728546143 3.353789806365967 3.0050079822540283
v -2.537163019180298 4.21852445602417 3.0050079822540283
v -2.4674699306488037 4.21852445602417 3.2195041179656982
v -2.4674699306488037 3.353789806365967 3.2195041179656982
v -2.4674699306488037 3.353789806365967 3.1009340286254883
v -2.4674699306488037 4.21852445602417 3.1009340286254883
v -2.5371639728546143 4.21852445602417 3.315429925918579
v -2.5371639728546143 3.353789806365967 3.315429925918579
v -2.4674699306488037 3.353789806365967 3.2195041179656982
v -2.4674699306488037 4.21852445602417 3.2195041179656982
v -2.649930953979492 4.21852445602417 3.3520710468292236
v -2.649930953979492 3.353789806365967 3.3520710468292236
v -2.5371639728546143 3.353789806365967 3.315429925918579
v -2.5371639728546143 4.21852445602417 3.315429925918579
v -2.76269793510437 4.21852445602417 3.315429925918579
v -2.76269793510437 3.353789806365967 3.315429925918579
v -2.649930953979492 3.353789806365967 3.3520710468292236
v -2.649930953979492 4.21852445602417 3.3520710468292236
v -2.8323938846588135 4.21852445602417 3.2195050716400146
v -2.8323938846588135 3.353789806365967 3.2195050716400146
v -2.76269793510437 3.353789806365967 3.315429925918579
v -2.76269793510437 4.21852445602417 3.315429925918579
v -2.832392930984497 4.21852445602417 3.1009340286254883
v -2.8323938846588135 3.353789806365967 3.1009340286254883
v -2.8323938846588135 3.353789806365967 3.2195050716400146
v -2.8323938846588135 4.21852445602417 3.2195050716400146
v -2.4674699306488037 4.21852445602417 3.2195041179656982
v -2.186753988265991 4.21852445602417 3.2457048892974854
v -2.4873270988464355 4.21852445602417 3.384023904800415
v -2.5371639728546143 4.21852445602417 3.315429925918579
v -2.4674699306488037 4.21852445602417 3.1009340286254883
v -2.186753988265991 4.21852445602417 3.074733018875122
v -2.186753988265991 4.21852445602417 3.2457048892974854
v -2.4674699306488037 4.21852445602417 3.2195041179656982
v -2.537163019180298 4.21852445602417 3.0050079822540283
v -2.4873270988464355 4.21852445602417 2.9364140033721924
v -2.649930953979492 4.21852445602417 2.9683680534362793
v -2.649930953979492 4.21852445602417 2.8835809230804443
v -2.4873270988464355 4.21852445602417 2.9364140033721924
v -2.537163019180298 4.21852445602417 3.0050079822540283
v -2.7626988887786865 4.21852445602417 3.0050079822540283
v -2.812535047531128 4.21852445602417 2.9364140033721924
v -2.649930953979492 4.21852445602417 2.8835809230804443
v -2.649930953979492 4.21852445602417 2.9683680534362793
v -2.832392930984497 4.21852445602417 3.1009340286254883
v -3.1107449531555176 4.21852445602417 3.0747339725494385
v -2.812535047531128 4.21852445602417 2.9364140033721924
v -2.7626988887786865 4.21852445602417 3.0050079822540283
v -2.8323938846588135 4.21852445602417 3.2195050716400146
v -3.1107449531555176 4.21852445602417 3.245706081390381
v -3.1107449531555176 4.21852445602417 3.0747339725494385
v -2.832392930984497 4.21852445602417 3.1009340286254883
v -2.76269793510437 4.21852445602417 3.315429925918579
v -2.8125340938568115 4.21852445602417 3.384023904800415
v -3.1107449531555176 4.21852445602417 3.245706081390381
v -2.8323938846588135 4.21852445602417 3.2195050716400146
v -2.649930953979492 4.21852445602417 3.3520710468292236
v -2.649930953979492 4.21852445602417 3.4368579387664795
v -2.8125340938568115 4.21852445602417 3.384023904800415
v -2.76269793510437 4.21852445602417 3.315429925918579
v -2.5371639728546143 4.21852445602417 3.315429925918579
v -2.4873270988464355 4.21852445602417 3.384023904800415
v -2.649930953979492 4.21852445602417 3.4368579387664795
v -2.649930953979492 4.21852445602417 3.3520710468292236
v -3.022260904312134 2.9510817527770996 3.622191905975342
v -2.2776029109954834 2.9510817527770996 3.622191905975342
v -2.2776029109954834 3.323004722595215 3.622191905975342
v -3.022260904312134 3.323004722595215 3.622191905975342
v -2.791666030883789 2.9510817527770996 2.5183680057525635
v -3.022260904312134 2.9510817527770996 2.63592791557312
v -3.022260904312134 3.323004722595215 2.63592791557312
v -2.791666030883789 3.323004722595215 2.5183680057525635
v -2.791666030883789 3.323004722595215 2.5183680057525635
v -3.022260904312134 3.323004722595215 2.63592791557312
v -2.2776029109954834 3.323004722595215 2.63592791557312
v -2.5081980228424072 3.323004722595215 2.5183680057525635
v -2.5081980228424072 3.323004722595215 2.5183680057525635
v -2.2776029109954834 3.323004722595215 2.63592791557312
v -2.2776029109954834 2.9510817527770996 2.63592791557312
v -2.5081980228424072 2.9510817527770996 2.5183680057525635
v -2.5081980228424072 2.9510817527770996 2.5183680057525635
v -2.2776029109954834 2.9510817527770996 2.63592791557312
v -3.022260904312134 2.9510817527770996 2.63592791557312
v -2.791666030883789 2.9510817527770996 2.5183680057525635
v -3.022260904312134 2.9510817527770996 2.63592791557312
v -3.022260904312134 2.9510817527770996 3.622191905975342
v -3.022260904312134 3.323004722595215 3.622191905975342
v -3.022260904312134 3.323004722595215 2.63592791557312
v -3.022260904312134 3.323004722595215 2.63592791557312
v -3.022260904312134 3.323004722595215 3.622191905975342
v -2.2776029109954834 3.323004722595215 3.622191905975342
v -2.2776029109954834 3.323004722595215 2.63592791557312
v -2.2776029109954834 3.323004722595215 2.63592791557312
v -2.2776029109954834 3.323004722595215 3.622191905975342
v -2.2776029109954834 2.9510817527770996 3.622191905975342
v -2.2776029109954834 2.9510817527770996 2.63592791557312
v -2.2776029109954834 2.9510817527770996 3.622191905975342
v -3.022260904312134 2.9510817527770996 3.622191905975342
v -2.6499319076538086 6.00518274307251 -2.5834834575653076
v -2.8696770668029785 5.984928607940674 -2.5150177478790283
v -2.8696770668029785 6.336154460906982 -2.4111175537109375
v -2.6499319076538086 6.356408596038818 -2.479583501815796
v -2.6499319076538086 6.356408596038818 -2.479583501815796
v -2.4301838874816895 6.336154460906982 -2.411116600036621
v -2.4301838874816895 5.984928607940674 -2.515016794204712
v -2.6499319076538086 6.00518274307251 -2.5834834575653076
v -2.4301838874816895 6.336154460906982 -2.411116600036621
v -2.2943739891052246 6.283129692077637 -2.231867790222168
v -2.2943739891052246 5.9319024085998535 -2.3357677459716797
v -2.4301838874816895 5.984928607940674 -2.515016794204712
v -2.2943739891052246 6.283129692077637 -2.231867790222168
v -2.2943739891052246 6.217586517333984 -2.0103046894073486
v -2.2943739891052246 5.866359710693359 -2.1142046451568604
v -2.2943739891052246 5.9319024085998535 -2.3357677459716797
v -2.2943739891052246 6.217586517333984 -2.0103046894073486
v -2.4301838874816895 6.164560317993164 -1.8310546875
v -2.4301838874816895 5.813333511352539 -1.9349555969238281
v -2.2943739891052246 5.866359710693359 -2.1142046451568604
v -2.4301838874816895 6.164560317993164 -1.8310546875
v -2.6499319076538086 6.144306659698486 -1.7625876665115356
v -2.6499319076538086 5.793079376220703 -1.8664876222610474
v -2.4301838874816895 5.813333511352539 -1.9349555969238281
v -2.6499319076538086 6.144306659698486 -1.7625876665115356
v -2.8696770668029785 6.164560317993164 -1.8310546875
v -2.869678020477295 5.813333511352539 -1.9349546432495117
v -2.6499319076538086 5.793079376220703 -1.8664876222610474
v -2.8696770668029785 6.164560317993164 -1.8310546875
v -3.0054891109466553 6.217586517333984 -2.0103037357330322
v -3.0054891109466553 5.866359710693359 -2.114203691482544
v -2.869678020477295 5.813333511352539 -1.9349546432495117
v -3.0054891109466553 6.217586517333984 -2.0103037357330322
v -3.0054891109466553 6.283129692077637 -2.2318687438964844
v -3.0054891109466553 5.9319024085998535 -2.3357677459716797
v -3.0054891109466553 5.866359710693359 -2.114203691482544
v -3.0054891109466553 6.283129692077637 -2.2318687438964844
v -2.8696770668029785 6.336154460906982 -2.4111175537109375
v -2.8696770668029785 5.984928607940674 -2.5150177478790283
v -3.0054891109466553 5.9319024085998535 -2.3357677459716797
v -2.4973080158233643 7.184530735015869 -1.6256706714630127
v -2.4973080158233643 6.237313747406006 -1.9058775901794434
v -2.402981996536255 6.274142742156982 -2.0303738117218018
v -2.402981996536255 7.221359729766846 -1.7501676082611084
v -2.402981996536255 7.221359729766846 -1.7501676082611084
v -2.402981996536255 6.274142742156982 -2.0303738117218018
v -2.402981996536255 6.319664478302002 -2.1842596530914307
v -2.402981996536255 7.266881465911865 -1.9040526151657104
v -2.402981996536255 7.266881465911865 -1.9040526151657104
v -2.402981996536255 6.319664478302002 -2.1842596530914307
v -2.4973080158233643 6.3564934730529785 -2.308755874633789
v -2.4973080158233643 7.303710460662842 -2.0285484790802
v -2.4973080158233643 7.303710460662842 -2.0285484790802
v -2.4973080158233643 6.3564934730529785 -2.308755874633789
v -2.6499319076538086 6.370561599731445 -2.356309413909912
v -2.6499319076538086 7.317778587341309 -2.0761024951934814
v -2.6499319076538086 7.317778587341309 -2.0761024951934814
v -2.6499319076538086 6.370561599731445 -2.356309413909912
v -2.80255389213562 6.3564934730529785 -2.308755874633789
v -2.80255389213562 7.303710460662842 -2.0285484790802
v -2.80255389213562 7.303710460662842 -2.0285484790802
v -2.80255389213562 6.3564934730529785 -2.308755874633789
v -2.8968820571899414 6.319664478302002 -2.1842596530914307
v -2.8968820571899414 7.266881465911865 -1.9040526151657104
v -2.8968820571899414 7.266881465911865 -1.9040526151657104
v -2.8968820571899414 6.319664478302002 -2.1842596530914307
v -2.8968820571899414 6.274142742156982 -2.0303738117218018
v -2.8968820571899414 7.221359729766846 -1.7501676082611084
v -2.8968820571899414 7.221359729766846 -1.7501676082611084
v -2.8968820571899414 6.274142742156982 -2.0303738117218018
v -2.80255389213562 6.237313747406006 -1.9058775901794434
v -2.80255389213562 7.184530735015869 -1.6256706714630127
v -2.80255389213562 7.184530735015869 -1.6256706714630127
v -2.80255389213562 6.237313747406006 -1.9058775901794434
v -2.6499319076538086 6.2232465744018555 -1.858324646949768
v -2.6499319076538086 7.170463562011719 -1.5781176090240479
v -2.6499319076538086 7.170463562011719 -1.5781176090240479
v -2.6499319076538086 6.2232465744018555 -1.858324646949768
v -2.4973080158233643 6.237313747406006 -1.9058775901794434
v -2.4973080158233643 7.184530735015869 -1.6256706714630127
v -2.4973080158233643 5.91217565536499 -2.440194845199585
v -2.4973080158233643 3.0242249965667725 -3.294510841369629
v -2.6499319076538086 3.0382919311523438 -3.34206485748291
v -2.6499319076538086 5.926242351531982 -2.4877476692199707
v -2.402981996536255 5.875346660614014 -2.3156988620758057
v -2.402981996536255 2.987396001815796 -3.1700148582458496
v -2.4973080158233643 3.0242249965667725 -3.294510841369629
v -2.4973080158233643 5.91217565536499 -2.440194845199585
v -2.402981996536255 5.8298234939575195 -2.1618127822875977
v -2.402981996536255 2.9418740272521973 -3.0161287784576416
v -2.402981996536255 2.987396001815796 -3.1700148582458496
v -2.402981996536255 5.875346660614014 -2.3156988620758057
v -2.4973080158233643 5.792994499206543 -2.0373167991638184
v -2.4973080158233643 2.9050450325012207 -2.8916327953338623
v -2.402981996536255 2.9418740272521973 -3.0161287784576416
v -2.402981996536255 5.8298234939575195 -2.1618127822875977
v -2.6499319076538086 5.778927326202393 -1.9897626638412476
v -2.6499319076538086 2.890976905822754 -2.8440797328948975
v -2.4973080158233643 2.9050450325012207 -2.8916327953338623
v -2.4973080158233643 5.792994499206543 -2.0373167991638184
v -2.80255389213562 5.792994499206543 -2.0373167991638184
v -2.80255389213562 2.9050450325012207 -2.8916327953338623
v -2.6499319076538086 2.890976905822754 -2.8440797328948975
v -2.6499319076538086 5.778927326202393 -1.9897626638412476
v -2.8968820571899414 5.8298234939575195 -2.1618127822875977
v -2.8968820571899414 2.9418740272521973 -3.0161287784576416
v -2.80255389213562 2.9050450325012207 -2.8916327953338623
v -2.80255389213562 5.792994499206543 -2.0373167991638184
v -2.8968820571899414 5.875346660614014 -2.3156988620758057
v -2.8968820571899414 2.987396001815796 -3.1700148582458496
v -2.8968820571899414 2.9418740272521973 -3.0161287784576416
v -2.8968820571899414 5.8298234939575195 -2.1618127822875977
v -2.80255389213562 5.91217565536499 -2.440194845199585
v -2.80255389213562 3.0242249965667725 -3.294510841369629
v -2.8968820571899414 2.987396001815796 -3.1700148582458496
v -2.8968820571899414 5.875346660614014 -2.3156988620758057
v -2.6499319076538086 5.926242351531982 -2.4877476692199707
v -2.6499319076538086 3.0382919311523438 -3.34206485748291
v -2.80255389213562 3.0242249965667725 -3.294510841369629
v -2.80255389213562 5.91217565536499 -2.440194845199585
v -3.4731059074401855 3.9722487926483154 -3.208167791366577
v -3.4731059074401855 5.86371374130249 -2.6768524646759033
v -3.4731059074401855 5.1796064376831055 -0.24145179986953735
v -3.473107099533081 3.2881417274475098 -0.7727668285369873
v -3.4731059074401855 5.86371374130249 -2.6768524646759033
v -4.974855899810791 5.86371374130249 -2.6768524646759033
v -4.974855899810791 5.1796064376831055 -0.24145179986953735
v -3.4731059074401855 5.1796064376831055 -0.24145179986953735
v -4.974855899810791 5.86371374130249 -2.6768524646759033
v -4.974855899810791 3.9722487926483154 -3.2081668376922607
v -4.974855899810791 3.2881417274475098 -0.7727668285369873
v -4.974855899810791 5.1796064376831055 -0.24145179986953735
v -4.974855899810791 3.9722487926483154 -3.2081668376922607
v -3.4731059074401855 3.9722487926483154 -3.208167791366577
v -3.473107099533081 3.2881417274475098 -0.7727668285369873
v -4.974855899810791 3.2881417274475098 -0.7727668285369873
v -4.974855899810791 3.9722487926483154 -3.2081668376922607
v -4.974855899810791 5.86371374130249 -2.6768524646759033
v -3.4731059074401855 5.86371374130249 -2.6768524646759033
v -3.4731059074401855 3.9722487926483154 -3.208167791366577
v -1.285841941833496 1.3472390174865723 -1.8923848867416382
v -1.2642090320587158 2.0009100437164307 -1.5881738662719727
v -1.3708839416503906 1.9818809032440186 -1.5370569229125977
v -1.394394040107727 1.3145760297775269 -1.8536028861999512
v -1.394394040107727 1.3145760297775269 -1.8536028861999512
v -1.3708839416503906 1.9818809032440186 -1.5370569229125977
v -1.4848450422286987 1.998207926750183 -1.5702358484268188
v -1.503952980041504 1.362879991531372 -1.8578548431396484
v -1.5063849687576294 1.5583499670028687 -1.9617538452148438
v -1.5024360418319702 2.083559989929199 -1.7737418413162231
v -1.3957610130310059 2.102587938308716 -1.8248587846755981
v -1.3978339433670044 1.5910120010375977 -2.0005366802215576
v -1.3978339433670044 1.5910120010375977 -2.0005366802215576
v -1.3957610130310059 2.102587938308716 -1.8248587846755981
v -1.2817989587783813 2.0862619876861572 -1.791679859161377
v -1.2882740497589111 1.5427089929580688 -1.9962838888168335
v 1.6278610229492188 5.43867301940918 -3.1811676025390625
v 1.6278610229492188 5.124278545379639 -0.7338887453079224
v 1.6278610229492188 4.8098859786987305 -3.1811678409576416
v 1.6278610229492188 6.381977558135986 -0.7195927500724792
v 1.6278610229492188 6.06758451461792 -3.1535675525665283
v 1.6278610229492188 6.696370601654053 -3.0847675800323486
v 1.6278610229492188 3.8665807247161865 -0.719592809677124
v 1.6278610229492188 3.552187919616699 -3.0847678184509277
v 1.6278610229492188 4.180974006652832 -3.1535677909851074
v 1.6278610229492188 7.639675617218018 -2.989086627960205
v 1.6278610229492188 7.639675617218018 -0.6987857222557068
v 1.6278610229492188 2.6088826656341553 -0.6987859010696411
v 1.6278610229492188 2.6088829040527344 -2.989086866378784
v 1.692821979522705 2.3374507427215576 1.232956051826477
v 1.4889780282974243 2.3374507427215576 1.1380499601364136
v 0.7984330058097839 2.3374507427215576 1.5375059843063354
v 0.905256986618042 2.3374507427215576 1.6906930208206177
v 1.9934660196304321 2.3374507427215576 0.6076770424842834
v 1.7488709688186646 2.3374507427215576 0.5532660484313965
v -1.692821979522705 2.3374507427215576 1.232956051826477
v -1.4889780282974243 2.3374507427215576 1.1380499601364136
v -1.7488709688186646 2.3374507427215576 0.5532660484313965
v -1.9934649467468262 2.3374507427215576 0.6076770424842834
v -0.8714470267295837 2.3374507427215576 1.6906930208206177
v -0.7623109817504883 2.3374507427215576 1.5375059843063354
v 0.04053400084376335 2.3374507427215576 1.8582359552383423
v 0.04780200123786926 2.3374507427215576 1.6872639656066895
v -1.6132580041885376 7.712693691253662 -1.57084059715271
v -2.7398478984832764 7.681966304779053 -1.5799306631088257
v -2.7360610961914062 7.503052711486816 -1.4424866437911987
v -1.6132580041885376 7.533727645874023 -1.4334126710891724
v -3.408984899520874 7.424670696258545 -1.6560436487197876
v -3.355228900909424 7.256618499755859 -1.515386700630188
v -3.9276480674743652 6.8216023445129395 -1.8344446420669556
v -3.820733070373535 6.694556713104248 -1.6816565990447998
v -4.194983005523682 6.062809467315674 -2.058910846710205
v -4.068408966064453 5.97302770614624 -1.8950996398925781
v -4.32003116607666 5.221305847167969 -2.3078458309173584
v -4.188626766204834 5.152268886566162 -2.1378977298736572
v -4.3474650382995605 4.120354175567627 -2.633530855178833
v -4.2148661613464355 4.065782070159912 -2.4593026638031006
v -2.508197069168091 2.9510817527770996 0.008684100583195686
v -2.508197069168091 3.644542694091797 0.008684123866260052
v -2.508197069168091 3.323004722595215 0.36848509311676025
v -2.508197069168091 2.9510817527770996 0.36848509311676025
v -2.5081980228424072 2.9510819911956787 -3.090186834335327
v -2.5081980228424072 3.644542932510376 -2.906012773513794
v -2.5081980228424072 3.323004722595215 2.5183680057525635
v -2.5081980228424072 2.9510817527770996 2.5183680057525635
v -2.7916669845581055 2.9510817527770996 0.008684100583195686
v -2.508197069168091 2.9510817527770996 0.008684100583195686
v -2.508197069168091 2.9510817527770996 0.36848509311676025
v -2.7916669845581055 2.9510817527770996 0.36848509311676025
v -2.791666030883789 2.9510819911956787 -3.090186834335327
v -2.5081980228424072 2.9510819911956787 -3.090186834335327
v -2.7916669845581055 3.644542694091797 0.008684123866260052
v -2.7916669845581055 2.9510817527770996 0.008684100583195686
v -2.7916669845581055 2.9510817527770996 0.36848509311676025
v -2.7916669845581055 3.323004722595215 0.36848509311676025
v -2.791666030883789 3.644542932510376 -2.906012773513794
v -2.791666030883789 2.9510819911956787 -3.090186834335327
v -2.791666030883789 2.9510817527770996 2.5183680057525635
v -2.791666030883789 3.323004722595215 2.5183680057525635
v -2.7916669845581055 3.323004722595215 0.36848509311676025
v -2.508197069168091 3.323004722595215 0.36848509311676025
v -2.508197069168091 3.644542694091797 0.008684123866260052
v -2.7916669845581055 3.644542694091797 0.008684123866260052
v -2.5081980228424072 3.644542932510376 -2.906012773513794
v -2.791666030883789 3.644542932510376 -2.906012773513794
v -2.791666030883789 3.323004722595215 2.5183680057525635
v -2.5081980228424072 3.323004722595215 2.5183680057525635
v -2.6499319076538086 3.353789806365967 2.9683680534362793
v -2.649930953979492 3.3179256916046143 2.8839919567108154
v -2.81229305267334 3.3179256916046143 2.9367470741271973
v -2.7626988887786865 3.353789806365967 3.0050079822540283
v -2.5371639728546143 3.353789806365967 3.0050079822540283
v -2.487567901611328 3.3179256916046143 2.9367470741271973
v -2.4674699306488037 3.353789806365967 3.1009340286254883
v -2.387223958969116 3.3179256916046143 3.0748610496520996
v -2.487567901611328 3.3179256916046143 2.9367470741271973
v -2.5371639728546143 3.353789806365967 3.0050079822540283
v -2.4674699306488037 3.353789806365967 3.2195041179656982
v -2.387223958969116 3.3179256916046143 3.2455780506134033
v -2.5371639728546143 3.353789806365967 3.315429925918579
v -2.4875690937042236 3.3179256916046143 3.3836910724639893
v -2.649930953979492 3.353789806365967 3.3520710468292236
v -2.6499319076538086 3.3179256916046143 3.4364469051361084
v -2.76269793510437 3.353789806365967 3.315429925918579
v -2.81229305267334 3.3179256916046143 3.3836920261383057
v -2.8323938846588135 3.353789806365967 3.2195050716400146
v -2.9126389026641846 3.3179256916046143 3.2455780506134033
v -2.8323938846588135 3.353789806365967 3.1009340286254883
v -2.9126389026641846 3.3179256916046143 3.074860095977783
v -1.1617419719696045 6.2768707275390625 1.2594871520996094
v -1.1617419719696045 5.3584675788879395 1.8186451196670532
v -1.1617419719696045 5.241298675537109 1.6315160989761353
v -1.1617419719696045 6.027860641479492 1.1435531377792358
v -1.1617419719696045 6.644128322601318 0.49566420912742615
v -1.1617419719696045 6.345337390899658 0.42919719219207764
v -1.1617419719696045 2.5533368587493896 1.2594870328903198
v -1.1617419719696045 2.1860787868499756 0.4956640601158142
v -1.1617419719696045 2.4848687648773193 0.4291970729827881
v -1.1617419719696045 2.8023457527160645 1.1435530185699463
v -1.1617419719696045 3.490339756011963 1.8186450004577637
v -1.1617419719696045 3.623657703399658 1.6315159797668457
v -1.1617419719696045 4.441390514373779 2.023310899734497
v -1.1617419719696045 4.462472438812256 1.8144570589065552
v -1.8233590126037598 5.358468532562256 1.8186451196670532
v -1.8233590126037598 6.2768707275390625 1.2594871520996094
v -1.8233580589294434 6.027860641479492 1.1435531377792358
v -1.8233590126037598 5.241298675537109 1.6315160989761353
v -1.8233590126037598 6.644128322601318 0.49566420912742615
v -1.8233590126037598 6.345338344573975 0.42919719219207764
v -1.8233590126037598 2.1860787868499756 0.4956640601158142
v -1.8233590126037598 2.5533368587493896 1.2594870328903198
v -1.8233580589294434 2.8023457527160645 1.1435530185699463
v -1.8233590126037598 2.4848687648773193 0.4291970729827881
v -1.8233590126037598 3.490339756011963 1.8186450004577637
v -1.8233590126037598 3.623657703399658 1.6315159797668457
v -1.8233590126037598 4.441390514373779 2.023310899734497
v -1.8233590126037598 4.462473392486572 1.8144570589065552
v 4.413991928100586 3.4011991024017334 -3.233639717102051
v 4.384435176849365 3.3664751052856445 -3.1187777519226074
v 4.1706318855285645 2.815108060836792 -3.230607748031616
v 4.184648036956787 2.800678014755249 -3.3617286682128906
v 3.869102954864502 2.3262879848480225 -3.3188717365264893
v 3.8717989921569824 2.290203094482422 -3.4520716667175293
v 3.4799230098724365 1.8857369422912598 -3.372088670730591
v 3.469336986541748 1.833693027496338 -3.5037267208099365
v 3.0053489208221436 1.4806920289993286 -3.3598527908325195
v 2.9799880981445312 1.418936014175415 -3.4813077449798584
v 2.469686985015869 1.1373529434204102 -3.238065719604492
v 2.4326579570770264 1.0729060173034668 -3.3444337844848633
v 2.0286550521850586 0.9968490600585938 -2.9523167610168457
v 1.970715045928955 0.9280440807342529 -3.0365958213806152
v 1.7471779584884644 1.0451949834823608 -2.5854828357696533
v 1.6634459495544434 0.9772460460662842 -2.637699842453003
v 1.5777490139007568 1.1573669910430908 -2.24075984954834
v 1.4794340133666992 1.09505295753479 -2.2691407203674316
v 1.503952980041504 1.362879991531372 -1.8578548431396484
v 1.394394040107727 1.3145760297775269 -1.8536028861999512
v 4.549866199493408 3.9673187732696533 -2.95943284034729
v 4.503213882446289 3.868759870529175 -2.8888566493988037
v 0.905256986618042 1.795840859413147 1.6906930208206177
v 0.7984330058097839 1.795840859413147 1.5375059843063354
v 1.4889780282974243 1.795840859413147 1.1380499601364136
v 1.692821979522705 1.795840859413147 1.232956051826477
v 1.7488709688186646 1.795840859413147 0.5532659888267517
v 1.9934660196304321 1.795840859413147 0.6076769828796387
v -1.9934649467468262 1.795840859413147 0.6076769828796387
v -1.7488709688186646 1.795840859413147 0.5532659888267517
v -1.4889780282974243 1.795840859413147 1.1380499601364136
v -1.692821979522705 1.795840859413147 1.232956051826477
v -0.7623109817504883 1.795840859413147 1.5375059843063354
v -0.8714470267295837 1.795840859413147 1.6906930208206177
v 0.04780200123786926 1.795840859413147 1.6872639656066895
v 0.04053400084376335 1.795840859413147 1.8582359552383423
v 4.242084980010986 3.4778289794921875 -3.3655288219451904
v 4.355027198791504 3.445775032043457 -3.3393516540527344
v 4.1173481941223145 2.8200700283050537 -3.473479747772217
v 4.00815486907959 2.8682448863983154 -3.4860947132110596
v 3.8051300048828125 2.3089280128479004 -3.5679516792297363
v 3.708148956298828 2.3858730792999268 -3.566074848175049
v 3.4031310081481934 1.8518569469451904 -3.6221916675567627
v 3.3200879096984863 1.9510389566421509 -3.6095268726348877
v 2.910839080810547 1.4381179809570312 -3.5910568237304688
v 2.838409900665283 1.5401710271835327 -3.5950026512145996
v 2.3604979515075684 1.093116044998169 -3.446389675140381
v 2.2954790592193604 1.1942479610443115 -3.4658708572387695
v 1.8896700143814087 0.9480440616607666 -3.125452756881714
v 1.832995057106018 1.0469629764556885 -3.162693738937378
v 1.5700490474700928 0.9983070492744446 -2.7097277641296387
v 1.5217000246047974 1.096040964126587 -2.759375810623169
v 1.3775629997253418 1.1193879842758179 -2.327321767807007
v 1.3318150043487549 1.216117024421692 -2.3812217712402344
v 1.285841941833496 1.3472390174865723 -1.8923848867416382
v 1.241886019706726 1.441735029220581 -1.9514858722686768
v 1.2642090320587158 2.0009100437164307 -1.5881738662719727
v 1.2273080348968506 2.044145107269287 -1.6936428546905518
v 4.398855209350586 4.1374359130859375 -3.0098278522491455
v 4.504868984222412 4.094858169555664 -2.9995477199554443
v 4.141322135925293 3.4856510162353516 -3.28083872795105
v 4.242084980010986 3.4778289794921875 -3.3655288219451904
v 4.00815486907959 2.8682448863983154 -3.4860947132110596
v 3.9210329055786133 2.914691925048828 -3.3973636627197266
v 3.708148956298828 2.3858730792999268 -3.566074848175049
v 3.637666940689087 2.4638168811798096 -3.4750468730926514
v 3.3200879096984863 1.9510389566421509 -3.6095268726348877
v 3.268852949142456 2.0478169918060303 -3.5304787158966064
v 2.838409900665283 1.5401710271835327 -3.5950026512145996
v 2.805129051208496 1.6490390300750732 -3.5276737213134766
v 2.2954790592193604 1.1942479610443115 -3.4658708572387695
v 2.275686025619507 1.3071049451828003 -3.4139976501464844
v 1.832995057106018 1.0469629764556885 -3.162693738937378
v 1.8338899612426758 1.165140986442566 -3.1303858757019043
v 1.5217000246047974 1.096040964126587 -2.759375810623169
v 1.5467180013656616 1.2131949663162231 -2.7575607299804688
v 1.3318150043487549 1.216117024421692 -2.3812217712402344
v 1.368986964225769 1.3285759687423706 -2.3992667198181152
v 1.241886019706726 1.441735029220581 -1.9514858722686768
v 1.2882740497589111 1.5427089929580688 -1.9962838888168335
v 1.2273080348968506 2.044145107269287 -1.6936428546905518
v 1.2817989587783813 2.0862619876861572 -1.791679859161377
v 4.284686088562012 4.083858013153076 -2.985421657562256
v 4.398855209350586 4.1374359130859375 -3.0098278522491455
v 4.111766815185547 3.451611042022705 -3.164430856704712
v 4.141322135925293 3.4856510162353516 -3.28083872795105
v 3.9210329055786133 2.914691925048828 -3.3973636627197266
v 3.907017946243286 2.928004026412964 -3.2687766551971436
v 3.637666940689087 2.4638168811798096 -3.4750468730926514
v 3.634972095489502 2.495806932449341 -3.35111665725708
v 3.268852949142456 2.0478169918060303 -3.5304787158966064
v 3.2794389724731445 2.0940029621124268 -3.4121036529541016
v 2.805129051208496 1.6490390300750732 -3.5276737213134766
v 2.8304920196533203 1.7057249546051025 -3.4176976680755615
v 2.275686025619507 1.3071049451828003 -3.4139976501464844
v 2.312716007232666 1.369035005569458 -3.3133296966552734
v 1.8338899612426758 1.165140986442566 -3.1303858757019043
v 1.8918319940567017 1.233170986175537 -3.0478618144989014
v 1.5467180013656616 1.2131949663162231 -2.7575607299804688
v 1.630452036857605 1.2811440229415894 -2.705345869064331
v 1.368986964225769 1.3285759687423706 -2.3992667198181152
v 1.467303991317749 1.3908900022506714 -2.37088680267334
v 1.2882740497589111 1.5427089929580688 -1.9962838888168335
v 1.3978339433670044 1.5910120010375977 -2.0005366802215576
v 4.233138084411621 3.964836835861206 -2.9241068363189697
v 4.284686088562012 4.083858013153076 -2.985421657562256
v 4.170731067657471 3.401326894760132 -3.0716397762298584
v 4.111766815185547 3.451611042022705 -3.164430856704712
v 3.907017946243286 2.928004026412964 -3.2687766551971436
v 3.974318027496338 2.9032928943634033 -3.1690666675567627
v 3.634972095489502 2.495806932449341 -3.35111665725708
v 3.7016398906707764 2.469589948654175 -3.252199649810791
v 3.2794389724731445 2.0940029621124268 -3.4121036529541016
v 3.345643997192383 2.066910982131958 -3.3138508796691895
v 2.8304920196533203 1.7057249546051025 -3.4176976680755615
v 2.8996388912200928 1.680968999862671 -3.3205628395080566
v 2.312716007232666 1.369035005569458 -3.3133296966552734
v 2.3848750591278076 1.3455519676208496 -3.218780755996704
v 1.8918319940567017 1.233170986175537 -3.0478618144989014
v 1.972875952720642 1.2123019695281982 -2.960970878601074
v 1.630452036857605 1.2811440229415894 -2.705345869064331
v 1.7238479852676392 1.2600829601287842 -2.6333167552948
v 1.467303991317749 1.3908900022506714 -2.37088680267334
v 1.569172978401184 1.3665549755096436 -2.3127057552337646
v 1.3978339433670044 1.5910120010375977 -2.0005366802215576
v 1.5063849687576294 1.5583499670028687 -1.9617538452148438
v 4.292518138885498 3.888465642929077 -2.861445665359497
v 4.233138084411621 3.964836835861206 -2.9241068363189697
v 4.28367280960083 3.366358995437622 -3.0520596504211426
v 4.170731067657471 3.401326894760132 -3.0716397762298584
v 3.974318027496338 2.9032928943634033 -3.1690666675567627
v 4.083509922027588 2.8564820289611816 -3.153364658355713
v 3.7016398906707764 2.469589948654175 -3.252199649810791
v 3.798621892929077 2.3994240760803223 -3.2387287616729736
v 3.345643997192383 2.066910982131958 -3.3138508796691895
v 3.4286880493164062 1.9812719821929932 -3.295855760574341
v 2.8996388912200928 1.680968999862671 -3.3205628395080566
v 2.9720680713653564 1.5879830121994019 -3.2960927486419678
v 2.3848750591278076 1.3455519676208496 -3.218780755996704
v 2.449894905090332 1.2495230436325073 -3.1877477169036865
v 1.972875952720642 1.2123019695281982 -2.960970878601074
v 2.0295510292053223 1.114251971244812 -2.921762704849243
v 1.7238479852676392 1.2600829601287842 -2.6333167552948
v 1.7721970081329346 1.162348985671997 -2.583667755126953
v 1.569172978401184 1.3665549755096436 -2.3127057552337646
v 1.6149200201034546 1.269826054573059 -2.258805751800537
v 1.5063849687576294 1.5583499670028687 -1.9617538452148438
v 1.550341010093689 1.4638530015945435 -1.9026528596878052
v 1.5024360418319702 2.083559989929199 -1.7737418413162231
v 1.539335012435913 2.0403249263763428 -1.66827392578125
v 4.396915912628174 3.850590705871582 -2.8500707149505615
v 4.292518138885498 3.888465642929077 -2.861445665359497
v 4.384435176849365 3.3664751052856445 -3.1187777519226074
v 4.28367280960083 3.366358995437622 -3.0520596504211426
v 4.083509922027588 2.8564820289611816 -3.153364658355713
v 4.1706318855285645 2.815108060836792 -3.230607748031616
v 3.798621892929077 2.3994240760803223 -3.2387287616729736
v 3.869102954864502 2.3262879848480225 -3.3188717365264893
v 3.4286880493164062 1.9812719821929932 -3.295855760574341
v 3.4799230098724365 1.8857369422912598 -3.372088670730591
v 2.9720680713653564 1.5879830121994019 -3.2960927486419678
v 3.0053489208221436 1.4806920289993286 -3.3598527908325195
v 2.449894905090332 1.2495230436325073 -3.1877477169036865
v 2.469686985015869 1.1373529434204102 -3.238065719604492
v 2.0295510292053223 1.114251971244812 -2.921762704849243
v 2.0286550521850586 0.9968490600585938 -2.9523167610168457
v 1.7721970081329346 1.162348985671997 -2.583667755126953
v 1.7471779584884644 1.0451949834823608 -2.5854828357696533
v 1.6149200201034546 1.269826054573059 -2.258805751800537
v 1.5777490139007568 1.1573669910430908 -2.24075984954834
v 1.550341010093689 1.4638530015945435 -1.9026528596878052
v 1.503952980041504 1.362879991531372 -1.8578548431396484
v 1.539335012435913 2.0403249263763428 -1.66827392578125
v 1.4848450422286987 1.998207926750183 -1.5702358484268188
v 4.503213882446289 3.868759870529175 -2.8888566493988037
v 4.396915912628174 3.850590705871582 -2.8500707149505615
v 2.6499319076538086 6.370561599731445 -2.3563084602355957
v 2.80255389213562 6.3564934730529785 -2.308755874633789
v 2.8696770668029785 6.336154460906982 -2.4111175537109375
v 2.6499319076538086 6.356408596038818 -2.479583501815796
v 2.4973080158233643 6.3564934730529785 -2.308755874633789
v 2.6499319076538086 6.370561599731445 -2.3563084602355957
v 2.6499319076538086 6.356408596038818 -2.479583501815796
v 2.4301838874816895 6.336154460906982 -2.411116600036621
v 2.402981996536255 6.319664478302002 -2.1842596530914307
v 2.2943739891052246 6.283129692077637 -2.231867790222168
v 2.402981996536255 6.274142742156982 -2.0303738117218018
v 2.2943739891052246 6.217586517333984 -2.0103037357330322
v 2.497307062149048 6.237313747406006 -1.9058775901794434
v 2.4301838874816895 6.164560317993164 -1.8310556411743164
v 2.6499319076538086 6.2232465744018555 -1.858324646949768
v 2.6499319076538086 6.144306659698486 -1.7625876665115356
v 2.80255389213562 6.237313747406006 -1.9058775901794434
v 2.8696770668029785 6.164560317993164 -1.8310546875
v 2.8968820571899414 6.274142742156982 -2.0303738117218018
v 3.0054891109466553 6.217586517333984 -2.0103037357330322
v 2.8968820571899414 6.319664478302002 -2.1842596530914307
v 3.0054891109466553 6.283129692077637 -2.2318687438964844
v -2.6499319076538086 6.370561599731445 -2.356309413909912
v -2.6499319076538086 6.356408596038818 -2.479583501815796
v -2.8696770668029785 6.336154460906982 -2.4111175537109375
v -2.80255389213562 6.3564934730529785 -2.308755874633789
v -2.4973080158233643 6.3564934730529785 -2.308755874633789
v -2.4301838874816895 6.336154460906982 -2.411116600036621
v -2.6499319076538086 6.356408596038818 -2.479583501815796
v -2.6499319076538086 6.370561599731445 -2.356309413909912
v -2.402981996536255 6.319664478302002 -2.1842596530914307
v -2.2943739891052246 6.283129692077637 -2.231867790222168
v -2.402981996536255 6.274142742156982 -2.0303738117218018
v -2.2943739891052246 6.217586517333984 -2.0103046894073486
v -2.4973080158233643 6.237313747406006 -1.9058775901794434
v -2.4301838874816895 6.164560317993164 -1.8310546875
v -2.6499319076538086 6.2232465744018555 -1.858324646949768
v -2.6499319076538086 6.144306659698486 -1.7625876665115356
v -2.80255389213562 6.237313747406006 -1.9058775901794434
v -2.8696770668029785 6.164560317993164 -1.8310546875
v -2.8968820571899414 6.274142742156982 -2.0303738117218018
v -3.0054891109466553 6.217586517333984 -2.0103037357330322
v -2.8968820571899414 6.319664478302002 -2.1842596530914307
v -3.0054891109466553 6.283129692077637 -2.2318687438964844
v -4.242084980010986 3.4778289794921875 -3.3655288219451904
v -4.00815486907959 2.8682448863983154 -3.4860947132110596
v -4.1173481941223145 2.8200700283050537 -3.473479747772217
v -4.35502815246582 3.445775032043457 -3.3393516540527344
v -3.7081499099731445 2.3858730792999268 -3.566074848175049
v -3.8051300048828125 2.3089280128479004 -3.56795072555542
v -3.320089101791382 1.9510389566421509 -3.6095268726348877
v -3.4031319618225098 1.8518569469451904 -3.6221916675567627
v -2.838409900665283 1.5401710271835327 -3.5950026512145996
v -2.910839080810547 1.4381179809570312 -3.5910568237304688
v -2.2954790592193604 1.1942479610443115 -3.4658708572387695
v -2.3604979515075684 1.093116044998169 -3.4463887214660645
v -1.832995057106018 1.0469629764556885 -3.162693738937378
v -1.8896700143814087 0.9480440616607666 -3.1254518032073975
v -1.5217000246047974 1.096040964126587 -2.759375810623169
v -1.5700490474700928 0.9983070492744446 -2.7097277641296387
v -1.3318150043487549 1.216117024421692 -2.3812217712402344
v -1.3775629997253418 1.1193879842758179 -2.327321767807007
v -1.241886019706726 1.441735029220581 -1.9514858722686768
v -1.285841941833496 1.3472390174865723 -1.8923848867416382
v -1.2273080348968506 2.044145107269287 -1.6936428546905518
v -1.2642090320587158 2.0009100437164307 -1.5881738662719727
v -4.398855209350586 4.1374359130859375 -3.0098278522491455
v -4.504868984222412 4.094858169555664 -2.9995477199554443
v -4.141323089599609 3.4856510162353516 -3.28083872795105
v -3.921034097671509 2.914691925048828 -3.39736270904541
v -4.00815486907959 2.8682448863983154 -3.4860947132110596
v -4.242084980010986 3.4778289794921875 -3.3655288219451904
v -3.637666940689087 2.4638168811798096 -3.475045680999756
v -3.7081499099731445 2.3858730792999268 -3.566074848175049
v -3.268852949142456 2.0478169918060303 -3.5304787158966064
v -3.320089101791382 1.9510389566421509 -3.6095268726348877
v -2.805129051208496 1.6490390300750732 -3.5276737213134766
v -2.838409900665283 1.5401710271835327 -3.5950026512145996
v -2.275686025619507 1.3071049451828003 -3.413996696472168
v -2.2954790592193604 1.1942479610443115 -3.4658708572387695
v -1.8338899612426758 1.165140986442566 -3.1303858757019043
v -1.832995057106018 1.0469629764556885 -3.162693738937378
v -1.5467180013656616 1.2131949663162231 -2.7575607299804688
v -1.5217000246047974 1.096040964126587 -2.759375810623169
v -1.368986964225769 1.3285759687423706 -2.3992667198181152
v -1.3318150043487549 1.216117024421692 -2.3812217712402344
v -1.2882740497589111 1.5427089929580688 -1.9962838888168335
v -1.241886019706726 1.441735029220581 -1.9514858722686768
v -1.2817989587783813 2.0862619876861572 -1.791679859161377
v -1.2273080348968506 2.044145107269287 -1.6936428546905518
v -4.284686088562012 4.083858013153076 -2.985421657562256
v -4.398855209350586 4.1374359130859375 -3.0098278522491455
v -4.111766815185547 3.451611042022705 -3.164430856704712
v -3.907017946243286 2.928004026412964 -3.2687766551971436
v -3.921034097671509 2.914691925048828 -3.39736270904541
v -4.141323089599609 3.4856510162353516 -3.28083872795105
v -3.634972095489502 2.495806932449341 -3.35111665725708
v -3.637666940689087 2.4638168811798096 -3.475045680999756
v -3.279439926147461 2.0940029621124268 -3.412102699279785
v -3.268852949142456 2.0478169918060303 -3.5304787158966064
v -2.8304920196533203 1.7057249546051025 -3.4176976680755615
v -2.805129051208496 1.6490390300750732 -3.5276737213134766
v -2.312716007232666 1.369035005569458 -3.3133296966552734
v -2.275686025619507 1.3071049451828003 -3.413996696472168
v -1.8918319940567017 1.233170986175537 -3.047860860824585
v -1.8338899612426758 1.165140986442566 -3.1303858757019043
v -1.630452036857605 1.2811440229415894 -2.7053446769714355
v -1.5467180013656616 1.2131949663162231 -2.7575607299804688
v -1.467303991317749 1.3908900022506714 -2.37088680267334
v -1.368986964225769 1.3285759687423706 -2.3992667198181152
v -1.3978339433670044 1.5910120010375977 -2.0005366802215576
v -1.2882740497589111 1.5427089929580688 -1.9962838888168335
v -4.2331390380859375 3.964836835861206 -2.9241068363189697
v -4.284686088562012 4.083858013153076 -2.985421657562256
v -4.170731067657471 3.401326894760132 -3.0716397762298584
v -3.974318027496338 2.9032928943634033 -3.1690666675567627
v -3.907017946243286 2.928004026412964 -3.2687766551971436
v -4.111766815185547 3.451611042022705 -3.164430856704712
v -3.7016398906707764 2.469589948654175 -3.2521986961364746
v -3.634972095489502 2.495806932449341 -3.35111665725708
v -3.345644950866699 2.066910982131958 -3.3138508796691895
v -3.279439926147461 2.0940029621124268 -3.412102699279785
v -2.8996388912200928 1.680968999862671 -3.3205628395080566
v -2.8304920196533203 1.7057249546051025 -3.4176976680755615
v -2.3848750591278076 1.3455519676208496 -3.218780755996704
v -2.312716007232666 1.369035005569458 -3.3133296966552734
v -1.972875952720642 1.2123019695281982 -2.9609718322753906
v -1.8918319940567017 1.233170986175537 -3.047860860824585
v -1.7238479852676392 1.2600829601287842 -2.6333158016204834
v -1.630452036857605 1.2811440229415894 -2.7053446769714355
v -1.569172978401184 1.3665549755096436 -2.3127057552337646
v -1.467303991317749 1.3908900022506714 -2.37088680267334
v -1.5063849687576294 1.5583499670028687 -1.9617538452148438
v -1.3978339433670044 1.5910120010375977 -2.0005366802215576
v -4.292518138885498 3.888465642929077 -2.861445665359497
v -4.2331390380859375 3.964836835861206 -2.9241068363189697
v -4.28367280960083 3.366358995437622 -3.0520596504211426
v -4.083509922027588 2.8564820289611816 -3.153364658355713
v -3.974318027496338 2.9032928943634033 -3.1690666675567627
v -4.170731067657471 3.401326894760132 -3.0716397762298584
v -3.7986209392547607 2.3994240760803223 -3.2387278079986572
v -3.7016398906707764 2.469589948654175 -3.2521986961364746
v -3.4286880493164062 1.9812719821929932 -3.295855760574341
v -3.345644950866699 2.066910982131958 -3.3138508796691895
v -2.972069025039673 1.5879830121994019 -3.2960927486419678
v -2.8996388912200928 1.680968999862671 -3.3205628395080566
v -2.449894905090332 1.2495230436325073 -3.187748670578003
v -2.3848750591278076 1.3455519676208496 -3.218780755996704
v -2.0295510292053223 1.114251971244812 -2.921762704849243
v -1.972875952720642 1.2123019695281982 -2.9609718322753906
v -1.7721970081329346 1.162348985671997 -2.583667755126953
v -1.7238479852676392 1.2600829601287842 -2.6333158016204834
v -1.6149200201034546 1.269826054573059 -2.258805751800537
v -1.569172978401184 1.3665549755096436 -2.3127057552337646
v -1.550341010093689 1.4638530015945435 -1.9026528596878052
v -1.5063849687576294 1.5583499670028687 -1.9617538452148438
v -1.539335012435913 2.0403249263763428 -1.66827392578125
v -1.5024360418319702 2.083559989929199 -1.7737418413162231
v -4.396915912628174 3.850590705871582 -2.850069761276245
v -4.292518138885498 3.888465642929077 -2.861445665359497
v -4.384435176849365 3.3664751052856445 -3.1187777519226074
v -4.1706318855285645 2.815108060836792 -3.230607748031616
v -4.083509922027588 2.8564820289611816 -3.153364658355713
v -4.28367280960083 3.366358995437622 -3.0520596504211426
v -3.8691039085388184 2.3262879848480225 -3.3188717365264893
v -3.7986209392547607 2.3994240760803223 -3.2387278079986572
v -3.4799230098724365 1.8857369422912598 -3.372088670730591
v -3.4286880493164062 1.9812719821929932 -3.295855760574341
v -3.0053489208221436 1.4806920289993286 -3.3598527908325195
v -2.972069025039673 1.5879830121994019 -3.2960927486419678
v -2.469686985015869 1.1373529434204102 -3.238065719604492
v -2.449894905090332 1.2495230436325073 -3.187748670578003
v -2.0286550521850586 0.9968490600585938 -2.9523167610168457
v -2.0295510292053223 1.114251971244812 -2.921762704849243
v -1.7471779584884644 1.0451949834823608 -2.5854828357696533
v -1.7721970081329346 1.162348985671997 -2.583667755126953
v -1.5777490139007568 1.1573669910430908 -2.24075984954834
v -1.6149200201034546 1.269826054573059 -2.258805751800537
v -1.503952980041504 1.362879991531372 -1.8578548431396484
v -1.550341010093689 1.4638530015945435 -1.9026528596878052
v -1.4848450422286987 1.998207926750183 -1.5702358484268188
v -1.539335012435913 2.0403249263763428 -1.66827392578125
v -4.503213882446289 3.868759870529175 -2.8888556957244873
v -4.396915912628174 3.850590705871582 -2.850069761276245
v -4.413991928100586 3.4011991024017334 -3.233639717102051
v -4.184648036956787 2.800678014755249 -3.3617286682128906
v -4.1706318855285645 2.815108060836792 -3.230607748031616
v -4.384435176849365 3.3664751052856445 -3.1187777519226074
v -3.871799945831299 2.290203094482422 -3.4520716667175293
v -3.8691039085388184 2.3262879848480225 -3.3188717365264893
v -3.469336986541748 1.833693027496338 -3.5037267208099365
v -3.4799230098724365 1.8857369422912598 -3.372088670730591
v -2.9799880981445312 1.418936014175415 -3.4813077449798584
v -3.0053489208221436 1.4806920289993286 -3.3598527908325195
v -2.4326579570770264 1.0729060173034668 -3.3444337844848633
v -2.469686985015869 1.1373529434204102 -3.238065719604492
v -1.970715045928955 0.9280440807342529 -3.0365958213806152
v -2.0286550521850586 0.9968490600585938 -2.9523167610168457
v -1.6634459495544434 0.9772460460662842 -2.6376986503601074
v -1.7471779584884644 1.0451949834823608 -2.5854828357696533
v -1.4794340133666992 1.09505295753479 -2.2691407203674316
v -1.5777490139007568 1.1573669910430908 -2.24075984954834
v -1.394394040107727 1.3145760297775269 -1.8536028861999512
v -1.503952980041504 1.362879991531372 -1.8578548431396484
v -4.549866199493408 3.9673187732696533 -2.95943284034729
v -4.503213882446289 3.868759870529175 -2.8888556957244873
v -4.35502815246582 3.445775032043457 -3.3393516540527344
v -4.1173481941223145 2.8200700283050537 -3.473479747772217
v -4.184648036956787 2.800678014755249 -3.3617286682128906
v -4.413991928100586 3.4011991024017334 -3.233639717102051
v -3.8051300048828125 2.3089280128479004 -3.56795072555542
v -3.871799945831299 2.290203094482422 -3.4520716667175293
v -3.4031319618225098 1.8518569469451904 -3.6221916675567627
v -3.469336986541748 1.833693027496338 -3.5037267208099365
v -2.910839080810547 1.4381179809570312 -3.5910568237304688
v -2.9799880981445312 1.418936014175415 -3.4813077449798584
v -2.3604979515075684 1.093116044998169 -3.4463887214660645
v -2.4326579570770264 1.0729060173034668 -3.3444337844848633
v -1.8896700143814087 0.9480440616607666 -3.1254518032073975
v -1.970715045928955 0.9280440807342529 -3.0365958213806152
v -1.5700490474700928 0.9983070492744446 -2.7097277641296387
v -1.6634459495544434 0.9772460460662842 -2.6376986503601074
v -1.3775629997253418 1.1193879842758179 -2.327321767807007
v -1.4794340133666992 1.09505295753479 -2.2691407203674316
v -1.285841941833496 1.3472390174865723 -1.8923848867416382
v -1.394394040107727 1.3145760297775269 -1.8536028861999512
v -4.504868984222412 4.094858169555664 -2.9995477199554443
v -4.549866199493408 3.9673187732696533 -2.95943284034729
v -2.80255389213562 5.91217565536499 -2.440194845199585
v -2.8696770668029785 5.984928607940674 -2.5150177478790283
v -2.6499319076538086 6.00518274307251 -2.5834834575653076
v -2.6499319076538086 5.926242351531982 -2.4877476692199707
v -2.6499319076538086 5.926242351531982 -2.4877476692199707
v -2.6499319076538086 6.00518274307251 -2.5834834575653076
v -2.4301838874816895 5.984928607940674 -2.515016794204712
v -2.4973080158233643 5.91217565536499 -2.440194845199585
v -2.2943739891052246 5.9319024085998535 -2.3357677459716797
v -2.402981996536255 5.875346660614014 -2.3156988620758057
v -2.2943739891052246 5.866359710693359 -2.1142046451568604
v -2.402981996536255 5.8298234939575195 -2.1618127822875977
v -2.4301838874816895 5.813333511352539 -1.9349555969238281
v -2.4973080158233643 5.792994499206543 -2.0373167991638184
v -2.6499319076538086 5.793079376220703 -1.8664876222610474
v -2.6499319076538086 5.778927326202393 -1.9897626638412476
v -2.869678020477295 5.813333511352539 -1.9349546432495117
v -2.80255389213562 5.792994499206543 -2.0373167991638184
v -3.0054891109466553 5.866359710693359 -2.114203691482544
v -2.8968820571899414 5.8298234939575195 -2.1618127822875977
v -3.0054891109466553 5.9319024085998535 -2.3357677459716797
v -2.8968820571899414 5.875346660614014 -2.3156988620758057
v -1.6132580041885376 7.7767014503479 -1.7872166633605957
v -2.7398478984832764 7.745974540710449 -1.7963066101074219
v -2.7398478984832764 7.681966304779053 -1.5799306631088257
v -1.6132580041885376 7.712693691253662 -1.57084059715271
v -3.408984899520874 7.488678455352783 -1.8724195957183838
v -3.408984899520874 7.424670696258545 -1.6560436487197876
v -3.9276480674743652 6.885611534118652 -2.0508205890655518
v -3.9276480674743652 6.8216023445129395 -1.8344446420669556
v -4.194982051849365 6.12681770324707 -2.2752878665924072
v -4.194983005523682 6.062809467315674 -2.058910846710205
v -4.32003116607666 5.285314083099365 -2.524221658706665
v -4.32003116607666 5.221305847167969 -2.3078458309173584
v -4.3474650382995605 4.184361934661865 -2.8499066829681396
v -4.3474650382995605 4.120354175567627 -2.633530855178833
v -1.6132580041885376 7.533727645874023 -1.4334126710891724
v -2.7360610961914062 7.503052711486816 -1.4424866437911987
v -2.729933023452759 7.277570724487305 -1.4364736080169678
v -1.6132580041885376 7.308161735534668 -1.427424669265747
v -3.355228900909424 7.256618499755859 -1.515386700630188
v -3.2682509422302246 7.048712730407715 -1.5041745901107788
v -3.820733070373535 6.694556713104248 -1.6816565990447998
v -3.647739887237549 6.553000450134277 -1.6508166790008545
v -4.068408966064453 5.97302770614624 -1.8950996398925781
v -3.863607883453369 5.891768455505371 -1.8464226722717285
v -4.188626766204834 5.152268886566162 -2.1378977298736572
v -3.9760079383850098 5.104572772979736 -2.0792927742004395
v -4.2148661613464355 4.065782070159912 -2.4593026638031006
v -4.000316143035889 4.0414910316467285 -2.3937737941741943
v -1.6132580041885376 7.308161735534668 -1.427424669265747
v -2.729933023452759 7.277570724487305 -1.4364736080169678
v -2.723803997039795 7.091649532318115 -1.5641885995864868
v -1.6132580041885376 7.122155666351318 -1.5551636219024658
v -3.2682509422302246 7.048712730407715 -1.5041745901107788
v -3.1812729835510254 6.880365371704102 -1.6266896724700928
v -3.647739887237549 6.553000450134277 -1.6508166790008545
v -3.4747469425201416 6.451003551483154 -1.7537046670913696
v -3.863607883453369 5.891768455505371 -1.8464226722717285
v -3.6588079929351807 5.85006856918335 -1.9314736127853394
v -3.9760079383850098 5.104572772979736 -2.0792927742004395
v -3.7633910179138184 5.096436977386475 -2.1544137001037598
v -4.000316143035889 4.0414910316467285 -2.3937737941741943
v -3.7857658863067627 4.056759834289551 -2.4619717597961426
v -1.6132580041885376 7.122155666351318 -1.5551636219024658
v -2.723803997039795 7.091649532318115 -1.5641885995864868
v -2.7200169563293457 7.01630163192749 -1.7768486738204956
v -1.6132580041885376 7.046756744384766 -1.7678385972976685
v -3.1812729835510254 6.880365371704102 -1.6266896724700928
v -3.127518892288208 6.815882682800293 -1.8361366987228394
v -3.4747469425201416 6.451003551483154 -1.7537046670913696
v -3.367830991744995 6.427526473999023 -1.9510196447372437
v -3.6588079929351807 5.85006856918335 -1.9314736127853394
v -3.5322349071502686 5.863855361938477 -2.1177656650543213
v -3.7633910179138184 5.096436977386475 -2.1544137001037598
v -3.631985902786255 5.13096809387207 -2.3345696926116943
v -3.7857658863067627 4.056759834289551 -2.4619717597961426
v -3.653167963027954 4.105754852294922 -2.6378488540649414
v -3.127518892288208 6.815882682800293 -1.8361366987228394
v -3.367830991744995 6.427526473999023 -1.9510196447372437
v -3.367830991744995 6.491535663604736 -2.167395830154419
v -3.127518892288208 6.879890441894531 -2.0525124073028564
v -3.5322349071502686 5.863855361938477 -2.1177656650543213
v -3.5322349071502686 5.9278645515441895 -2.334141731262207
v -3.631985902786255 5.13096809387207 -2.3345696926116943
v -3.631985902786255 5.194976806640625 -2.55094575881958
v -3.653167963027954 4.105754852294922 -2.6378488540649414
v -3.6531689167022705 4.169764041900635 -2.854224681854248
v -1.6132580041885376 7.046756744384766 -1.7678385972976685
v -2.7200169563293457 7.01630163192749 -1.7768486738204956
v -2.7200169563293457 7.0803093910217285 -1.9932246208190918
v -1.6132580041885376 7.11076545715332 -1.9842146635055542
v -3.127518892288208 6.815882682800293 -1.8361366987228394
v -3.127518892288208 6.879890441894531 -2.0525124073028564
v -1.6132580041885376 7.11076545715332 -1.9842146635055542
v -2.7200169563293457 7.0803093910217285 -1.9932246208190918
v -2.723803997039795 7.259225368499756 -2.1306674480438232
v -1.6132580041885376 7.289732456207275 -2.121643543243408
v -3.127518892288208 6.879890441894531 -2.0525124073028564
v -3.1812729835510254 7.047942638397217 -2.193169593811035
v -3.367830991744995 6.491535663604736 -2.167395830154419
v -3.4747469425201416 6.618580341339111 -2.320183515548706
v -3.5322349071502686 5.9278645515441895 -2.334141731262207
v -3.6588079929351807 6.017645359039307 -2.4979536533355713
v -3.631985902786255 5.194976806640625 -2.55094575881958
v -3.7633910179138184 5.264013767242432 -2.7208938598632812
v -3.6531689167022705 4.169764041900635 -2.854224681854248
v -3.7857658863067627 4.22433614730835 -3.028451681137085
v -1.6132580041885376 7.289732456207275 -2.121643543243408
v -2.723803997039795 7.259225368499756 -2.1306674480438232
v -2.729933023452759 7.484706401824951 -2.1366806030273438
v -1.6132580041885376 7.5152974128723145 -2.127631425857544
v -3.1812729835510254 7.047942638397217 -2.193169593811035
v -3.2682509422302246 7.255848407745361 -2.2043814659118652
v -3.4747469425201416 6.618580341339111 -2.320183515548706
v -3.647739887237549 6.760137557983398 -2.3510234355926514
v -3.6588079929351807 6.017645359039307 -2.4979536533355713
v -3.8636090755462646 6.098904609680176 -2.546630620956421
v -3.7633910179138184 5.264013767242432 -2.7208938598632812
v -3.976008892059326 5.311708927154541 -2.7794997692108154
v -3.7857658863067627 4.22433614730835 -3.028451681137085
v -4.000316143035889 4.248627185821533 -3.0939817428588867
v -1.6132580041885376 7.5152974128723145 -2.127631425857544
v -2.729933023452759 7.484706401824951 -2.1366806030273438
v -2.7360610961914062 7.670628547668457 -2.008965492248535
v -1.6132580041885376 7.701303482055664 -1.9998916387557983
v -3.2682509422302246 7.255848407745361 -2.2043814659118652
v -3.3552300930023193 7.424195289611816 -2.081866502761841
v -3.647739887237549 6.760137557983398 -2.3510234355926514
v -3.820733070373535 6.862133502960205 -2.248135566711426
v -3.8636090755462646 6.098904609680176 -2.546630620956421
v -4.068408966064453 6.140604496002197 -2.4615797996520996
v -3.976008892059326 5.311708927154541 -2.7794997692108154
v -4.188626766204834 5.319845199584961 -2.7043776512145996
v -4.000316143035889 4.248627185821533 -3.0939817428588867
v -4.2148661613464355 4.233358860015869 -3.025782823562622
v -1.6132580041885376 7.701303482055664 -1.9998916387557983
v -2.7360610961914062 7.670628547668457 -2.008965492248535
v -2.7398478984832764 7.745974540710449 -1.7963066101074219
v -1.6132580041885376 7.7767014503479 -1.7872166633605957
v -3.3552300930023193 7.424195289611816 -2.081866502761841
v -3.408984899520874 7.488678455352783 -1.8724195957183838
v -3.820733070373535 6.862133502960205 -2.248135566711426
v -3.9276480674743652 6.885611534118652 -2.0508205890655518
v -4.068408966064453 6.140604496002197 -2.4615797996520996
v -4.194982051849365 6.12681770324707 -2.2752878665924072
v -4.188626766204834 5.319845199584961 -2.7043776512145996
v -4.32003116607666 5.285314083099365 -2.524221658706665
v -4.2148661613464355 4.233358860015869 -3.025782823562622
v -4.3474650382995605 4.184361934661865 -2.8499066829681396
v 0 8.55659294128418 0.38424426317214966
v 1.0961459875106812 8.55659294128418 0.38424426317214966
v 1.0961459875106812 10.206099510192871 0.9037503004074097
v 0 10.206099510192871 0.9037503004074097
v -1.0961459875106812 8.55659294128418 0.38424426317214966
v -1.0961459875106812 10.206099510192871 0.9037503004074097
v 0 3.5326547622680664 0.40254607796669006
v 1.0961459875106812 3.5326547622680664 0.40254607796669006
v 1.0961459875106812 6.1829376220703125 0.37603917717933655
v 0 6.1829376220703125 0.37603917717933655
v -1.0961459875106812 3.5326547622680664 0.40254607796669006
v -1.0961459875106812 6.1829376220703125 0.37603917717933655
v 0 6.182939529418945 -1.1359597444534302
v 1.0961459875106812 6.182939529418945 -1.1359597444534302
v 1.0961459875106812 3.532655715942383 -1.2828187942504883
v 0 3.532655715942383 -1.2828187942504883
v -1.0961459875106812 6.182939529418945 -1.1359597444534302
v -1.0961459875106812 3.532655715942383 -1.2828187942504883
v 0 10.594300270080566 0.3417733311653137
v 1.0961459875106812 10.594300270080566 0.3417733311653137
v 1.0284899473190308 10.747859001159668 -0.3549676239490509
v 0 10.747859001159668 -0.3549676239490509
v -1.0961459875106812 10.594300270080566 0.3417733311653137
v -1.0284899473190308 10.747859001159668 -0.3549666106700897
v 1.0961459875106812 9.59142780303955 -0.8319116234779358
v 0 9.59142780303955 -0.8319116234779358
v 0 10.129420280456543 -1.0080286264419556
v 1.0284899473190308 10.129420280456543 -1.0080286264419556
v -1.0961459875106812 9.59142780303955 -0.8319116234779358
v -1.0284899473190308 10.129420280456543 -1.0080286264419556
v 0 3.532655715942383 -1.2828187942504883
v 1.0961459875106812 3.532655715942383 -1.2828187942504883
v 1.0961459875106812 0.8823720216751099 -0.7229719161987305
v 0 0.8823720216751099 -0.7229719161987305
v -1.0961459875106812 3.532655715942383 -1.2828187942504883
v -1.0961459875106812 0.8823720216751099 -0.7229719161987305
v 0 0.8823719620704651 0.7271810173988342
v 1.0961459875106812 0.8823719620704651 0.7271810173988342
v 1.0961459875106812 3.5326547622680664 0.40254607796669006
v 0 3.5326547622680664 0.40254607796669006
v -1.0961459875106812 0.8823719620704651 0.7271810173988342
v -1.0961459875106812 3.5326547622680664 0.40254607796669006
v 0 7.8653883934021 0.38424423336982727
v 1.0961459875106812 7.8653883934021 0.38424423336982727
v 1.0961459875106812 8.55659294128418 0.38424426317214966
v 0 8.55659294128418 0.38424426317214966
v -1.0961459875106812 7.8653883934021 0.38424423336982727
v -1.0961459875106812 8.55659294128418 0.38424426317214966
v 0 8.36620044708252 -1.126875638961792
v 0 9.59142780303955 -0.8319116234779358
v 1.0961459875106812 9.59142780303955 -0.8319116234779358
v 1.0961459875106812 8.36620044708252 -1.126875638961792
v -1.0961459875106812 9.59142780303955 -0.8319116234779358
v -1.0961459875106812 8.36620044708252 -1.126875638961792
v 0 10.206099510192871 0.9037503004074097
v 1.0961459875106812 10.206099510192871 0.9037503004074097
v 1.0961459875106812 10.594300270080566 0.3417733311653137
v 0 10.594300270080566 0.3417733311653137
v -1.0961459875106812 10.206099510192871 0.9037503004074097
v -1.0961459875106812 10.594300270080566 0.3417733311653137
v 1.8233590126037598 5.358468532562256 1.8186451196670532
v 1.8233590126037598 5.241298675537109 1.6315160989761353
v 1.8233590126037598 6.027860641479492 1.1435531377792358
v 1.8233590126037598 6.2768707275390625 1.2594871520996094
v 1.8233590126037598 6.345338344573975 0.42919719219207764
v 1.8233590126037598 6.644128322601318 0.49566420912742615
v 1.8233590126037598 2.1860787868499756 0.4956640601158142
v 1.8233590126037598 2.4848687648773193 0.4291970729827881
v 1.8233590126037598 2.8023457527160645 1.1435530185699463
v 1.8233590126037598 2.5533368587493896 1.2594870328903198
v 1.8233590126037598 3.623657703399658 1.6315159797668457
v 1.8233590126037598 3.490339756011963 1.8186450004577637
v 1.8233590126037598 4.462473392486572 1.8144570589065552
v 1.8233590126037598 4.441390514373779 2.023310899734497
v 0 7.542579650878906 0.38424423336982727
v 1.0961459875106812 7.542579650878906 0.38424423336982727
v -1.0961459875106812 7.542579650878906 0.38424423336982727
v 0 6.909697532653809 0.3842442035675049
v 1.0961459875106812 6.909697532653809 0.3842442035675049
v -1.0961459875106812 6.909697532653809 0.3842442035675049
v 0 6.1829376220703125 0.37603917717933655
v 1.0961459875106812 6.1829376220703125 0.37603917717933655
v 1.0961459875106812 6.909697532653809 0.3842442035675049
v 0 6.909697532653809 0.3842442035675049
v -1.0961459875106812 6.1829376220703125 0.37603917717933655
v -1.0961459875106812 6.909697532653809 0.3842442035675049
v 0 0.8823720216751099 -0.7229719161987305
v 1.0961459875106812 0.8823720216751099 -0.7229719161987305
v 1.0961459875106812 0.8823719620704651 0.7271810173988342
v 0 0.8823719620704651 0.7271810173988342
v -1.0961459875106812 0.8823720216751099 -0.7229719161987305
v -1.0961459875106812 0.8823719620704651 0.7271810173988342
v 0 6.909701347351074 -1.126875638961792
v 1.0961459875106812 6.909701347351074 -1.126875638961792
v 1.0961459875106812 6.182939529418945 -1.1359597444534302
v 0 6.182939529418945 -1.1359597444534302
v -1.0961459875106812 6.909701347351074 -1.126875638961792
v -1.0961459875106812 6.182939529418945 -1.1359597444534302
v 0 7.542583465576172 -1.126875638961792
v 1.0961459875106812 7.542583465576172 -1.126875638961792
v 1.0961459875106812 6.909701347351074 -1.126875638961792
v 0 6.909701347351074 -1.126875638961792
v -1.0961459875106812 7.542583465576172 -1.126875638961792
v -1.0961459875106812 6.909701347351074 -1.126875638961792
v 0 8.36620044708252 -1.126875638961792
v 1.0961459875106812 8.36620044708252 -1.126875638961792
v -1.0961459875106812 8.36620044708252 -1.126875638961792
v 1.0284899473190308 10.129420280456543 -1.0080286264419556
v 0 10.129420280456543 -1.0080286264419556
v 0 10.747859001159668 -0.3549676239490509
v 1.0284899473190308 10.747859001159668 -0.3549676239490509
v -1.0284899473190308 10.129420280456543 -1.0080286264419556
v -1.0284899473190308 10.747859001159668 -0.3549666106700897
v 1.6132580041885376 7.701303482055664 -1.9998916387557983
v 1.6132580041885376 7.7767014503479 -1.7872166633605957
v 2.7398478984832764 7.745974540710449 -1.7963066101074219
v 2.7360610961914062 7.670628547668457 -2.0089664459228516
v 3.408984899520874 7.488678455352783 -1.8724206686019897
v 3.3552300930023193 7.424195289611816 -2.081866502761841
v 3.9276480674743652 6.885611534118652 -2.0508205890655518
v 3.820733070373535 6.862133502960205 -2.248136520385742
v 4.194982051849365 6.12681770324707 -2.2752878665924072
v 4.068408966064453 6.140604496002197 -2.4615797996520996
v 4.32003116607666 5.285314083099365 -2.524221658706665
v 4.188626766204834 5.319845199584961 -2.7043776512145996
v 4.3474650382995605 4.184361934661865 -2.8499066829681396
v 4.2148661613464355 4.233358860015869 -3.025782823562622
v 2.80255389213562 5.91217565536499 -2.440194845199585
v 2.649930953979492 5.926242351531982 -2.4877476692199707
v 2.6499319076538086 6.00518274307251 -2.583484411239624
v 2.8696770668029785 5.984928607940674 -2.5150177478790283
v 2.649930953979492 5.926242351531982 -2.4877476692199707
v 2.4973080158233643 5.91217565536499 -2.440194845199585
v 2.4301838874816895 5.984928607940674 -2.5150177478790283
v 2.6499319076538086 6.00518274307251 -2.583484411239624
v 2.402981996536255 5.875346660614014 -2.3156988620758057
v 2.2943739891052246 5.9319024085998535 -2.3357677459716797
v 2.402981996536255 5.8298234939575195 -2.1618127822875977
v 2.2943739891052246 5.866359710693359 -2.1142046451568604
v 2.4973080158233643 5.792994499206543 -2.0373167991638184
v 2.4301838874816895 5.813333511352539 -1.9349555969238281
v 2.649930953979492 5.778927326202393 -1.9897626638412476
v 2.6499319076538086 5.793079376220703 -1.8664876222610474
v 2.80255389213562 5.792994499206543 -2.0373167991638184
v 2.8696770668029785 5.813333511352539 -1.9349546432495117
v 2.8968820571899414 5.8298234939575195 -2.1618127822875977
v 3.0054891109466553 5.866359710693359 -2.114203691482544
v 2.8968820571899414 5.875346660614014 -2.3156988620758057
v 3.0054891109466553 5.9319024085998535 -2.335768699645996
v 1.6132580041885376 7.533727645874023 -1.4334126710891724
v 1.6132580041885376 7.308161735534668 -1.427424669265747
v 2.729933023452759 7.277570724487305 -1.4364736080169678
v 2.7360610961914062 7.503052711486816 -1.4424866437911987
v 3.2682509422302246 7.048712730407715 -1.5041745901107788
v 3.3552300930023193 7.256618499755859 -1.515386700630188
v 3.647739887237549 6.553000450134277 -1.6508166790008545
v 3.820733070373535 6.694556713104248 -1.6816565990447998
v 3.863607883453369 5.891768455505371 -1.8464226722717285
v 4.068408966064453 5.97302770614624 -1.8950996398925781
v 3.976008892059326 5.104572772979736 -2.079291820526123
v 4.188626766204834 5.152268886566162 -2.1378977298736572
v 4.000316143035889 4.0414910316467285 -2.3937737941741943
v 4.2148661613464355 4.065782070159912 -2.4593026638031006
v 1.6132580041885376 7.308161735534668 -1.427424669265747
v 1.6132580041885376 7.122155666351318 -1.5551636219024658
v 2.723803997039795 7.091649532318115 -1.5641885995864868
v 2.729933023452759 7.277570724487305 -1.4364736080169678
v 3.1812729835510254 6.880365371704102 -1.6266906261444092
v 3.2682509422302246 7.048712730407715 -1.5041745901107788
v 3.4747469425201416 6.451003551483154 -1.7537046670913696
v 3.647739887237549 6.553000450134277 -1.6508166790008545
v 3.6588079929351807 5.85006856918335 -1.9314736127853394
v 3.863607883453369 5.891768455505371 -1.8464226722717285
v 3.7633910179138184 5.096436977386475 -2.1544137001037598
v 3.976008892059326 5.104572772979736 -2.079291820526123
v 3.7857658863067627 4.056759834289551 -2.461972713470459
v 4.000316143035889 4.0414910316467285 -2.3937737941741943
v 1.6132580041885376 7.122155666351318 -1.5551636219024658
v 1.6132580041885376 7.046756744384766 -1.7678385972976685
v 2.7200169563293457 7.01630163192749 -1.7768486738204956
v 2.723803997039795 7.091649532318115 -1.5641885995864868
v 3.127518892288208 6.815882682800293 -1.8361366987228394
v 3.1812729835510254 6.880365371704102 -1.6266906261444092
v 3.367830991744995 6.427526473999023 -1.9510196447372437
v 3.4747469425201416 6.451003551483154 -1.7537046670913696
v 3.5322349071502686 5.863855361938477 -2.1177656650543213
v 3.6588079929351807 5.85006856918335 -1.9314736127853394
v 3.631985902786255 5.13096809387207 -2.3345696926116943
v 3.7633910179138184 5.096436977386475 -2.1544137001037598
v 3.6531689167022705 4.105754852294922 -2.6378488540649414
v 3.7857658863067627 4.056759834289551 -2.461972713470459
v 3.127518892288208 6.815882682800293 -1.8361366987228394
v 3.127518892288208 6.879890441894531 -2.0525124073028564
v 3.367830991744995 6.491535663604736 -2.1673967838287354
v 3.367830991744995 6.427526473999023 -1.9510196447372437
v 3.5322349071502686 5.9278645515441895 -2.334141731262207
v 3.5322349071502686 5.863855361938477 -2.1177656650543213
v 3.631985902786255 5.194976806640625 -2.55094575881958
v 3.631985902786255 5.13096809387207 -2.3345696926116943
v 3.6531689167022705 4.169764041900635 -2.854224681854248
v 3.6531689167022705 4.105754852294922 -2.6378488540649414
v 1.6132580041885376 7.046756744384766 -1.7678385972976685
v 1.6132580041885376 7.11076545715332 -1.9842146635055542
v 2.7200169563293457 7.0803093910217285 -1.9932246208190918
v 2.7200169563293457 7.01630163192749 -1.7768486738204956
v 3.127518892288208 6.879890441894531 -2.0525124073028564
v 3.127518892288208 6.815882682800293 -1.8361366987228394
v 1.6132580041885376 7.11076545715332 -1.9842146635055542
v 1.6132580041885376 7.289732456207275 -2.121643543243408
v 2.723803997039795 7.259225368499756 -2.1306674480438232
v 2.7200169563293457 7.0803093910217285 -1.9932246208190918
v 3.1812729835510254 7.047942638397217 -2.193169593811035
v 3.127518892288208 6.879890441894531 -2.0525124073028564
v 3.4747469425201416 6.618580341339111 -2.3201844692230225
v 3.367830991744995 6.491535663604736 -2.1673967838287354
v 3.6588079929351807 6.017645359039307 -2.4979536533355713
v 3.5322349071502686 5.9278645515441895 -2.334141731262207
v 3.7633910179138184 5.264013767242432 -2.7208938598632812
v 3.631985902786255 5.194976806640625 -2.55094575881958
v 3.7857658863067627 4.22433614730835 -3.028451681137085
v 3.6531689167022705 4.169764041900635 -2.854224681854248
v 1.6132580041885376 7.289732456207275 -2.121643543243408
v 1.6132580041885376 7.5152974128723145 -2.127631425857544
v 2.729933023452759 7.484706401824951 -2.13668155670166
v 2.723803997039795 7.259225368499756 -2.1306674480438232
v 3.2682509422302246 7.255848407745361 -2.2043814659118652
v 3.1812729835510254 7.047942638397217 -2.193169593811035
v 3.647739887237549 6.760137557983398 -2.3510234355926514
v 3.4747469425201416 6.618580341339111 -2.3201844692230225
v 3.8636090755462646 6.098904609680176 -2.546630620956421
v 3.6588079929351807 6.017645359039307 -2.4979536533355713
v 3.976008892059326 5.311708927154541 -2.7794997692108154
v 3.7633910179138184 5.264013767242432 -2.7208938598632812
v 4.000316143035889 4.248627185821533 -3.0939817428588867
v 3.7857658863067627 4.22433614730835 -3.028451681137085
v 1.6132580041885376 7.5152974128723145 -2.127631425857544
v 1.6132580041885376 7.701303482055664 -1.9998916387557983
v 2.7360610961914062 7.670628547668457 -2.0089664459228516
v 2.729933023452759 7.484706401824951 -2.13668155670166
v 3.3552300930023193 7.424195289611816 -2.081866502761841
v 3.2682509422302246 7.255848407745361 -2.2043814659118652
v 3.820733070373535 6.862133502960205 -2.248136520385742
v 3.647739887237549 6.760137557983398 -2.3510234355926514
v 4.068408966064453 6.140604496002197 -2.4615797996520996
v 3.8636090755462646 6.098904609680176 -2.546630620956421
v 4.188626766204834 5.319845199584961 -2.7043776512145996
v 3.976008892059326 5.311708927154541 -2.7794997692108154
v 4.2148661613464355 4.233358860015869 -3.025782823562622
v 4.000316143035889 4.248627185821533 -3.0939817428588867
v 4.355027198791504 3.445775032043457 -3.3393516540527344
v 4.413991928100586 3.4011991024017334 -3.233639717102051
v 4.184648036956787 2.800678014755249 -3.3617286682128906
v 4.1173481941223145 2.8200700283050537 -3.473479747772217
v 3.8717989921569824 2.290203094482422 -3.4520716667175293
v 3.8051300048828125 2.3089280128479004 -3.5679516792297363
v 3.469336986541748 1.833693027496338 -3.5037267208099365
v 3.4031310081481934 1.8518569469451904 -3.6221916675567627
v 2.9799880981445312 1.418936014175415 -3.4813077449798584
v 2.910839080810547 1.4381179809570312 -3.5910568237304688
v 2.4326579570770264 1.0729060173034668 -3.3444337844848633
v 2.3604979515075684 1.093116044998169 -3.446389675140381
v 1.970715045928955 0.9280440807342529 -3.0365958213806152
v 1.8896700143814087 0.9480440616607666 -3.125452756881714
v 1.6634459495544434 0.9772460460662842 -2.637699842453003
v 1.5700490474700928 0.9983070492744446 -2.7097277641296387
v 1.4794340133666992 1.09505295753479 -2.2691407203674316
v 1.3775629997253418 1.1193879842758179 -2.327321767807007
v 1.394394040107727 1.3145760297775269 -1.8536028861999512
v 1.285841941833496 1.3472390174865723 -1.8923848867416382
v 4.504868984222412 4.094858169555664 -2.9995477199554443
v 4.549866199493408 3.9673187732696533 -2.95943284034729
v 1.6132580041885376 7.7767014503479 -1.7872166633605957
v 1.6132580041885376 7.712693691253662 -1.57084059715271
v 2.7398478984832764 7.681966304779053 -1.5799306631088257
v 2.7398478984832764 7.745974540710449 -1.7963066101074219
v 3.408984899520874 7.424670696258545 -1.656044602394104
v 3.408984899520874 7.488678455352783 -1.8724206686019897
v 3.9276480674743652 6.8216023445129395 -1.8344446420669556
v 3.9276480674743652 6.885611534118652 -2.0508205890655518
v 4.194982051849365 6.062809467315674 -2.0589118003845215
v 4.194982051849365 6.12681770324707 -2.2752878665924072
v 4.32003116607666 5.221305847167969 -2.3078458309173584
v 4.32003116607666 5.285314083099365 -2.524221658706665
v 4.3474650382995605 4.120354175567627 -2.633530855178833
v 4.3474650382995605 4.184361934661865 -2.8499066829681396
v 1.6132580041885376 7.712693691253662 -1.57084059715271
v 1.6132580041885376 7.533727645874023 -1.4334126710891724
v 2.7360610961914062 7.503052711486816 -1.4424866437911987
v 2.7398478984832764 7.681966304779053 -1.5799306631088257
v 3.3552300930023193 7.256618499755859 -1.515386700630188
v 3.408984899520874 7.424670696258545 -1.656044602394104
v 3.820733070373535 6.694556713104248 -1.6816565990447998
v 3.9276480674743652 6.8216023445129395 -1.8344446420669556
v 4.068408966064453 5.97302770614624 -1.8950996398925781
v 4.194982051849365 6.062809467315674 -2.0589118003845215
v 4.188626766204834 5.152268886566162 -2.1378977298736572
v 4.32003116607666 5.221305847167969 -2.3078458309173584
v 4.2148661613464355 4.065782070159912 -2.4593026638031006
v 4.3474650382995605 4.120354175567627 -2.633530855178833
v 2.5081980228424072 2.9510817527770996 0.008684100583195686
v 2.5081980228424072 2.9510817527770996 0.36848509311676025
v 2.5081980228424072 3.323004722595215 0.36848509311676025
v 2.5081980228424072 3.644542694091797 0.008684123866260052
v 2.5081980228424072 2.9510819911956787 -3.090186834335327
v 2.5081980228424072 3.644542932510376 -2.906012773513794
v 2.5081980228424072 2.9510817527770996 2.5183680057525635
v 2.5081980228424072 3.323004722595215 2.5183680057525635
v 2.791666030883789 2.9510817527770996 0.008684100583195686
v 2.791666030883789 2.9510817527770996 0.36848509311676025
v 2.5081980228424072 2.9510817527770996 0.36848509311676025
v 2.5081980228424072 2.9510817527770996 0.008684100583195686
v 2.791666030883789 2.9510819911956787 -3.090186834335327
v 2.5081980228424072 2.9510819911956787 -3.090186834335327
v 2.791666030883789 3.644542694091797 0.008684123866260052
v 2.791666030883789 3.323004722595215 0.36848509311676025
v 2.791666030883789 2.9510817527770996 0.36848509311676025
v 2.791666030883789 2.9510817527770996 0.008684100583195686
v 2.791666030883789 3.644542932510376 -2.906012773513794
v 2.791666030883789 2.9510819911956787 -3.090186834335327
v 2.791666030883789 3.323004722595215 2.5183680057525635
v 2.791666030883789 2.9510817527770996 2.5183680057525635
v 2.791666030883789 3.323004722595215 0.36848509311676025
v 2.791666030883789 3.644542694091797 0.008684123866260052
v 2.5081980228424072 3.644542694091797 0.008684123866260052
v 2.5081980228424072 3.323004722595215 0.36848509311676025
v 2.5081980228424072 3.644542932510376 -2.906012773513794
v 2.791666030883789 3.644542932510376 -2.906012773513794
v 2.5081980228424072 3.323004722595215 2.5183680057525635
v 2.791666030883789 3.323004722595215 2.5183680057525635
v 2.6499319076538086 3.353789806365967 2.9683680534362793
v 2.7626988887786865 3.353789806365967 3.0050079822540283
v 2.81229305267334 3.3179256916046143 2.9367458820343018
v 2.6499319076538086 3.3179256916046143 2.8839919567108154
v 2.5371639728546143 3.353789806365967 3.0050079822540283
v 2.4875690937042236 3.3179256916046143 2.9367470741271973
v 2.4674699306488037 3.353789806365967 3.1009340286254883
v 2.5371639728546143 3.353789806365967 3.0050079822540283
v 2.4875690937042236 3.3179256916046143 2.9367470741271973
v 2.387223958969116 3.3179256916046143 3.074860095977783
v 2.4674699306488037 3.353789806365967 3.2195041179656982
v 2.387223958969116 3.3179256916046143 3.2455780506134033
v 2.5371639728546143 3.353789806365967 3.315429925918579
v 2.4875690937042236 3.3179256916046143 3.3836910724639893
v 2.6499319076538086 3.353789806365967 3.3520710468292236
v 2.6499319076538086 3.3179256916046143 3.436445951461792
v 2.7626988887786865 3.353789806365967 3.315429925918579
v 2.81229305267334 3.3179256916046143 3.3836920261383057
v 2.8323938846588135 3.353789806365967 3.2195050716400146
v 2.9126389026641846 3.3179256916046143 3.2455780506134033
v 2.8323938846588135 3.353789806365967 3.1009340286254883
v 2.9126389026641846 3.3179256916046143 3.074860095977783
v 1.1617419719696045 6.2768707275390625 1.2594871520996094
v 1.1617419719696045 6.027860641479492 1.1435531377792358
v 1.1617419719696045 5.241298675537109 1.6315160989761353
v 1.1617419719696045 5.3584675788879395 1.8186451196670532
v 1.1617419719696045 6.644128322601318 0.49566420912742615
v 1.1617419719696045 6.345337390899658 0.42919719219207764
v 1.1617419719696045 2.5533368587493896 1.2594870328903198
v 1.1617419719696045 2.8023457527160645 1.1435530185699463
v 1.1617419719696045 2.4848687648773193 0.4291970729827881
v 1.1617419719696045 2.1860787868499756 0.4956640601158142
v 1.1617419719696045 3.490339756011963 1.8186450004577637
v 1.1617419719696045 3.623657703399658 1.6315159797668457
v 1.1617419719696045 4.441390514373779 2.023310899734497
v 1.1617419719696045 4.462472438812256 1.8144570589065552
vn 0 0.28366905450820923 -0.958922266960144
vn 0 0.28366905450820923 -0.958922266960144
vn -0.0000010000002248489182 0.28366905450820923 -0.958922266960144
vn -0.0000010000002248489182 0.28366905450820923 -0.958922266960144
vn 0 0.28366905450820923 -0.958922266960144
vn 0 0.28366905450820923 -0.958922266960144
vn 0 0.28366905450820923 -0.958922266960144
vn 0.0000010000002248489182 0.28366905450820923 -0.958922266960144
vn 0 0.2836679220199585 -0.9589226245880127
vn 9.999999974752427e-7 0.28367000818252563 -0.9589220285415649
vn 0 0.28367090225219727 -0.9589216709136963
vn 0 0.2836679220199585 -0.9589226245880127
vn 0.0000010000002248489182 0.28366905450820923 -0.958922266960144
vn 0 0.28366905450820923 -0.958922266960144
vn 0 0.28366905450820923 -0.958922266960144
vn 0 0.28366905450820923 -0.958922266960144
vn 0 0.28366905450820923 -0.958922266960144
vn 0 0.28366905450820923 -0.958922266960144
vn 0 0.2836679220199585 -0.9589226245880127
vn 0 0.28366878628730774 -0.958922266960144
vn -9.999999974752427e-7 0.28367000818252563 -0.9589220285415649
vn 0 0.28367090225219727 -0.9589216709136963
vn -0.0015019996790215373 0.9943317770957947 0.10631097853183746
vn 0 0.9939642548561096 0.10970503091812134
vn -0.0016370005905628204 0.9943593740463257 0.10605103522539139
vn 0 0.9948952198028564 -0.10091402381658554
vn 0 0.9944294691085815 -0.10540404915809631
vn 0 0.9948423504829407 -0.10143403708934784
vn 0 0.9944294691085815 0.10540404915809631
vn -0.0015019994461908937 0.9943716526031494 0.10593796521425247
vn -0.0016369996592402458 0.9943837523460388 0.10582197457551956
vn 0 0.9948952198028564 -0.10091402381658554
vn 0 0.9948423504829407 -0.10143403708934784
vn 0 0.9944294691085815 -0.10540404915809631
vn 0 0.9986576437950134 0.051797982305288315
vn 0 0.9986576437950134 0.051797982305288315
vn 0 0.9992582201957703 0.038512006402015686
vn 0 0.9992582201957703 0.038512006402015686
vn 0 0.9992582201957703 -0.038512006402015686
vn 0 0.9992582201957703 -0.038512006402015686
vn 0 0.9986576437950134 -0.051797982305288315
vn 0 0.9986576437950134 -0.051797982305288315
vn 0 0.9970754981040955 -0.07642403990030289
vn 0 0.9997593760490417 -0.02194000780582428
vn 0 0.9997593760490417 0.02194000780582428
vn 0 0.9970754981040955 0.07642403990030289
vn 0 0.9970754981040955 0.07642403990030289
vn 0 0.9997593760490417 0.02194000780582428
vn 0 0.9997593760490417 -0.02194000780582428
vn 0 0.9970754981040955 -0.07642403990030289
vn -1 0 0
vn -1 0 0
vn -1 0 0
vn -1 0 0
vn -1 0 0
vn -1 0 0
vn -1 0 0
vn -1 0 0
vn -1 0 0
vn -1 0 0
vn -1 0 0
vn -1 0 0
vn -1 0 0
vn -1 0 -9.999999974752427e-7
vn -1 0 -9.999999974752427e-7
vn -1 0 -9.999999974752427e-7
vn 1 0 0
vn 1 0 0
vn 1 0 0
vn 0.10186301171779633 -0.9488521218299866 -0.2988370358943939
vn 0.10186301171779633 -0.9488521218299866 -0.2988370358943939
vn 0.10186301171779633 -0.9488521218299866 -0.2988370358943939
vn -0.10186301171779633 -0.9488521218299866 -0.2988370358943939
vn -0.10186301171779633 -0.9488521218299866 -0.2988370358943939
vn -0.10186301171779633 -0.9488521218299866 -0.2988370358943939
vn 0.46352678537368774 -0.502926766872406 0.729525625705719
vn 0.46352678537368774 -0.502926766872406 0.729525625705719
vn 0.46352678537368774 -0.502926766872406 0.729525625705719
vn 0.5729408860206604 -0.173847958445549 0.800946831703186
vn 0.5729408860206604 -0.173847958445549 0.800946831703186
vn 0.5729408860206604 -0.173847958445549 0.800946831703186
vn 0.46351394057273865 0.15528498589992523 0.8723768591880798
vn 0.46351394057273865 0.15528498589992523 0.8723768591880798
vn 0.46351394057273865 0.15528498589992523 0.8723768591880798
vn 0.17705097794532776 0.35866495966911316 0.9165219068527222
vn 0.17705097794532776 0.35866495966911316 0.9165219068527222
vn 0.17705097794532776 0.35866495966911316 0.9165219068527222
vn -0.1770409345626831 0.35866788029670715 0.9165226817131042
vn -0.1770409345626831 0.35866788029670715 0.9165226817131042
vn -0.1770409345626831 0.35866788029670715 0.9165226817131042
vn -0.4635128080844879 0.15526694059371948 0.8723806738853455
vn -0.4635128080844879 0.15526694059371948 0.8723806738853455
vn -0.4635128080844879 0.15526694059371948 0.8723806738853455
vn -0.5729377269744873 -0.17383091151714325 0.8009526133537292
vn -0.5729377269744873 -0.17383091151714325 0.8009526133537292
vn -0.5729377269744873 -0.17383091151714325 0.8009526133537292
vn -0.4635111689567566 -0.5029431581497192 0.7295242547988892
vn -0.4635111689567566 -0.5029431581497192 0.7295242547988892
vn -0.4635111689567566 -0.5029431581497192 0.7295242547988892
vn -0.17703905701637268 -0.7063402533531189 0.6853762269020081
vn -0.17703905701637268 -0.7063402533531189 0.6853762269020081
vn -0.17703905701637268 -0.7063402533531189 0.6853762269020081
vn 0.17704099416732788 -0.7063429951667786 0.6853730082511902
vn 0.17704099416732788 -0.7063429951667786 0.6853730082511902
vn 0.17704099416732788 -0.7063429951667786 0.6853730082511902
vn 0 0.21209999918937683 -0.9772480130195618
vn 0 0.21209999918937683 -0.9772480130195618
vn 0 0.21209999918937683 -0.9772480130195618
vn 0 0.21209904551506042 -0.9772482514381409
vn 0 0.21209904551506042 -0.9772482514381409
vn 0 0.21209904551506042 -0.9772482514381409
vn 0 0.21209904551506042 -0.9772482514381409
vn 0 0.21209999918937683 -0.9772480130195618
vn 0 0.21209999918937683 -0.9772480130195618
vn 0 0.21209904551506042 -0.9772482514381409
vn 0 0.21209904551506042 -0.9772482514381409
vn 0 0.21209999918937683 -0.9772480130195618
vn 0 0.21209999918937683 -0.9772480130195618
vn 0 0.21209999918937683 -0.9772480130195618
vn 0 0.21209904551506042 -0.9772482514381409
vn 0 0.21209904551506042 -0.9772482514381409
vn 0 0.21209904551506042 -0.9772482514381409
vn 0 0.21209904551506042 -0.9772482514381409
vn 0 0.21209904551506042 -0.9772482514381409
vn 0 0.21209904551506042 -0.9772482514381409
vn 0 0.21209904551506042 -0.9772482514381409
vn 0 -9.999999974752427e-7 1
vn 0 -9.999999974752427e-7 1
vn 0 -9.999999974752427e-7 1
vn 0 0 1
vn 0 0 1
vn 0 0 1
vn 0 0 1
vn 0 -0.000003000000106112566 1
vn 0 -0.000003000000106112566 1
vn 0 -0.000003000000106112566 1
vn 0 -9.999999974752427e-7 1
vn 0 -9.999999974752427e-7 1
vn 0 9.999999974752427e-7 1
vn 0 9.999999974752427e-7 1
vn 0 9.999999974752427e-7 1
vn 0 0 1
vn 0 0 1
vn 0 0 1
vn 0 0 1
vn 0 9.999999974752427e-7 1
vn 0 9.999999974752427e-7 1
vn -0.46352583169937134 -0.5029287934303284 0.7295247912406921
vn -0.46352583169937134 -0.5029287934303284 0.7295247912406921
vn -0.46352583169937134 -0.5029287934303284 0.7295247912406921
vn -0.5729408860206604 -0.173847958445549 0.800946831703186
vn -0.5729408860206604 -0.173847958445549 0.800946831703186
vn -0.5729408860206604 -0.173847958445549 0.800946831703186
vn -0.46351495385169983 0.15528199076652527 0.8723768591880798
vn -0.46351495385169983 0.15528199076652527 0.8723768591880798
vn -0.46351495385169983 0.15528199076652527 0.8723768591880798
vn -0.17705108225345612 0.35866618156433105 0.916521430015564
vn -0.17705108225345612 0.35866618156433105 0.916521430015564
vn -0.17705108225345612 0.35866618156433105 0.916521430015564
vn 0.1770409345626831 0.358662873506546 0.9165247082710266
vn 0.1770409345626831 0.358662873506546 0.9165247082710266
vn 0.1770409345626831 0.358662873506546 0.9165247082710266
vn 0.46351519227027893 0.15526805818080902 0.8723793029785156
vn 0.46351519227027893 0.15526805818080902 0.8723793029785156
vn 0.46351519227027893 0.15526805818080902 0.8723793029785156
vn 0.5729387998580933 -0.17383193969726562 0.8009517192840576
vn 0.5729387998580933 -0.17383193969726562 0.8009517192840576
vn 0.5729387998580933 -0.17383193969726562 0.8009517192840576
vn 0.4635118842124939 -0.5029458999633789 0.7295218110084534
vn 0.4635118842124939 -0.5029458999633789 0.7295218110084534
vn 0.4635118842124939 -0.5029458999633789 0.7295218110084534
vn 0.17703908681869507 -0.7063393592834473 0.685377299785614
vn 0.17703908681869507 -0.7063393592834473 0.685377299785614
vn 0.17703908681869507 -0.7063393592834473 0.685377299785614
vn -0.17703905701637268 -0.7063422203063965 0.6853742599487305
vn -0.17703905701637268 -0.7063422203063965 0.6853742599487305
vn -0.17703905701637268 -0.7063422203063965 0.6853742599487305
vn -9.999999974752427e-7 0.21209999918937683 -0.9772480130195618
vn -9.999999974752427e-7 0.21209999918937683 -0.9772480130195618
vn -9.999999974752427e-7 0.21209999918937683 -0.9772480130195618
vn -0.0000010000002248489182 0.21209904551506042 -0.9772482514381409
vn -0.0000010000002248489182 0.21209904551506042 -0.9772482514381409
vn -0.0000010000002248489182 0.21209904551506042 -0.9772482514381409
vn 0 0.21209904551506042 -0.9772482514381409
vn 0 0.21209904551506042 -0.9772482514381409
vn 0 0.21209904551506042 -0.9772482514381409
vn 0 0.21209999918937683 -0.9772480130195618
vn 0 0.21209999918937683 -0.9772480130195618
vn 0 0.21209999918937683 -0.9772480130195618
vn 0 0.21209904551506042 -0.9772482514381409
vn 0 0.21209904551506042 -0.9772482514381409
vn 0 0.21209999918937683 -0.9772480130195618
vn 0 0.21209999918937683 -0.9772480130195618
vn 0 0.21209999918937683 -0.9772480130195618
vn 0 0.21209904551506042 -0.9772482514381409
vn 0 0.21209904551506042 -0.9772482514381409
vn 0 0.21209904551506042 -0.9772482514381409
vn 0 0.21209904551506042 -0.9772482514381409
vn 0 0.21209904551506042 -0.9772482514381409
vn 0 0.21209904551506042 -0.9772482514381409
vn 0 0.21209904551506042 -0.9772482514381409
vn 0 0 1
vn 0 0 1
vn 0 0 1
vn 0 0 1
vn 0 -9.999999974752427e-7 1
vn 0 -9.999999974752427e-7 1
vn 0 -9.999999974752427e-7 1
vn 0 0 1
vn 0 0 1
vn 0 0 1
vn 0 -0.000004999999873689376 1
vn 0 -0.000004999999873689376 1
vn 0 -0.000004999999873689376 1
vn 0 0 1
vn 0 0 1
vn 0 0.000003000000106112566 1
vn 0 0.000003000000106112566 1
vn 0 0.000003000000106112566 1
vn 0 0 1
vn 0 0 1
vn -1 0 0
vn -1 0 0
vn -1 0 0
vn -1 0 0
vn 1 0 0
vn 1 0 0
vn 1 0 0
vn 1 0 0
vn -0.8717342019081116 -0.0000010000002248489182 0.4899791181087494
vn -0.8717342019081116 -0.0000010000002248489182 0.4899791181087494
vn -0.8717342019081116 -0.0000010000002248489182 0.4899791181087494
vn -0.8717342019081116 -0.0000010000002248489182 0.4899791181087494
vn 0.8717342019081116 -0.0000010000002248489182 0.4899791181087494
vn 0.8717342019081116 -0.0000010000002248489182 0.4899791181087494
vn 0.8717342019081116 -0.0000010000002248489182 0.4899791181087494
vn 0.8717342019081116 -0.0000010000002248489182 0.4899791181087494
vn 0.8103076815605164 0.09972496330738068 -0.5774568319320679
vn 0.8103076815605164 0.09972496330738068 -0.5774568319320679
vn 0.8103076815605164 0.09972496330738068 -0.5774568319320679
vn 0.8103076815605164 0.09972496330738068 -0.5774568319320679
vn -0.8103076815605164 0.09972496330738068 -0.5774568319320679
vn -0.8103076815605164 0.09972496330738068 -0.5774568319320679
vn -0.8103076815605164 0.09972496330738068 -0.5774568319320679
vn -0.8103076815605164 0.09972496330738068 -0.5774568319320679
vn -0.27003800868988037 -0.5472429990768433 0.7922149896621704
vn -0.27003800868988037 -0.5472429990768433 0.7922149896621704
vn -0.27003800868988037 -0.5472429990768433 0.7922149896621704
vn -0.27003800868988037 -0.5472429990768433 0.7922149896621704
vn -0.5331411957740784 0 -0.8460263013839722
vn -0.5331411957740784 0 -0.8460263013839722
vn -0.5331411957740784 0 -0.8460263013839722
vn -0.5331411957740784 0 -0.8460263013839722
vn -0.12168704718351364 0.6274762153625488 0.7690683007240295
vn -0.12168704718351364 0.6274762153625488 0.7690683007240295
vn -0.12168704718351364 0.6274762153625488 0.7690683007240295
vn -0.12168704718351364 0.6274762153625488 0.7690683007240295
vn -0.511651873588562 0.8591928482055664 0
vn -0.511651873588562 0.8591928482055664 0
vn -0.511651873588562 0.8591928482055664 0
vn -0.511651873588562 0.8591928482055664 0
vn 0.4519321620464325 -0.8920522928237915 0
vn 0.4519321620464325 -0.8920522928237915 0
vn 0.4519321620464325 -0.8920522928237915 0
vn 0.4519321620464325 -0.8920522928237915 0
vn 0.3556830883026123 -0.9270812273025513 -0.11836402863264084
vn 0.3556830883026123 -0.9270812273025513 -0.11836402863264084
vn 0.3556830883026123 -0.9270812273025513 -0.11836402863264084
vn 0.3556830883026123 -0.9270812273025513 -0.11836402863264084
vn -0.40871506929397583 0.9028701186180115 0.1333330124616623
vn -0.40871506929397583 0.9028701186180115 0.1333330124616623
vn -0.40871506929397583 0.9028701186180115 0.1333330124616623
vn -0.40871506929397583 0.9028701186180115 0.1333330124616623
vn -0.4150639474391937 0.9039508700370789 -0.10293098539113998
vn -0.41506314277648926 0.9039512872695923 -0.10293103754520416
vn -0.4150639474391937 0.9039508700370789 -0.10293098539113998
vn -0.4150639474391937 0.9039508700370789 -0.10293098539113998
vn 0.3545811176300049 -0.9077113270759583 0.22434908151626587
vn 0.3545811176300049 -0.9077113270759583 0.22434908151626587
vn 0.3545811176300049 -0.9077113270759583 0.22434908151626587
vn 0.3545811176300049 -0.9077113270759583 0.22434908151626587
vn 0.4150639474391937 0.9039508700370789 -0.10293098539113998
vn 0.4150639474391937 0.9039508700370789 -0.10293098539113998
vn 0.4150639474391937 0.9039508700370789 -0.10293098539113998
vn 0.4150639474391937 0.9039508700370789 -0.10293098539113998
vn 0.511651873588562 0.8591928482055664 0
vn 0.511651873588562 0.8591928482055664 0
vn 0.511651873588562 0.8591928482055664 0
vn 0.511651873588562 0.8591928482055664 0
vn 0.40871506929397583 0.9028701186180115 0.1333330124616623
vn 0.40871506929397583 0.9028701186180115 0.1333330124616623
vn 0.40871506929397583 0.9028701186180115 0.1333330124616623
vn 0.40871506929397583 0.9028701186180115 0.1333330124616623
vn 0.5331411957740784 0 -0.8460263013839722
vn 0.5331411957740784 0 -0.8460263013839722
vn 0.5331411957740784 0 -0.8460263013839722
vn 0.5331411957740784 0 -0.8460263013839722
vn -0.3556830883026123 -0.9270812273025513 -0.11836402863264084
vn -0.3556830883026123 -0.9270812273025513 -0.11836402863264084
vn -0.3556830883026123 -0.9270812273025513 -0.11836402863264084
vn -0.3556830883026123 -0.9270812273025513 -0.11836402863264084
vn -0.4519321620464325 -0.8920522928237915 0
vn -0.4519321620464325 -0.8920522928237915 0
vn -0.4519321620464325 -0.8920522928237915 0
vn -0.4519321620464325 -0.8920522928237915 0
vn -0.35458192229270935 -0.9077107906341553 0.2243499457836151
vn -0.35458192229270935 -0.9077107906341553 0.2243499457836151
vn -0.35458192229270935 -0.9077107906341553 0.2243499457836151
vn -0.35458192229270935 -0.9077107906341553 0.2243499457836151
vn 0.27003800868988037 -0.5472429990768433 0.7922149896621704
vn 0.27003800868988037 -0.5472429990768433 0.7922149896621704
vn 0.27003800868988037 -0.5472429990768433 0.7922149896621704
vn 0.27003800868988037 -0.5472429990768433 0.7922149896621704
vn 0.12168892472982407 0.6274766325950623 0.7690675258636475
vn 0.12168892472982407 0.6274766325950623 0.7690675258636475
vn 0.12168892472982407 0.6274766325950623 0.7690675258636475
vn 0.12168892472982407 0.6274766325950623 0.7690675258636475
vn -0.23585113883018494 0.9642515778541565 0.12080307304859161
vn -0.23585088551044464 0.9642515182495117 0.12080293893814087
vn -0.23585088551044464 0.9642515182495117 0.12080293893814087
vn -0.23585088551044464 0.9642515182495117 0.12080293893814087
vn 0.23585088551044464 0.9642515182495117 0.12080293893814087
vn 0.23585113883018494 0.9642515778541565 0.12080307304859161
vn 0.23585088551044464 0.9642515182495117 0.12080293893814087
vn 0.23585088551044464 0.9642515182495117 0.12080293893814087
vn 1 0 0
vn 1 0 0
vn 1 0 0
vn 1 0 0
vn -0.3367850184440613 -0.9396390914916992 -0.06045200675725937
vn -0.3367850184440613 -0.9396390914916992 -0.06045200675725937
vn -0.3367850184440613 -0.9396390914916992 -0.06045200675725937
vn -0.3367850184440613 -0.9396390914916992 -0.06045200675725937
vn 0.3367850184440613 -0.9396390914916992 -0.06045200675725937
vn 0.3367850184440613 -0.9396390914916992 -0.06045200675725937
vn 0.3367850184440613 -0.9396390914916992 -0.06045200675725937
vn 0.3367850184440613 -0.9396390914916992 -0.06045200675725937
vn -1 0 0
vn -1 0 0
vn -1 0 0
vn -1 0 0
vn -1 0 0
vn -1 0 0
vn -1 0 0
vn -1 0 0
vn 0.1135769635438919 -0.9893316626548767 0.09123197197914124
vn 0.1135769635438919 -0.9893316626548767 0.09123197197914124
vn 0.1135769635438919 -0.9893316626548767 0.09123197197914124
vn 0.1135769635438919 -0.9893316626548767 0.09123197197914124
vn -0.1135769635438919 -0.9893316626548767 0.09123197197914124
vn -0.1135769635438919 -0.9893316626548767 0.09123197197914124
vn -0.1135769635438919 -0.9893316626548767 0.09123197197914124
vn -0.1135769635438919 -0.9893316626548767 0.09123197197914124
vn 1 0 0
vn 1 0 0
vn 1 0 0
vn 1 0 0
vn 0.2353009134531021 0.9625876545906067 -0.1343819499015808
vn 0.2353009134531021 0.9625876545906067 -0.1343819499015808
vn 0.2353009134531021 0.9625876545906067 -0.1343819499015808
vn 0.2353009134531021 0.9625876545906067 -0.1343819499015808
vn -0.2353009134531021 0.9625876545906067 -0.1343819499015808
vn -0.2353009134531021 0.9625876545906067 -0.1343819499015808
vn -0.2353009134531021 0.9625876545906067 -0.1343819499015808
vn -0.2353009134531021 0.9625876545906067 -0.1343819499015808
vn -0.029610004276037216 0.9280571341514587 -0.37125903367996216
vn -0.029610004276037216 0.9280571341514587 -0.37125903367996216
vn -0.029610004276037216 0.9280571341514587 -0.37125903367996216
vn -0.029610004276037216 0.9280571341514587 -0.37125903367996216
vn -0.9773732423782349 0.11951302736997604 0.17452304065227509
vn -0.9773732423782349 0.11951302736997604 0.17452304065227509
vn -0.9773732423782349 0.11951302736997604 0.17452304065227509
vn -0.9773733615875244 0.11951304227113724 0.1745220571756363
vn -0.2636561095714569 -0.2620561122894287 0.9283384084701538
vn -0.2636561095714569 -0.2620561122894287 0.9283384084701538
vn -0.2636561095714569 -0.2620561122894287 0.9283384084701538
vn -0.2636561095714569 -0.2620561122894287 0.9283384084701538
vn 0.02960999310016632 0.9280567765235901 -0.3712598979473114
vn 0.02960999310016632 0.9280567765235901 -0.3712598979473114
vn 0.02960999310016632 0.9280567765235901 -0.3712598979473114
vn 0.02960999310016632 0.9280567765235901 -0.3712598979473114
vn 0.26365694403648376 -0.2620539367198944 0.9283387660980225
vn 0.26365694403648376 -0.2620539367198944 0.9283387660980225
vn 0.26365694403648376 -0.2620539367198944 0.9283387660980225
vn 0.26365694403648376 -0.2620539367198944 0.9283387660980225
vn 0.9773731231689453 0.11951401829719543 0.1745230108499527
vn 0.9773731231689453 0.11951401829719543 0.1745230108499527
vn 0.9773731231689453 0.11951401829719543 0.1745230108499527
vn 0.9773731231689453 0.11951401829719543 0.1745230108499527
vn -1 0 0
vn -1 0 0
vn -1 0 0
vn -1 0 0
vn -0.3377189040184021 0.9397247433662415 0.05350998789072037
vn -0.3377189040184021 0.9397247433662415 0.05350998789072037
vn -0.3377189040184021 0.9397247433662415 0.05350998789072037
vn -0.3377189040184021 0.9397247433662415 0.05350998789072037
vn 0.3377189040184021 0.9397247433662415 0.05350998789072037
vn 0.3377189040184021 0.9397247433662415 0.05350998789072037
vn 0.3377189040184021 0.9397247433662415 0.05350998789072037
vn 0.3377189040184021 0.9397247433662415 0.05350998789072037
vn 1 0 0
vn 1 0 0
vn -0.22341303527355194 -0.9744890928268433 -0.021394001320004463
vn -0.22341303527355194 -0.9744890928268433 -0.021394001320004463
vn -0.22341303527355194 -0.9744890928268433 -0.021394001320004463
vn -0.22341303527355194 -0.9744890928268433 -0.021394001320004463
vn 0.22341303527355194 -0.9744890928268433 -0.021394001320004463
vn 0.22341303527355194 -0.9744890928268433 -0.021394001320004463
vn 0.22341303527355194 -0.9744890928268433 -0.021394001320004463
vn 0.22341303527355194 -0.9744890928268433 -0.021394001320004463
vn 0.292429119348526 -0.9480843544006348 0.12498604506254196
vn 0.292429119348526 -0.9480843544006348 0.12498604506254196
vn 0.292429119348526 -0.9480843544006348 0.12498604506254196
vn 0.292429119348526 -0.9480843544006348 0.12498604506254196
vn 0.19746990501880646 -0.7570666670799255 0.6227806806564331
vn 0.19746990501880646 -0.7570666670799255 0.6227806806564331
vn 0.19746990501880646 -0.7570666670799255 0.6227806806564331
vn 0.19746990501880646 -0.7570666670799255 0.6227806806564331
vn 0.5169839859008789 -0.5302069783210754 0.6720179915428162
vn 0.5169839859008789 -0.5302069783210754 0.6720179915428162
vn 0.5169839859008789 -0.5302069783210754 0.6720179915428162
vn 0.5169839859008789 -0.5302069783210754 0.6720179915428162
vn 0.7655900120735168 -0.6121339797973633 0.1978989988565445
vn 0.7655900120735168 -0.6121339797973633 0.1978989988565445
vn 0.7655900120735168 -0.6121339797973633 0.1978989988565445
vn 0.7655900120735168 -0.6121339797973633 0.1978989988565445
vn 0.6390258073806763 -0.16314396262168884 0.751684844493866
vn 0.6390258073806763 -0.16314396262168884 0.751684844493866
vn 0.6390258073806763 -0.16314396262168884 0.751684844493866
vn 0.6390258073806763 -0.16314396262168884 0.751684844493866
vn 0.9463215470314026 -0.06855597347021103 0.31587284803390503
vn 0.9463215470314026 -0.06855597347021103 0.31587284803390503
vn 0.9463215470314026 -0.06855597347021103 0.31587284803390503
vn 0.9463215470314026 -0.06855597347021103 0.31587284803390503
vn 0.5169828534126282 0.20392295718193054 0.8313508033752441
vn 0.5169828534126282 0.20392295718193054 0.8313508033752441
vn 0.5169828534126282 0.20392295718193054 0.8313508033752441
vn 0.5169828534126282 0.20392295718193054 0.8313508033752441
vn 0.765589714050293 0.4750218093395233 0.43385085463523865
vn 0.765589714050293 0.4750218093395233 0.43385085463523865
vn 0.765589714050293 0.4750218093395233 0.43385085463523865
vn 0.765589714050293 0.4750218093395233 0.43385085463523865
vn 0.19746999442577362 0.4307810068130493 0.8805869817733765
vn 0.19746999442577362 0.4307810068130493 0.8805869817733765
vn 0.19746999442577362 0.4307810068130493 0.8805869817733765
vn 0.19746999442577362 0.4307810068130493 0.8805869817733765
vn 0.2924289405345917 0.8109708428382874 0.5067659020423889
vn 0.2924289405345917 0.8109708428382874 0.5067659020423889
vn 0.2924289405345917 0.8109708428382874 0.5067659020423889
vn 0.2924289405345917 0.8109708428382874 0.5067659020423889
vn -0.19746999442577362 0.43077901005744934 0.8805879950523376
vn -0.19746999442577362 0.43077901005744934 0.8805879950523376
vn -0.19746999442577362 0.43077901005744934 0.8805879950523376
vn -0.19746999442577362 0.43077901005744934 0.8805879950523376
vn -0.2924290597438812 0.810971200466156 0.5067651271820068
vn -0.2924290597438812 0.810971200466156 0.5067651271820068
vn -0.2924290597438812 0.810971200466156 0.5067651271820068
vn -0.2924290597438812 0.810971200466156 0.5067651271820068
vn -0.5169829726219177 0.20392200350761414 0.8313509821891785
vn -0.5169829726219177 0.20392200350761414 0.8313509821891785
vn -0.5169828534126282 0.20392295718193054 0.8313508033752441
vn -0.5169829726219177 0.20392200350761414 0.8313509821891785
vn -0.7655898332595825 0.4750208854675293 0.4338518977165222
vn -0.7655898332595825 0.4750208854675293 0.4338518977165222
vn -0.7655898332595825 0.4750208854675293 0.4338518977165222
vn -0.7655898332595825 0.4750208854675293 0.4338518977165222
vn -0.6390267610549927 -0.16314494609832764 0.7516837120056152
vn -0.6390267610549927 -0.16314494609832764 0.7516837120056152
vn -0.6390267610549927 -0.16314494609832764 0.7516837120056152
vn -0.6390267610549927 -0.16314494609832764 0.7516837120056152
vn -0.9463211297988892 -0.068557009100914 0.31587404012680054
vn -0.9463211297988892 -0.068557009100914 0.31587404012680054
vn -0.9463211297988892 -0.068557009100914 0.31587404012680054
vn -0.9463211297988892 -0.068557009100914 0.31587404012680054
vn -0.5169838070869446 -0.5302088260650635 0.6720167398452759
vn -0.5169838070869446 -0.5302088260650635 0.6720167398452759
vn -0.5169838070869446 -0.5302088260650635 0.6720167398452759
vn -0.5169838070869446 -0.5302088260650635 0.6720167398452759
vn -0.7655892968177795 -0.6121352314949036 0.19789807498455048
vn -0.7655892968177795 -0.6121352314949036 0.19789807498455048
vn -0.7655892968177795 -0.6121352314949036 0.19789807498455048
vn -0.7655892968177795 -0.6121352314949036 0.19789807498455048
vn -0.19746990501880646 -0.7570666670799255 0.6227806806564331
vn -0.19746990501880646 -0.7570666670799255 0.6227806806564331
vn -0.19746990501880646 -0.7570666670799255 0.6227806806564331
vn -0.19746990501880646 -0.7570666670799255 0.6227806806564331
vn -0.2924291491508484 -0.9480844736099243 0.12498506158590317
vn -0.2924291491508484 -0.9480844736099243 0.12498506158590317
vn -0.2924291491508484 -0.9480844736099243 0.12498506158590317
vn -0.2924291491508484 -0.9480844736099243 0.12498506158590317
vn 0.4957651197910309 -0.18439003825187683 -0.848656177520752
vn 0.4957651197910309 -0.18439003825187683 -0.848656177520752
vn 0.4957651197910309 -0.18439003825187683 -0.848656177520752
vn 0.4957651197910309 -0.18439003825187683 -0.848656177520752
vn 0.6127992272377014 0.1676090657711029 -0.7722592949867249
vn 0.6127992272377014 0.1676090657711029 -0.7722592949867249
vn 0.6127992272377014 0.1676090657711029 -0.7722592949867249
vn 0.6127992272377014 0.1676090657711029 -0.7722592949867249
vn 0.4957652986049652 0.519609272480011 -0.6958613991737366
vn 0.4957652986049652 0.519609272480011 -0.6958613991737366
vn 0.4957652986049652 0.519609272480011 -0.6958613991737366
vn 0.4957652986049652 0.519609272480011 -0.6958613991737366
vn 0.18936599791049957 0.7371559739112854 -0.6486459970474243
vn 0.18936599791049957 0.7371559739112854 -0.6486459970474243
vn 0.18936504423618317 0.7371561527252197 -0.6486461758613586
vn 0.18936599791049957 0.7371559739112854 -0.6486459970474243
vn -0.18936596810817719 0.7371569275856018 -0.6486449241638184
vn -0.18936596810817719 0.7371569275856018 -0.6486449241638184
vn -0.18936596810817719 0.7371569275856018 -0.6486449241638184
vn -0.18936596810817719 0.7371569275856018 -0.6486449241638184
vn -0.4957660734653473 0.5196090340614319 -0.6958610415458679
vn -0.4957660734653473 0.5196090340614319 -0.6958610415458679
vn -0.4957660734653473 0.5196090340614319 -0.6958610415458679
vn -0.4957660734653473 0.5196090340614319 -0.6958610415458679
vn -0.6128009557723999 0.16760899126529694 -0.7722578644752502
vn -0.6128009557723999 0.16760899126529694 -0.7722578644752502
vn -0.6128009557723999 0.16760899126529694 -0.7722578644752502
vn -0.6128009557723999 0.16760899126529694 -0.7722578644752502
vn -0.49576613306999207 -0.184392049908638 -0.8486551642417908
vn -0.49576613306999207 -0.184392049908638 -0.8486551642417908
vn -0.49576613306999207 -0.184392049908638 -0.8486551642417908
vn -0.49576613306999207 -0.184392049908638 -0.8486551642417908
vn -0.18936607241630554 -0.40193915367126465 -0.8958712816238403
vn -0.18936607241630554 -0.40193915367126465 -0.8958712816238403
vn -0.18936607241630554 -0.40193915367126465 -0.8958712816238403
vn -0.18936607241630554 -0.40193915367126465 -0.8958712816238403
vn 0.18936599791049957 -0.4019399881362915 -0.8958709836006165
vn 0.18936599791049957 -0.4019399881362915 -0.8958709836006165
vn 0.18936599791049957 -0.4019399881362915 -0.8958709836006165
vn 0.18936599791049957 -0.4019399881362915 -0.8958709836006165
vn 0.7291321754455566 -0.4257940948009491 -0.5357851386070251
vn 0.7291321754455566 -0.4257940948009491 -0.5357851386070251
vn 0.7291321754455566 -0.4257940948009491 -0.5357851386070251
vn 0.7291321754455566 -0.4257940948009491 -0.5357851386070251
vn 0.9012572765350342 0.09190002828836441 -0.42342615127563477
vn 0.9012572765350342 0.09190002828836441 -0.42342615127563477
vn 0.9012572765350342 0.09190002828836441 -0.42342615127563477
vn 0.9012572765350342 0.09190002828836441 -0.42342615127563477
vn 0.7291320562362671 0.6095930337905884 -0.31106701493263245
vn 0.7291320562362671 0.6095930337905884 -0.31106701493263245
vn 0.7291320562362671 0.6095930337905884 -0.31106701493263245
vn 0.7291320562362671 0.6095930337905884 -0.31106701493263245
vn 0.27850407361984253 0.92954421043396 -0.2416260540485382
vn 0.27850407361984253 0.92954421043396 -0.2416260540485382
vn 0.27850407361984253 0.92954421043396 -0.2416260540485382
vn 0.27850407361984253 0.92954421043396 -0.2416260540485382
vn -0.27850407361984253 0.92954421043396 -0.2416260540485382
vn -0.27850407361984253 0.92954421043396 -0.2416260540485382
vn -0.27850407361984253 0.92954421043396 -0.2416260540485382
vn -0.27850407361984253 0.92954421043396 -0.2416260540485382
vn -0.729132354259491 0.6095923185348511 -0.3110681474208832
vn -0.729132354259491 0.6095923185348511 -0.3110681474208832
vn -0.729132354259491 0.6095923185348511 -0.3110681474208832
vn -0.729132354259491 0.6095923185348511 -0.3110681474208832
vn -0.9012573957443237 0.09189904481172562 -0.42342621088027954
vn -0.9012573957443237 0.09189904481172562 -0.42342621088027954
vn -0.9012573957443237 0.09189904481172562 -0.42342621088027954
vn -0.9012573957443237 0.09189904481172562 -0.42342621088027954
vn -0.7291321754455566 -0.4257940948009491 -0.5357851386070251
vn -0.7291321754455566 -0.4257940948009491 -0.5357851386070251
vn -0.7291321754455566 -0.4257940948009491 -0.5357851386070251
vn -0.7291321754455566 -0.4257940948009491 -0.5357851386070251
vn -0.27850401401519775 -0.7457460165023804 -0.6052259802818298
vn -0.27850401401519775 -0.7457460165023804 -0.6052259802818298
vn -0.27850401401519775 -0.7457460165023804 -0.6052259802818298
vn -0.27850401401519775 -0.7457460165023804 -0.6052259802818298
vn 0.2785038352012634 -0.7457455992698669 -0.6052266359329224
vn 0.2785038352012634 -0.7457455992698669 -0.6052266359329224
vn 0.2785038352012634 -0.7457455992698669 -0.6052266359329224
vn 0.2785038352012634 -0.7457455992698669 -0.6052266359329224
vn -0.7937089800834656 0.6046079993247986 -0.06689699739217758
vn -0.7937089800834656 0.6046079993247986 -0.06689699739217758
vn -0.7937089800834656 0.6046079993247986 -0.06689699739217758
vn -0.7937089800834656 0.6046079993247986 -0.06689699739217758
vn -0.9810782670974731 0.04106501117348671 -0.1892070472240448
vn -0.9810782670974731 0.04106501117348671 -0.1892070472240448
vn -0.9810782670974731 0.04106501117348671 -0.1892070472240448
vn -0.9810782670974731 0.04106501117348671 -0.1892070472240448
vn -0.7937089800834656 -0.5224779844284058 -0.31151700019836426
vn -0.7937089800834656 -0.5224779844284058 -0.31151700019836426
vn -0.7937089800834656 -0.5224779844284058 -0.31151700019836426
vn -0.7937089800834656 -0.5224779844284058 -0.31151700019836426
vn -0.30316901206970215 -0.8707669973373413 -0.38710901141166687
vn -0.30316901206970215 -0.8707669973373413 -0.38710901141166687
vn -0.30316901206970215 -0.8707669973373413 -0.38710901141166687
vn -0.30316901206970215 -0.8707669973373413 -0.38710901141166687
vn 0.30316901206970215 -0.8707669973373413 -0.38710901141166687
vn 0.30316901206970215 -0.8707669973373413 -0.38710901141166687
vn 0.30316901206970215 -0.8707669973373413 -0.38710901141166687
vn 0.30316901206970215 -0.8707669973373413 -0.38710901141166687
vn 0.7937096357345581 -0.5224777460098267 -0.31151583790779114
vn 0.7937096357345581 -0.5224777460098267 -0.31151583790779114
vn 0.7937092781066895 -0.5224781632423401 -0.3115161061286926
vn 0.7937096357345581 -0.5224777460098267 -0.31151583790779114
vn 0.9810782670974731 0.04106501117348671 -0.1892070472240448
vn 0.9810782670974731 0.04106501117348671 -0.1892070472240448
vn 0.9810782670974731 0.04106501117348671 -0.1892070472240448
vn 0.9810782670974731 0.04106501117348671 -0.1892070472240448
vn 0.7937085032463074 0.6046086549758911 -0.0668969601392746
vn 0.7937085032463074 0.6046086549758911 -0.0668969601392746
vn 0.7937081456184387 0.6046090722084045 -0.06689700484275818
vn 0.7937081456184387 0.6046090722084045 -0.06689700484275818
vn 0.30316996574401855 0.9528968930244446 0.0086939986795187
vn 0.30316996574401855 0.9528968930244446 0.0086939986795187
vn 0.30316996574401855 0.9528968930244446 0.0086939986795187
vn 0.30316996574401855 0.9528968930244446 0.0086939986795187
vn -0.30316996574401855 0.9528968930244446 0.008694998919963837
vn -0.30316996574401855 0.9528968930244446 0.008694998919963837
vn -0.30316996574401855 0.9528968930244446 0.008694998919963837
vn -0.30316996574401855 0.9528968930244446 0.008694998919963837
vn -0.4724690616130829 0.16328701376914978 0.8660891056060791
vn -0.4724690616130829 0.16328701376914978 0.8660891056060791
vn -0.4724690616130829 0.16328701376914978 0.8660891056060791
vn -0.4724690616130829 0.16328701376914978 0.8660891056060791
vn -0.5840050578117371 -0.17217200994491577 0.7932811379432678
vn -0.5840050578117371 -0.17217200994491577 0.7932811379432678
vn -0.5840050578117371 -0.17217200994491577 0.7932811379432678
vn -0.5840050578117371 -0.17217200994491577 0.7932811379432678
vn -0.47246792912483215 -0.5076289176940918 0.7204769253730774
vn -0.47246792912483215 -0.5076289176940918 0.7204769253730774
vn -0.47246792912483215 -0.5076289176940918 0.7204769253730774
vn -0.4724682569503784 -0.5076292753219604 0.7204763889312744
vn -0.18046703934669495 -0.7149561643600464 0.6754772067070007
vn -0.18046703934669495 -0.7149561643600464 0.6754772067070007
vn -0.18046703934669495 -0.7149561643600464 0.6754772067070007
vn -0.18046703934669495 -0.7149561643600464 0.6754772067070007
vn 0.1804669052362442 -0.7149556279182434 0.6754776835441589
vn 0.1804669052362442 -0.7149556279182434 0.6754776835441589
vn 0.1804669052362442 -0.7149556279182434 0.6754776835441589
vn 0.1804669052362442 -0.7149556279182434 0.6754776835441589
vn 0.4724700450897217 -0.5076310634613037 0.7204740643501282
vn 0.4724700450897217 -0.5076310634613037 0.7204740643501282
vn 0.4724700450897217 -0.5076310634613037 0.7204740643501282
vn 0.4724700450897217 -0.5076310634613037 0.7204740643501282
vn 0.5840047001838684 -0.17217090725898743 0.793281614780426
vn 0.5840047001838684 -0.17217090725898743 0.793281614780426
vn 0.5840047001838684 -0.17217090725898743 0.793281614780426
vn 0.5840047001838684 -0.17217090725898743 0.793281614780426
vn 0.47247087955474854 0.16328895092010498 0.866087794303894
vn 0.47247087955474854 0.16328895092010498 0.866087794303894
vn 0.47247087955474854 0.16328895092010498 0.866087794303894
vn 0.47247087955474854 0.16328895092010498 0.866087794303894
vn 0.18046699464321136 0.3706130087375641 0.9110860228538513
vn 0.18046699464321136 0.3706130087375641 0.9110860228538513
vn 0.18046699464321136 0.3706130087375641 0.9110860228538513
vn 0.18046699464321136 0.3706130087375641 0.9110860228538513
vn -0.18046705424785614 0.37061211466789246 0.9110863208770752
vn -0.18046705424785614 0.37061211466789246 0.9110863208770752
vn -0.18046705424785614 0.37061211466789246 0.9110863208770752
vn -0.18046705424785614 0.37061211466789246 0.9110863208770752
vn 0.2465721219778061 -0.3770761787891388 0.8927574157714844
vn 0.2465721219778061 -0.3770761787891388 0.8927574157714844
vn 0.2465721219778061 -0.3770761787891388 0.8927574157714844
vn 0.2465721219778061 -0.3770761787891388 0.8927574157714844
vn 0.3047788441181183 -0.202008917927742 0.9307535886764526
vn 0.3047788441181183 -0.202008917927742 0.9307535886764526
vn 0.3047788441181183 -0.202008917927742 0.9307535886764526
vn 0.3047788441181183 -0.202008917927742 0.9307535886764526
vn 0.24657109379768372 -0.02693801000714302 0.9687503576278687
vn 0.24657109379768372 -0.02693801000714302 0.9687503576278687
vn 0.24657109379768372 -0.02693801000714302 0.9687503576278687
vn 0.24657109379768372 -0.02693801000714302 0.9687503576278687
vn 0.09418204426765442 0.08125703781843185 0.9922334551811218
vn 0.09418204426765442 0.08125703781843185 0.9922334551811218
vn 0.09418204426765442 0.08125703781843185 0.9922334551811218
vn 0.09418204426765442 0.08125703781843185 0.9922334551811218
vn -0.09418103843927383 0.08125902712345123 0.9922333359718323
vn -0.09418103843927383 0.08125902712345123 0.9922333359718323
vn -0.09418103843927383 0.08125902712345123 0.9922333359718323
vn -0.09418103843927383 0.08125902712345123 0.9922333359718323
vn -0.24657294154167175 -0.026938993483781815 0.9687497615814209
vn -0.24657294154167175 -0.026938993483781815 0.9687497615814209
vn -0.24657294154167175 -0.026938993483781815 0.9687497615814209
vn -0.24657294154167175 -0.026938993483781815 0.9687497615814209
vn -0.30478015542030334 -0.20200808346271515 0.9307534098625183
vn -0.30478015542030334 -0.20200808346271515 0.9307534098625183
vn -0.30478015542030334 -0.20200808346271515 0.9307534098625183
vn -0.30478015542030334 -0.20200808346271515 0.9307534098625183
vn -0.24657194316387177 -0.3770779073238373 0.8927567601203918
vn -0.24657203257083893 -0.3770770728588104 0.8927571177482605
vn -0.24657194316387177 -0.3770779073238373 0.8927567601203918
vn -0.24657194316387177 -0.3770779073238373 0.8927567601203918
vn -0.09418000280857086 -0.4852760136127472 0.8692740201950073
vn -0.09418000280857086 -0.4852760136127472 0.8692740201950073
vn -0.09418000280857086 -0.4852760136127472 0.8692740201950073
vn -0.09418000280857086 -0.4852760136127472 0.8692740201950073
vn 0.09417995810508728 -0.4852767586708069 0.8692736029624939
vn 0.09417995810508728 -0.4852767586708069 0.8692736029624939
vn 0.09417995810508728 -0.4852767586708069 0.8692736029624939
vn 0.09417995810508728 -0.4852767586708069 0.8692736029624939
vn 0.7976158261299133 -0.601797878742218 0.040599990636110306
vn 0.7976158261299133 -0.601797878742218 0.040599990636110306
vn 0.7976158261299133 -0.601797878742218 0.040599990636110306
vn 0.7976158261299133 -0.601797878742218 0.040599990636110306
vn 0.9859031438827515 -0.035489004105329514 0.1635100096464157
vn 0.9859031438827515 -0.035489004105329514 0.1635100096464157
vn 0.9859031438827515 -0.035489004105329514 0.1635100096464157
vn 0.9859031438827515 -0.035489004105329514 0.1635100096464157
vn 0.7976117134094238 0.5308278203010559 0.28642192482948303
vn 0.7976117134094238 0.5308278203010559 0.28642192482948303
vn 0.7976117134094238 0.5308278203010559 0.28642192482948303
vn 0.7976117134094238 0.5308278203010559 0.28642192482948303
vn 0.3046629726886749 0.8808279037475586 0.36238497495651245
vn 0.3046629726886749 0.8808279037475586 0.36238497495651245
vn 0.3046629726886749 0.8808279037475586 0.36238497495651245
vn 0.3046629726886749 0.8808279037475586 0.36238497495651245
vn -0.3046630620956421 0.8808282613754272 0.3623840808868408
vn -0.3046630620956421 0.8808282613754272 0.3623840808868408
vn -0.3046630620956421 0.8808282613754272 0.3623840808868408
vn -0.3046630620956421 0.8808282613754272 0.3623840808868408
vn -0.797613799571991 0.5308258533477783 0.28641992807388306
vn -0.797613799571991 0.5308258533477783 0.28641992807388306
vn -0.797613799571991 0.5308258533477783 0.28641992807388306
vn -0.797613799571991 0.5308258533477783 0.28641992807388306
vn -0.9859033823013306 -0.035484012216329575 0.1635100543498993
vn -0.9859033823013306 -0.035484012216329575 0.1635100543498993
vn -0.9859033823013306 -0.035484012216329575 0.1635100543498993
vn -0.9859033823013306 -0.035484012216329575 0.1635100543498993
vn -0.7976111769676208 -0.6018041372299194 0.04059801250696182
vn -0.7976111769676208 -0.6018041372299194 0.04059801250696182
vn -0.7976111769676208 -0.6018041372299194 0.04059801250696182
vn -0.7976111769676208 -0.6018041372299194 0.04059801250696182
vn -0.30465802550315857 -0.9518051147460938 -0.03536500409245491
vn -0.30465802550315857 -0.9518051147460938 -0.03536500409245491
vn -0.30465802550315857 -0.9518051147460938 -0.03536500409245491
vn -0.30465802550315857 -0.9518051147460938 -0.03536500409245491
vn 0.30466315150260925 -0.9518035054206848 -0.03536401689052582
vn 0.30466315150260925 -0.9518035054206848 -0.03536401689052582
vn 0.30466315150260925 -0.9518035054206848 -0.03536401689052582
vn 0.30466315150260925 -0.9518035054206848 -0.03536401689052582
vn 0.9992830157279968 -0.008030000142753124 0.037000998854637146
vn 0.9992830157279968 -0.008030000142753124 0.037000998854637146
vn 0.9992830157279968 -0.008030000142753124 0.037000998854637146
vn 0.9992830157279968 -0.008030000142753124 0.037000998854637146
vn 0.8084372878074646 -0.582030177116394 -0.08757902681827545
vn 0.8084372878074646 -0.582030177116394 -0.08757902681827545
vn 0.8084372878074646 -0.582030177116394 -0.08757902681827545
vn 0.8084372878074646 -0.582030177116394 -0.08757902681827545
vn 0.30879488587379456 -0.9367826581001282 -0.16457194089889526
vn 0.30879488587379456 -0.9367826581001282 -0.16457194089889526
vn 0.30879488587379456 -0.9367826581001282 -0.16457194089889526
vn 0.30879488587379456 -0.9367826581001282 -0.16457194089889526
vn -0.30879610776901245 -0.9367823600769043 -0.16457206010818481
vn -0.30879610776901245 -0.9367823600769043 -0.16457206010818481
vn -0.30879610776901245 -0.9367823600769043 -0.16457206010818481
vn -0.30879610776901245 -0.9367823600769043 -0.16457206010818481
vn -0.8084364533424377 -0.5820313692092896 -0.08757904917001724
vn -0.8084364533424377 -0.5820313692092896 -0.08757904917001724
vn -0.8084364533424377 -0.5820313692092896 -0.08757904917001724
vn -0.8084364533424377 -0.5820313692092896 -0.08757904917001724
vn -0.9992830157279968 -0.008030000142753124 0.03700000047683716
vn -0.9992830157279968 -0.008030000142753124 0.03700000047683716
vn -0.9992830157279968 -0.008030000142753124 0.03700000047683716
vn -0.9992830157279968 -0.008030000142753124 0.03700000047683716
vn -0.8084368109703064 0.5659698843955994 0.1615799516439438
vn -0.8084368109703064 0.5659698843955994 0.1615799516439438
vn -0.8084368109703064 0.5659698843955994 0.1615799516439438
vn -0.8084368109703064 0.5659698843955994 0.1615799516439438
vn -0.30879494547843933 0.9207217693328857 0.23857294023036957
vn -0.30879494547843933 0.9207217693328857 0.23857294023036957
vn -0.30879494547843933 0.9207217693328857 0.23857294023036957
vn -0.30879494547843933 0.9207217693328857 0.23857294023036957
vn 0.3087960481643677 0.9207212328910828 0.2385740578174591
vn 0.3087960481643677 0.9207212328910828 0.2385740578174591
vn 0.3087960481643677 0.9207212328910828 0.2385740578174591
vn 0.3087960481643677 0.9207212328910828 0.2385740578174591
vn 0.8084360957145691 0.5659710764884949 0.16157901287078857
vn 0.8084360957145691 0.5659710764884949 0.16157901287078857
vn 0.8084360957145691 0.5659710764884949 0.16157901287078857
vn 0.8084360957145691 0.5659710764884949 0.16157901287078857
vn 0.8084891438484192 -0.5817000865936279 -0.0892770066857338
vn 0.8084891438484192 -0.5817000865936279 -0.0892770066857338
vn 0.8084891438484192 -0.5817000865936279 -0.0892770066857338
vn 0.808488667011261 -0.5817006826400757 -0.08927695453166962
vn 0.9993470907211304 -0.007664001081138849 0.035311002284288406
vn 0.9993470907211304 -0.007664001081138849 0.035311002284288406
vn 0.9993470907211304 -0.007664001081138849 0.035311002284288406
vn 0.9993470907211304 -0.007664001081138849 0.035311002284288406
vn 0.8084881901741028 0.5663741230964661 0.159898042678833
vn 0.8084881901741028 0.5663741230964661 0.159898042678833
vn 0.8084881901741028 0.5663741230964661 0.159898042678833
vn 0.8084881901741028 0.5663741230964661 0.159898042678833
vn 0.3088149428367615 0.9211477637290955 0.23689694702625275
vn 0.3088149428367615 0.9211477637290955 0.23689694702625275
vn 0.3088149428367615 0.9211477637290955 0.23689694702625275
vn 0.3088149428367615 0.9211477637290955 0.23689694702625275
vn -0.3088149428367615 0.9211477637290955 0.23689694702625275
vn -0.3088149428367615 0.9211477637290955 0.23689694702625275
vn -0.3088149428367615 0.9211477637290955 0.23689694702625275
vn -0.3088149428367615 0.9211477637290955 0.23689694702625275
vn -0.8084889054298401 0.5663729310035706 0.15989798307418823
vn -0.8084889054298401 0.5663729310035706 0.15989798307418823
vn -0.8084889054298401 0.5663729310035706 0.15989798307418823
vn -0.8084889054298401 0.5663729310035706 0.15989798307418823
vn -0.9993470907211304 -0.007664001081138849 0.03531000390648842
vn -0.9993470907211304 -0.007664001081138849 0.03531000390648842
vn -0.9993470907211304 -0.007664001081138849 0.03531000390648842
vn -0.9993470907211304 -0.007664001081138849 0.03531000390648842
vn -0.8084883093833923 -0.5817011594772339 -0.08927702903747559
vn -0.8084883093833923 -0.5817011594772339 -0.08927702903747559
vn -0.8084883093833923 -0.5817011594772339 -0.08927702903747559
vn -0.8084883093833923 -0.5817011594772339 -0.08927702903747559
vn -0.30881503224372864 -0.9364750981330872 -0.1662760078907013
vn -0.30881503224372864 -0.9364750981330872 -0.1662760078907013
vn -0.30881503224372864 -0.9364750981330872 -0.1662760078907013
vn -0.30881503224372864 -0.9364750981330872 -0.1662760078907013
vn 0.30881500244140625 -0.9364749789237976 -0.16627700626850128
vn 0.30881503224372864 -0.9364750981330872 -0.1662760078907013
vn 0.30881503224372864 -0.9364750981330872 -0.1662760078907013
vn 0.30881500244140625 -0.9364749789237976 -0.16627700626850128
vn 0.8084891438484192 -0.5817000865936279 -0.0892770066857338
vn 0.8084891438484192 -0.5817000865936279 -0.0892770066857338
vn 0.8084891438484192 -0.5817000865936279 -0.0892770066857338
vn 0.8084891438484192 -0.5817000865936279 -0.0892770066857338
vn 0.30881503224372864 -0.9364750981330872 -0.1662760078907013
vn 0.30881503224372864 -0.9364750981330872 -0.1662760078907013
vn 0.30881503224372864 -0.9364750981330872 -0.1662760078907013
vn 0.30881503224372864 -0.9364750981330872 -0.1662760078907013
vn -0.30881503224372864 -0.9364750981330872 -0.1662760078907013
vn -0.30881503224372864 -0.9364750981330872 -0.1662760078907013
vn -0.30881503224372864 -0.9364750981330872 -0.1662760078907013
vn -0.30881503224372864 -0.9364750981330872 -0.1662760078907013
vn -0.8084883093833923 -0.5817011594772339 -0.08927702903747559
vn -0.8084883093833923 -0.5817011594772339 -0.08927702903747559
vn -0.8084883093833923 -0.5817011594772339 -0.08927702903747559
vn -0.8084883093833923 -0.5817011594772339 -0.08927702903747559
vn -0.9993470907211304 -0.007664001081138849 0.035311002284288406
vn -0.9993470907211304 -0.007664001081138849 0.035311002284288406
vn -0.9993470907211304 -0.007664001081138849 0.035311002284288406
vn -0.9993470907211304 -0.007664001081138849 0.035311002284288406
vn -0.8084889054298401 0.5663729310035706 0.15989798307418823
vn -0.8084889054298401 0.5663729310035706 0.15989798307418823
vn -0.8084889054298401 0.5663729310035706 0.15989798307418823
vn -0.8084889054298401 0.5663729310035706 0.15989798307418823
vn -0.3088149428367615 0.9211477637290955 0.23689694702625275
vn -0.3088149428367615 0.9211477637290955 0.23689694702625275
vn -0.3088149428367615 0.9211477637290955 0.23689694702625275
vn -0.3088149428367615 0.9211477637290955 0.23689694702625275
vn 0.3088149428367615 0.9211477637290955 0.23689694702625275
vn 0.3088149428367615 0.9211477637290955 0.23689694702625275
vn 0.3088149428367615 0.9211477637290955 0.23689694702625275
vn 0.3088149428367615 0.9211477637290955 0.23689694702625275
vn 0.8084881901741028 0.5663741230964661 0.159898042678833
vn 0.8084881901741028 0.5663741230964661 0.159898042678833
vn 0.8084881901741028 0.5663741230964661 0.159898042678833
vn 0.8084881901741028 0.5663741230964661 0.159898042678833
vn 0.9993470907211304 -0.007664001081138849 0.035311002284288406
vn 0.9993470907211304 -0.007664001081138849 0.035311002284288406
vn 0.9993470907211304 -0.007664001081138849 0.035311002284288406
vn 0.9993470907211304 -0.007664001081138849 0.035311002284288406
vn 0.8143442869186401 0.12309904396533966 -0.5671771764755249
vn 0.8143442869186401 0.12309904396533966 -0.5671771764755249
vn 0.8143442869186401 0.12309904396533966 -0.5671771764755249
vn 0.8143442869186401 0.12309904396533966 -0.5671771764755249
vn 0.7712700963020325 -0.13500401377677917 0.6220260858535767
vn 0.7712700963020325 -0.13500401377677917 0.6220260858535767
vn 0.7712700963020325 -0.13500401377677917 0.6220260858535767
vn 0.7712700963020325 -0.13500401377677917 0.6220260858535767
vn 0.6239689588546753 -0.5780279636383057 0.5258769392967224
vn 0.6239689588546753 -0.5780279636383057 0.5258769392967224
vn 0.6239689588546753 -0.5780279636383057 0.5258769392967224
vn 0.6239689588546753 -0.5780279636383057 0.5258769392967224
vn 0.6588149666786194 -0.344668984413147 -0.6687049269676208
vn 0.6588149666786194 -0.344668984413147 -0.6687049269676208
vn 0.6588149666786194 -0.344668984413147 -0.6687049269676208
vn 0.6588149666786194 -0.344668984413147 -0.6687049269676208
vn 0.23833385109901428 -0.8518364429473877 0.4664457440376282
vn 0.23833385109901428 -0.8518364429473877 0.4664457440376282
vn 0.238334059715271 -0.8518362045288086 0.4664461314678192
vn 0.238334059715271 -0.8518362045288086 0.4664461314678192
vn 0.25164595246315 -0.6337698101997375 -0.7314438223838806
vn 0.25164595246315 -0.6337698101997375 -0.7314438223838806
vn 0.25164595246315 -0.6337698101997375 -0.7314438223838806
vn 0.25164595246315 -0.6337698101997375 -0.7314438223838806
vn -0.23833414912223816 -0.8518355488777161 0.46644726395606995
vn -0.23833414912223816 -0.8518355488777161 0.46644726395606995
vn -0.23833414912223816 -0.8518355488777161 0.46644726395606995
vn -0.23833414912223816 -0.8518355488777161 0.46644726395606995
vn -0.2516460716724396 -0.6337671875953674 -0.7314462065696716
vn -0.2516460716724396 -0.6337671875953674 -0.7314462065696716
vn -0.2516460716724396 -0.6337671875953674 -0.7314462065696716
vn -0.2516460716724396 -0.6337671875953674 -0.7314462065696716
vn -0.623970091342926 -0.5780290961265564 0.525874137878418
vn -0.623970091342926 -0.5780290961265564 0.525874137878418
vn -0.623970091342926 -0.5780290961265564 0.525874137878418
vn -0.623970091342926 -0.5780290961265564 0.525874137878418
vn -0.658816933631897 -0.34467098116874695 -0.6687019467353821
vn -0.658816397190094 -0.34467121958732605 -0.6687024235725403
vn -0.658816397190094 -0.34467121958732605 -0.6687024235725403
vn -0.658816397190094 -0.34467121958732605 -0.6687024235725403
vn -0.7712688446044922 -0.1350029706954956 0.6220278739929199
vn -0.7712688446044922 -0.1350029706954956 0.6220278739929199
vn -0.7712688446044922 -0.1350029706954956 0.6220278739929199
vn -0.7712688446044922 -0.1350029706954956 0.6220278739929199
vn -0.8143430948257446 0.12309901416301727 -0.5671790838241577
vn -0.8143430948257446 0.12309901416301727 -0.5671790838241577
vn -0.8143430948257446 0.12309901416301727 -0.5671790838241577
vn -0.8143430948257446 0.12309901416301727 -0.5671790838241577
vn -0.6239699721336365 0.30802199244499207 0.7181810140609741
vn -0.6239699721336365 0.30802199244499207 0.7181810140609741
vn -0.6239699721336365 0.30802199244499207 0.7181810140609741
vn -0.6239699721336365 0.30802199244499207 0.7181810140609741
vn -0.6588181853294373 0.5908671021461487 -0.465655118227005
vn -0.6588181853294373 0.5908671021461487 -0.465655118227005
vn -0.6588177680969238 0.5908677577972412 -0.46565482020378113
vn -0.6588181853294373 0.5908671021461487 -0.465655118227005
vn -0.23833493888378143 0.5818228721618652 0.7776108384132385
vn -0.23833493888378143 0.5818228721618652 0.7776108384132385
vn -0.23833493888378143 0.5818228721618652 0.7776108384132385
vn -0.23833493888378143 0.5818228721618652 0.7776108384132385
vn -0.25164595246315 0.8799647688865662 -0.40290990471839905
vn -0.25164595246315 0.8799647688865662 -0.40290990471839905
vn -0.25164595246315 0.8799647688865662 -0.40290990471839905
vn -0.25164595246315 0.8799647688865662 -0.40290990471839905
vn 0.2383340299129486 0.5818270444869995 0.7776080965995789
vn 0.2383340299129486 0.5818270444869995 0.7776080965995789
vn 0.2383340299129486 0.5818270444869995 0.7776080965995789
vn 0.2383340299129486 0.5818270444869995 0.7776080965995789
vn 0.251645028591156 0.8799641132354736 -0.40291205048561096
vn 0.251645028591156 0.8799641132354736 -0.40291205048561096
vn 0.251645028591156 0.8799641132354736 -0.40291205048561096
vn 0.251645028591156 0.8799641132354736 -0.40291205048561096
vn 0.6239686608314514 0.30801883339881897 0.7181835770606995
vn 0.6239680051803589 0.3080190122127533 0.7181839942932129
vn 0.6239686608314514 0.30801883339881897 0.7181835770606995
vn 0.6239686608314514 0.30801883339881897 0.7181835770606995
vn 0.6588156819343567 0.5908687114715576 -0.4656567871570587
vn 0.6588156819343567 0.5908687114715576 -0.4656567871570587
vn 0.6588156819343567 0.5908687114715576 -0.4656567871570587
vn 0.6588156819343567 0.5908687114715576 -0.4656567871570587
vn 9.999999974752427e-7 0.21209999918937683 -0.9772480130195618
vn 9.999999974752427e-7 0.21209999918937683 -0.9772480130195618
vn 9.999999974752427e-7 0.21209999918937683 -0.9772480130195618
vn 9.999999974752427e-7 0.21209999918937683 -0.9772480130195618
vn 0.0000010000002248489182 0.21209904551506042 -0.9772482514381409
vn 0.0000010000002248489182 0.21209904551506042 -0.9772482514381409
vn 0.0000010000002248489182 0.21209904551506042 -0.9772482514381409
vn 0.0000010000002248489182 0.21209904551506042 -0.9772482514381409
vn 0.0000010000002248489182 0.21209904551506042 -0.9772482514381409
vn 0.0000010000002248489182 0.21209904551506042 -0.9772482514381409
vn 0 0.21209904551506042 -0.9772482514381409
vn 0 0.21209904551506042 -0.9772482514381409
vn 0 0.21209904551506042 -0.9772482514381409
vn 0 0.21209904551506042 -0.9772482514381409
vn 0 0.21209999918937683 -0.9772480130195618
vn 0 0.21209999918937683 -0.9772480130195618
vn 0 0.21209999918937683 -0.9772480130195618
vn 0 0.21209999918937683 -0.9772480130195618
vn 0 0.21209904551506042 -0.9772482514381409
vn 0 0.21209904551506042 -0.9772482514381409
vn 0 0.21209904551506042 -0.9772482514381409
vn 0 0.21209904551506042 -0.9772482514381409
vn 0 0.21209904551506042 -0.9772482514381409
vn 0 0.21209904551506042 -0.9772482514381409
vn 0 0.21209904551506042 -0.9772482514381409
vn 0 0.21209904551506042 -0.9772482514381409
vn 0 0.21209904551506042 -0.9772482514381409
vn 0 0.21209904551506042 -0.9772482514381409
vn 0 0.21209904551506042 -0.9772482514381409
vn 0 0.21209904551506042 -0.9772482514381409
vn 0 0.21209904551506042 -0.9772482514381409
vn 0 0.21209904551506042 -0.9772482514381409
vn 0 0.21209904551506042 -0.9772482514381409
vn 0 0.21209904551506042 -0.9772482514381409
vn 0 0.21209904551506042 -0.9772482514381409
vn 0 0.21209904551506042 -0.9772482514381409
vn 0.7654958367347717 -0.4748808741569519 -0.4341709017753601
vn 0.7654958367347717 -0.4748808741569519 -0.4341709017753601
vn 0.7654958367347717 -0.4748808741569519 -0.4341709017753601
vn 0.7654958367347717 -0.4748808741569519 -0.4341709017753601
vn 0.9462036490440369 0.06862897425889969 -0.3162098824977875
vn 0.9462036490440369 0.06862897425889969 -0.3162098824977875
vn 0.9462036490440369 0.06862897425889969 -0.3162098824977875
vn 0.9462036490440369 0.06862897425889969 -0.3162098824977875
vn 0.7654935121536255 0.6121416687965393 -0.19824787974357605
vn 0.7654935121536255 0.6121416687965393 -0.19824787974357605
vn 0.7654935121536255 0.6121416687965393 -0.19824787974357605
vn 0.7654941082000732 0.6121410727500916 -0.198248028755188
vn 0.2923930585384369 0.9480482339859009 -0.12534302473068237
vn 0.2923930585384369 0.9480482339859009 -0.12534302473068237
vn 0.2923930585384369 0.9480482339859009 -0.12534302473068237
vn 0.2923930585384369 0.9480482339859009 -0.12534302473068237
vn -0.2923918664455414 0.9480486512184143 -0.1253429502248764
vn -0.2923918664455414 0.9480486512184143 -0.1253429502248764
vn -0.2923918664455414 0.9480486512184143 -0.1253429502248764
vn -0.2923918664455414 0.9480486512184143 -0.1253429502248764
vn -0.7654961943626404 0.6121380925178528 -0.19824904203414917
vn -0.7654961943626404 0.6121380925178528 -0.19824904203414917
vn -0.7654961943626404 0.6121380925178528 -0.19824904203414917
vn -0.7654961943626404 0.6121380925178528 -0.19824904203414917
vn -0.9462053775787354 0.06862802058458328 -0.31620511412620544
vn -0.9462053775787354 0.06862802058458328 -0.31620511412620544
vn -0.9462053775787354 0.06862802058458328 -0.31620511412620544
vn -0.9462053775787354 0.06862802058458328 -0.31620511412620544
vn -0.7654950022697449 -0.47488200664520264 -0.43417099118232727
vn -0.7654953598976135 -0.47488224506378174 -0.4341702163219452
vn -0.7654950022697449 -0.47488200664520264 -0.43417099118232727
vn -0.7654950022697449 -0.47488200664520264 -0.43417099118232727
vn -0.2923928201198578 -0.8107895255088806 -0.5070766806602478
vn -0.2923928201198578 -0.8107895255088806 -0.5070766806602478
vn -0.2923928201198578 -0.8107895255088806 -0.5070766806602478
vn -0.2923928201198578 -0.8107895255088806 -0.5070766806602478
vn 0.2923929691314697 -0.8107898831367493 -0.5070759654045105
vn 0.2923929691314697 -0.8107898831367493 -0.5070759654045105
vn 0.2923929691314697 -0.8107898831367493 -0.5070759654045105
vn 0.2923929691314697 -0.8107898831367493 -0.5070759654045105
vn 0 0.8497598767280579 -0.527169942855835
vn 0 0.8497598767280579 -0.527169942855835
vn 0 0.8497598767280579 -0.527169942855835
vn 0 0.8497598767280579 -0.527169942855835
vn 9.999999974752427e-7 0.4061239957809448 -0.9138180017471313
vn 9.999999974752427e-7 0.4061239957809448 -0.9138180017471313
vn 9.999999974752427e-7 0.4061239957809448 -0.9138180017471313
vn 9.999999974752427e-7 0.4061239957809448 -0.9138180017471313
vn 0 0.4061239957809448 0.9138180017471313
vn 0 0.4061239957809448 0.9138180017471313
vn 0 0.4061239957809448 0.9138180017471313
vn 0 0.4061239957809448 0.9138180017471313
vn 0 0.8597120046615601 0.5107790231704712
vn 0 0.8597120046615601 0.5107790231704712
vn 0 0.8597120046615601 0.5107790231704712
vn 0 0.8597120046615601 0.5107790231704712
vn 0 0.9770337343215942 0.21308495104312897
vn 0 0.9770337343215942 0.21308495104312897
vn 0 0.9770337343215942 0.21308495104312897
vn 0 0.9770337343215942 0.21308495104312897
vn 0 0.9735042452812195 -0.22866906225681305
vn 0 0.9735042452812195 -0.22866906225681305
vn 0 0.9735042452812195 -0.22866906225681305
vn 0 0.9735042452812195 -0.22866906225681305
vn 0 -0.8541449904441833 0.5200350284576416
vn 0 -0.8541449904441833 0.5200350284576416
vn 0 -0.8541449904441833 0.5200350284576416
vn 0 -0.8541449904441833 0.5200350284576416
vn -0.0000010000003385357559 -0.43332815170288086 0.9012362957000732
vn -0.0000010000003385357559 -0.43332815170288086 0.9012362957000732
vn -0.0000010000003385357559 -0.43332815170288086 0.9012362957000732
vn -0.0000010000003385357559 -0.43332815170288086 0.9012362957000732
vn 0 -0.43332815170288086 -0.9012362957000732
vn 0 -0.43332815170288086 -0.9012362957000732
vn 0 -0.43332815170288086 -0.9012362957000732
vn 0 -0.43332815170288086 -0.9012362957000732
vn 0 -0.8587211966514587 -0.5124431252479553
vn 0 -0.8587211966514587 -0.5124431252479553
vn 0 -0.8587211966514587 -0.5124431252479553
vn 0 -0.8587211966514587 -0.5124431252479553
vn 0 -0.9776191115379333 -0.21038302779197693
vn 0 -0.9776191115379333 -0.21038302779197693
vn 0 -0.9776191115379333 -0.21038302779197693
vn 0 -0.9776191115379333 -0.21038302779197693
vn 0 -0.9759905934333801 0.2178131341934204
vn 0 -0.9759905934333801 0.2178131341934204
vn 0 -0.9759905934333801 0.2178131341934204
vn 0 -0.9759905934333801 0.2178131341934204
vn 0.4558660686016083 -0.8055911064147949 0.3784300684928894
vn 0.4558660686016083 -0.8055911064147949 0.3784300684928894
vn 0.4558660686016083 -0.8055911064147949 0.3784300684928894
vn 0.4558660686016083 -0.8055911064147949 0.3784300684928894
vn 0.1590300053358078 -0.8179270029067993 0.5529059767723083
vn 0.1590300053358078 -0.8179270029067993 0.5529059767723083
vn 0.1590300053358078 -0.8179270029067993 0.5529059767723083
vn 0.1590300053358078 -0.8179270029067993 0.5529059767723083
vn 0.6567249894142151 -0.7535060048103333 0.03067700006067753
vn 0.6567249894142151 -0.7535060048103333 0.03067700006067753
vn 0.6567249894142151 -0.7535060048103333 0.03067700006067753
vn 0.6567249894142151 -0.7535060048103333 0.03067700006067753
vn 0.6567230820655823 -0.6425740718841553 -0.3947320580482483
vn 0.6567230820655823 -0.6425740718841553 -0.3947320580482483
vn 0.6567230820655823 -0.6425740718841553 -0.3947320580482483
vn 0.6567230820655823 -0.6425740718841553 -0.3947320580482483
vn 0.45586487650871277 -0.5182068943977356 -0.7236357927322388
vn 0.45586487650871277 -0.5182068943977356 -0.7236357927322388
vn 0.45586487650871277 -0.5182068943977356 -0.7236357927322388
vn 0.45586487650871277 -0.5182068943977356 -0.7236357927322388
vn -0.45586487650871277 -0.5182068943977356 -0.7236357927322388
vn -0.45586487650871277 -0.5182068943977356 -0.7236357927322388
vn -0.45586487650871277 -0.5182068943977356 -0.7236357927322388
vn -0.45586487650871277 -0.5182068943977356 -0.7236357927322388
vn -0.656726062297821 -0.6425710320472717 -0.3947320580482483
vn -0.656726062297821 -0.6425710320472717 -0.3947320580482483
vn -0.656726062297821 -0.6425710320472717 -0.3947320580482483
vn -0.656726062297821 -0.6425710320472717 -0.3947320580482483
vn -0.656728208065033 -0.7535032033920288 0.0306790079921484
vn -0.656728208065033 -0.7535032033920288 0.0306790079921484
vn -0.656728208065033 -0.7535032033920288 0.0306790079921484
vn -0.656728208065033 -0.7535032033920288 0.0306790079921484
vn -0.45586585998535156 -0.8055906891822815 0.3784308433532715
vn -0.45586585998535156 -0.8055906891822815 0.3784308433532715
vn -0.45586585998535156 -0.8055906891822815 0.3784308433532715
vn -0.45586585998535156 -0.8055906891822815 0.3784308433532715
vn -0.1590300053358078 -0.8179270029067993 0.5529059767723083
vn -0.1590300053358078 -0.8179270029067993 0.5529059767723083
vn -0.1590300053358078 -0.8179270029067993 0.5529059767723083
vn -0.1590300053358078 -0.8179270029067993 0.5529059767723083
vn 0.15903106331825256 0.4437631368637085 0.8819202780723572
vn 0.15903009474277496 0.44376325607299805 0.8819205164909363
vn 0.15903106331825256 0.4437631368637085 0.8819202780723572
vn 0.15903009474277496 0.44376325607299805 0.8819205164909363
vn 0.4558691084384918 0.5181971192359924 0.7236402034759521
vn 0.4558691084384918 0.5181971192359924 0.7236402034759521
vn 0.4558691084384918 0.5181971192359924 0.7236402034759521
vn 0.4558691084384918 0.5181971192359924 0.7236402034759521
vn 0.6567277908325195 0.6425687670707703 0.39473286271095276
vn 0.6567277908325195 0.6425687670707703 0.39473286271095276
vn 0.6567277908325195 0.6425687670707703 0.39473286271095276
vn 0.6567277908325195 0.6425687670707703 0.39473286271095276
vn 0.6567255258560181 0.7535054683685303 -0.0306759774684906
vn 0.6567255258560181 0.7535054683685303 -0.0306759774684906
vn 0.6567255258560181 0.7535054683685303 -0.0306759774684906
vn 0.6567255258560181 0.7535054683685303 -0.0306759774684906
vn 0.4558660089969635 0.8055920004844666 -0.37842801213264465
vn 0.4558660089969635 0.8055920004844666 -0.37842801213264465
vn 0.4558660089969635 0.8055920004844666 -0.37842801213264465
vn 0.4558660089969635 0.8055920004844666 -0.37842801213264465
vn -0.45586585998535156 0.8055917024612427 -0.3784288465976715
vn -0.45586585998535156 0.8055917024612427 -0.3784288465976715
vn -0.45586585998535156 0.8055917024612427 -0.3784288465976715
vn -0.45586585998535156 0.8055917024612427 -0.3784288465976715
vn -0.656726062297821 0.7535051107406616 -0.030677003785967827
vn -0.656726062297821 0.7535051107406616 -0.030677003785967827
vn -0.656726062297821 0.7535051107406616 -0.030677003785967827
vn -0.656726062297821 0.7535051107406616 -0.030677003785967827
vn -0.6567280292510986 0.6425690054893494 0.3947319984436035
vn -0.6567280292510986 0.6425690054893494 0.3947319984436035
vn -0.6567280292510986 0.6425690054893494 0.3947319984436035
vn -0.6567280292510986 0.6425690054893494 0.3947319984436035
vn -0.455870658159256 0.5181926488876343 0.7236424684524536
vn -0.455870658159256 0.5181926488876343 0.7236424684524536
vn -0.455870658159256 0.5181926488876343 0.7236424684524536
vn -0.455870658159256 0.5181926488876343 0.7236424684524536
vn -0.15902994573116302 0.4437728524208069 0.8819156885147095
vn -0.15902994573116302 0.4437728524208069 0.8819156885147095
vn -0.15902994573116302 0.4437728524208069 0.8819156885147095
vn -0.15902994573116302 0.4437728524208069 0.8819156885147095
vn -0.1590300053358078 -0.4437679946422577 -0.8819180130958557
vn -0.1590300053358078 -0.4437679946422577 -0.8819180130958557
vn -0.1590300053358078 -0.4437679946422577 -0.8819180130958557
vn -0.1590300053358078 -0.4437679946422577 -0.8819180130958557
vn -0.45586687326431274 -0.5182008743286133 -0.7236388325691223
vn -0.45586687326431274 -0.5182008743286133 -0.7236388325691223
vn -0.45586687326431274 -0.5182008743286133 -0.7236388325691223
vn -0.45586687326431274 -0.5182008743286133 -0.7236388325691223
vn -0.6567237973213196 -0.642572820186615 -0.39473292231559753
vn -0.6567237973213196 -0.642572820186615 -0.39473292231559753
vn -0.6567237973213196 -0.642572820186615 -0.39473292231559753
vn -0.6567237973213196 -0.642572820186615 -0.39473292231559753
vn -0.6567239165306091 0.7535068988800049 -0.03067699633538723
vn -0.6567239165306091 0.7535068988800049 -0.03067699633538723
vn -0.6567239165306091 0.7535068988800049 -0.03067699633538723
vn -0.6567243933677673 0.7535064816474915 -0.03067701868712902
vn -0.4558648467063904 0.8055917024612427 -0.3784298598766327
vn -0.4558648467063904 0.8055917024612427 -0.3784298598766327
vn -0.4558648467063904 0.8055917024612427 -0.3784298598766327
vn -0.4558648467063904 0.8055917024612427 -0.3784298598766327
vn -0.15903101861476898 0.8179261088371277 -0.5529070496559143
vn -0.15903101861476898 0.8179261088371277 -0.5529070496559143
vn -0.15903101861476898 0.8179261088371277 -0.5529070496559143
vn -0.15903101861476898 0.8179261088371277 -0.5529070496559143
vn -0.6567239165306091 -0.7535068988800049 0.030675996094942093
vn -0.6567239165306091 -0.7535068988800049 0.030675996094942093
vn -0.6567239165306091 -0.7535068988800049 0.030675996094942093
vn -0.6567239165306091 -0.7535068988800049 0.030675996094942093
vn -0.6567271947860718 0.6425691843032837 0.39473310112953186
vn -0.6567271947860718 0.6425691843032837 0.39473310112953186
vn -0.6567271947860718 0.6425691843032837 0.39473310112953186
vn -0.6567271947860718 0.6425691843032837 0.39473310112953186
vn -0.45586585998535156 -0.8055917024612427 0.3784288465976715
vn -0.45586585998535156 -0.8055917024612427 0.3784288465976715
vn -0.45586585998535156 -0.8055917024612427 0.3784288465976715
vn -0.45586585998535156 -0.8055917024612427 0.3784288465976715
vn -0.4558659493923187 0.5182059407234192 0.7236359119415283
vn -0.4558659493923187 0.5182059407234192 0.7236359119415283
vn -0.4558659493923187 0.5182059407234192 0.7236359119415283
vn -0.4558659493923187 0.5182059407234192 0.7236359119415283
vn 0.4558650553226471 -0.8055921196937561 0.3784290552139282
vn 0.4558650553226471 -0.8055921196937561 0.3784290552139282
vn 0.45586585998535156 -0.8055917024612427 0.3784288465976715
vn 0.4558650553226471 -0.8055921196937561 0.3784290552139282
vn 0.45586585998535156 0.5182048082351685 0.7236367464065552
vn 0.4558650553226471 0.5182050466537476 0.723637044429779
vn 0.45586585998535156 0.5182048082351685 0.7236367464065552
vn 0.45586585998535156 0.5182048082351685 0.7236367464065552
vn 0.656726062297821 -0.7535051107406616 0.030677003785967827
vn 0.656726062297821 -0.7535051107406616 0.030677003785967827
vn 0.656726062297821 -0.7535051107406616 0.030677003785967827
vn 0.656726062297821 -0.7535051107406616 0.030677003785967827
vn 0.6567271947860718 0.6425691843032837 0.39473310112953186
vn 0.6567271947860718 0.6425691843032837 0.39473310112953186
vn 0.6567271947860718 0.6425691843032837 0.39473310112953186
vn 0.6567271947860718 0.6425691843032837 0.39473310112953186
vn 0.6567237973213196 -0.642572820186615 -0.39473292231559753
vn 0.6567237973213196 -0.642572820186615 -0.39473292231559753
vn 0.6567237973213196 -0.642572820186615 -0.39473292231559753
vn 0.6567237973213196 -0.642572820186615 -0.39473292231559753
vn 0.6567239165306091 0.7535068988800049 -0.030675996094942093
vn 0.6567234396934509 0.7535074949264526 -0.030676018446683884
vn 0.6567239165306091 0.7535068988800049 -0.030675996094942093
vn 0.6567239165306091 0.7535068988800049 -0.030675996094942093
vn 0.45586687326431274 -0.5182008743286133 -0.7236388325691223
vn 0.45586687326431274 -0.5182008743286133 -0.7236388325691223
vn 0.45586687326431274 -0.5182008743286133 -0.7236388325691223
vn 0.45586687326431274 -0.5182008743286133 -0.7236388325691223
vn 0.4558650553226471 0.8055921196937561 -0.3784290552139282
vn 0.4558650553226471 0.8055921196937561 -0.3784290552139282
vn 0.4558650553226471 0.8055921196937561 -0.3784290552139282
vn 0.4558650553226471 0.8055921196937561 -0.3784290552139282
vn 0.1590300053358078 -0.4437679946422577 -0.8819180130958557
vn 0.1590300053358078 -0.4437679946422577 -0.8819180130958557
vn 0.1590300053358078 -0.4437679946422577 -0.8819180130958557
vn 0.1590300053358078 -0.4437679946422577 -0.8819180130958557
vn 0.15903101861476898 0.8179261088371277 -0.5529070496559143
vn 0.15903101861476898 0.8179261088371277 -0.5529070496559143
vn 0.15903101861476898 0.8179261088371277 -0.5529070496559143
vn 0.15903101861476898 0.8179261088371277 -0.5529070496559143
vn -0.6249430179595947 0.19699400663375854 -0.7554069757461548
vn -0.6249430179595947 0.19699400663375854 -0.7554069757461548
vn -0.6249430179595947 0.19699400663375854 -0.7554069757461548
vn -0.6249430179595947 0.19699400663375854 -0.7554069757461548
vn -0.94828861951828 0.08009397238492966 -0.3071378767490387
vn -0.94828861951828 0.08009397238492966 -0.3071378767490387
vn -0.94828861951828 0.08009397238492966 -0.3071378767490387
vn -0.94828861951828 0.08009397238492966 -0.3071378767490387
vn -0.9482885003089905 -0.08009196072816849 0.3071388602256775
vn -0.9482885003089905 -0.08009196072816849 0.3071388602256775
vn -0.9482885003089905 -0.08009196072816849 0.3071388602256775
vn -0.9482885003089905 -0.08009196072816849 0.3071388602256775
vn -0.6249430179595947 -0.19699400663375854 0.7554069757461548
vn -0.6249430179595947 -0.19699400663375854 0.7554069757461548
vn -0.6249430179595947 -0.19699400663375854 0.7554069757461548
vn -0.6249430179595947 -0.19699400663375854 0.7554069757461548
vn 0.6249430179595947 -0.19699400663375854 0.7554069757461548
vn 0.6249430179595947 -0.19699400663375854 0.7554069757461548
vn 0.6249430179595947 -0.19699400663375854 0.7554069757461548
vn 0.6249430179595947 -0.19699400663375854 0.7554069757461548
vn 0.9482887387275696 -0.08009297400712967 0.30713793635368347
vn 0.9482887387275696 -0.08009297400712967 0.30713793635368347
vn 0.9482887387275696 -0.08009297400712967 0.30713793635368347
vn 0.9482887387275696 -0.08009297400712967 0.30713793635368347
vn 0.9482889771461487 0.0800900012254715 -0.30713799595832825
vn 0.9482889771461487 0.0800900012254715 -0.30713799595832825
vn 0.9482889771461487 0.0800900012254715 -0.30713799595832825
vn 0.9482889771461487 0.0800900012254715 -0.30713799595832825
vn 0.6249430179595947 0.19699400663375854 -0.7554069757461548
vn 0.6249430179595947 0.19699400663375854 -0.7554069757461548
vn 0.6249430179595947 0.19699400663375854 -0.7554069757461548
vn 0.6249430179595947 0.19699400663375854 -0.7554069757461548
vn 0.20972895622253418 0.24672093987464905 -0.9461197853088379
vn 0.20972895622253418 0.24672093987464905 -0.9461197853088379
vn 0.20972895622253418 0.24672093987464905 -0.9461197853088379
vn 0.20972895622253418 0.24672093987464905 -0.9461197853088379
vn -0.20972895622253418 0.24672093987464905 -0.9461197853088379
vn -0.20972895622253418 0.24672093987464905 -0.9461197853088379
vn -0.20972895622253418 0.24672093987464905 -0.9461197853088379
vn -0.20972895622253418 0.24672093987464905 -0.9461197853088379
vn 0.6249431371688843 -0.19699303805828094 0.7554071545600891
vn 0.6249431371688843 -0.19699303805828094 0.7554071545600891
vn 0.6249431371688843 -0.19699303805828094 0.7554071545600891
vn 0.6249431371688843 -0.19699303805828094 0.7554071545600891
vn 0.9482885003089905 -0.0800909623503685 0.3071388602256775
vn 0.9482885003089905 -0.0800909623503685 0.3071388602256775
vn 0.9482885003089905 -0.0800909623503685 0.3071388602256775
vn 0.9482885003089905 -0.0800909623503685 0.3071388602256775
vn 0.9482885003089905 0.08009196072816849 -0.3071388602256775
vn 0.9482885003089905 0.08009196072816849 -0.3071388602256775
vn 0.9482885003089905 0.08009196072816849 -0.3071388602256775
vn 0.9482885003089905 0.08009196072816849 -0.3071388602256775
vn 0.6249426603317261 0.1969928741455078 -0.7554075121879578
vn 0.6249431371688843 0.19699303805828094 -0.7554071545600891
vn 0.6249431371688843 0.19699303805828094 -0.7554071545600891
vn 0.6249426603317261 0.1969928741455078 -0.7554075121879578
vn -0.6249431371688843 0.196989044547081 -0.7554081678390503
vn -0.624943733215332 0.19698892533779144 -0.7554076910018921
vn -0.6249431371688843 0.196989044547081 -0.7554081678390503
vn -0.6249431371688843 0.196989044547081 -0.7554081678390503
vn -0.9482887387275696 0.08009197562932968 -0.30713793635368347
vn -0.9482887387275696 0.08009197562932968 -0.30713793635368347
vn -0.9482887387275696 0.08009197562932968 -0.30713793635368347
vn -0.9482887387275696 0.08009197562932968 -0.30713793635368347
vn -0.9482888579368591 -0.08009099215269089 0.30713796615600586
vn -0.9482888579368591 -0.08009099215269089 0.30713796615600586
vn -0.9482888579368591 -0.08009099215269089 0.30713796615600586
vn -0.9482888579368591 -0.08009099215269089 0.30713796615600586
vn -0.6249431371688843 -0.196989044547081 0.7554081678390503
vn -0.6249431371688843 -0.196989044547081 0.7554081678390503
vn -0.6249431371688843 -0.196989044547081 0.7554081678390503
vn -0.6249431371688843 -0.196989044547081 0.7554081678390503
vn -0.20972807705402374 -0.24673108756542206 0.9461173415184021
vn -0.20972807705402374 -0.24673108756542206 0.9461173415184021
vn -0.20972807705402374 -0.24673108756542206 0.9461173415184021
vn -0.20972807705402374 -0.24673108756542206 0.9461173415184021
vn 0.20972807705402374 -0.2467270940542221 0.9461183547973633
vn 0.20972807705402374 -0.2467270940542221 0.9461183547973633
vn 0.20972807705402374 -0.2467270940542221 0.9461183547973633
vn 0.20972807705402374 -0.2467270940542221 0.9461183547973633
vn 0 -0.9676405191421509 -0.252332866191864
vn 0 -0.9676405191421509 -0.252332866191864
vn 0 -0.9676405191421509 -0.252332866191864
vn 0 -0.9676405191421509 -0.252332866191864
vn 0 0.96764075756073 0.25233194231987
vn 0 0.96764075756073 0.25233194231987
vn 0 0.96764075756073 0.25233194231987
vn 0 0.96764075756073 0.25233194231987
vn 0 -0.9676405191421509 -0.252332866191864
vn 0 -0.9676405191421509 -0.252332866191864
vn 0 -0.9676405191421509 -0.252332866191864
vn 0 -0.9676405191421509 -0.252332866191864
vn 0 0.96764075756073 0.25233194231987
vn 0 0.96764075756073 0.25233194231987
vn 0 0.96764075756073 0.25233194231987
vn 0 0.96764075756073 0.25233194231987
vn 0 -0.96764075756073 -0.25233194231987
vn 0 -0.96764075756073 -0.25233194231987
vn 0 -0.96764075756073 -0.25233194231987
vn 0 -0.96764075756073 -0.25233194231987
vn 0 0.96764075756073 0.25233194231987
vn 0 0.96764075756073 0.25233194231987
vn 0 -0.9676409959793091 -0.2523309886455536
vn 0 -0.9676409959793091 -0.2523309886455536
vn 0 -0.9676409959793091 -0.2523309886455536
vn 0 -0.9676409959793091 -0.2523309886455536
vn 9.999999974752427e-7 0.9676409959793091 0.2523309886455536
vn 9.999999974752427e-7 0.9676409959793091 0.2523309886455536
vn 9.999999974752427e-7 0.9676409959793091 0.2523309886455536
vn 9.999999974752427e-7 0.9676409959793091 0.2523309886455536
vn 0 -0.96764075756073 -0.25233194231987
vn 0 -0.96764075756073 -0.25233194231987
vn 0 -0.96764075756073 -0.25233194231987
vn 0 -0.96764075756073 -0.25233194231987
vn -9.999999974752427e-7 0.9676409959793091 0.2523309886455536
vn -9.999999974752427e-7 0.9676409959793091 0.2523309886455536
vn -9.999999974752427e-7 0.9676409959793091 0.2523309886455536
vn -9.999999974752427e-7 0.9676409959793091 0.2523309886455536
vn 0 -0.9676405191421509 -0.252332866191864
vn 0 -0.9676405191421509 -0.252332866191864
vn 0 -0.9676405191421509 -0.252332866191864
vn 0 -0.9676405191421509 -0.252332866191864
vn 0 0.9676409959793091 0.2523309886455536
vn 0 0.9676409959793091 0.2523309886455536
vn 0 0.9676409959793091 0.2523309886455536
vn 0 0.9676409959793091 0.2523309886455536
vn 0 -0.96764075756073 -0.25233194231987
vn 0 -0.96764075756073 -0.25233194231987
vn 0 -0.96764075756073 -0.25233194231987
vn 0 -0.96764075756073 -0.25233194231987
vn 0 0.96764075756073 0.25233194231987
vn 0 0.96764075756073 0.25233194231987
vn 0 0.96764075756073 0.25233194231987
vn 0 0.96764075756073 0.25233194231987
vn 0 -0.9676405191421509 -0.252332866191864
vn 0 -0.9676405191421509 -0.252332866191864
vn 0 -0.9676405191421509 -0.252332866191864
vn 0 -0.9676404595375061 -0.2523331046104431
vn 0 0.9676409959793091 0.2523309886455536
vn 0 0.9676409959793091 0.2523309886455536
vn 0 0.9676409959793091 0.2523309886455536
vn 0 0.9676409959793091 0.2523309886455536
vn 0 -0.9676405191421509 -0.252332866191864
vn 0 -0.9676405191421509 -0.252332866191864
vn 0 -0.9676404595375061 -0.2523331046104431
vn 0 0.9676409959793091 0.2523309886455536
vn 0 0.9676409959793091 0.2523309886455536
vn 0 -0.9676405191421509 -0.252332866191864
vn 0 0.9676409959793091 0.2523309886455536
vn 0 0.9676409959793091 0.2523309886455536
vn 0 0.9676409959793091 0.2523309886455536
vn 0 0.9676409959793091 0.2523309886455536
vn -1 0 0
vn -1 0 0
vn -1 0 0
vn -1 0 0
vn 1 0 0
vn 1 0 0
vn 1 0 0
vn 1 0 0
vn 1 0 0
vn 1 0 0
vn 1 0 0
vn 1 0 0
vn -1 0 0
vn -1 0 0
vn -1 0 0
vn -1 0 0
vn -0.0012099994346499443 0.8179585933685303 0.575275719165802
vn -0.0012099994346499443 0.8179585933685303 0.575275719165802
vn -0.0012099994346499443 0.8179585933685303 0.575275719165802
vn -0.0012099994346499443 0.8179585933685303 0.575275719165802
vn 0 0.9980116486549377 0.06302997469902039
vn 0 0.9980116486549377 0.06302997469902039
vn 0 0.9980116486549377 0.06302997469902039
vn 0 0.9980116486549377 0.06302997469902039
vn 0 1 0
vn 0 1 0
vn 0 1 0
vn 0 1 0
vn 0 0.9980116486549377 -0.06302997469902039
vn 0 0.9980116486549377 -0.06302997469902039
vn 0 0.9980116486549377 -0.06302997469902039
vn 0 0.9980116486549377 -0.06302997469902039
vn 0 0.8265408277511597 -0.5628768801689148
vn 0 0.8265408277511597 -0.5628768801689148
vn 0 0.8265408277511597 -0.5628768801689148
vn 0 0.8265408277511597 -0.5628768801689148
vn 0 0 -1
vn 0 0 -1
vn 0 0 -1
vn 0 0 -1
vn 0 0 1
vn 0 0 1
vn 0 0 1
vn 0 0 1
vn 0 0.24153009057044983 0.9703933596611023
vn 0 0.24153009057044983 0.9703933596611023
vn 0 0.24153009057044983 0.9703933596611023
vn 0 0.24153009057044983 0.9703933596611023
vn 0.6710332036018372 0.738591194152832 0.06478901207447052
vn 0.6710332036018372 0.738591194152832 0.06478901207447052
vn 0.6710332036018372 0.738591194152832 0.06478901207447052
vn 0.6710332036018372 0.738591194152832 0.06478901207447052
vn 0 0.3071521520614624 -0.9516604542732239
vn 0 0.3071521520614624 -0.9516604542732239
vn 0 0.3071521520614624 -0.9516604542732239
vn 0 0.3071521520614624 -0.9516604542732239
vn -0.6710332036018372 0.738591194152832 0.06478901207447052
vn -0.6710332036018372 0.738591194152832 0.06478901207447052
vn -0.6710332036018372 0.738591194152832 0.06478901207447052
vn -0.6710332036018372 0.738591194152832 0.06478901207447052
vn 0 0.2666669487953186 0.9637887477874756
vn 0 0.2666669487953186 0.9637887477874756
vn 0 0.2666669487953186 0.9637887477874756
vn 0 0.2666669487953186 0.9637887477874756
vn 0.6781966090202332 0.7348805665969849 0
vn 0.6781966090202332 0.7348805665969849 0
vn 0.6781966090202332 0.7348805665969849 0
vn 0.6781966090202332 0.7348805665969849 0
vn 0 0.26666998863220215 -0.9637879729270935
vn 0 0.26666998863220215 -0.9637879729270935
vn 0 0.26666998863220215 -0.9637879729270935
vn 0 0.26666998863220215 -0.9637879729270935
vn -0.6781970858573914 0.7348800301551819 0
vn -0.6781970858573914 0.7348800301551819 0
vn -0.6781970858573914 0.7348800301551819 0
vn -0.6781970858573914 0.7348800301551819 0
vn 0 0.3071500360965729 0.9516611099243164
vn 0 0.3071500360965729 0.9516611099243164
vn 0 0.3071500360965729 0.9516611099243164
vn 0 0.3071500360965729 0.9516611099243164
vn 0.6710332036018372 0.738591194152832 -0.06478901207447052
vn 0.6710332036018372 0.738591194152832 -0.06478901207447052
vn 0.6710332036018372 0.738591194152832 -0.06478901207447052
vn 0.6710332036018372 0.738591194152832 -0.06478901207447052
vn 0 0.24153009057044983 -0.9703933596611023
vn 0 0.24153009057044983 -0.9703933596611023
vn 0 0.24153009057044983 -0.9703933596611023
vn 0 0.24153009057044983 -0.9703933596611023
vn -0.6710342168807983 0.7385902404785156 -0.06478901952505112
vn -0.6710342168807983 0.7385902404785156 -0.06478901952505112
vn -0.6710342168807983 0.7385902404785156 -0.06478901952505112
vn -0.6710342168807983 0.7385902404785156 -0.06478901952505112
vn -0.41804593801498413 -0.9084258675575256 0
vn -0.41804593801498413 -0.9084258675575256 0
vn -0.41804593801498413 -0.9084258675575256 0
vn -0.41804593801498413 -0.9084258675575256 0
vn -1 0 0
vn -1 0 0
vn -1 0 0
vn -1 0 0
vn -0.41804394125938416 0.9084268808364868 0
vn -0.41804394125938416 0.9084268808364868 0
vn -0.41804394125938416 0.9084268808364868 0
vn -0.41804394125938416 0.9084268808364868 0
vn -0.30901506543159485 0.9510572552680969 0
vn -0.30901506543159485 0.9510572552680969 0
vn -0.30901506543159485 0.9510572552680969 0
vn -0.30901506543159485 0.9510572552680969 0
vn 0.3090180456638336 0.9510562419891357 0
vn 0.3090180456638336 0.9510562419891357 0
vn 0.3090180456638336 0.9510562419891357 0
vn 0.3090180456638336 0.9510562419891357 0
vn 0.4207729995250702 0.9071660041809082 0
vn 0.4207729995250702 0.9071660041809082 0
vn 0.4207729995250702 0.9071660041809082 0
vn 0.4207729995250702 0.9071660041809082 0
vn 1 0 0
vn 1 0 0
vn 1 0 0
vn 1 0 0
vn 0.42077013850212097 -0.9071673154830933 0
vn 0.42077013850212097 -0.9071673154830933 0
vn 0.42077013850212097 -0.9071673154830933 0
vn 0.42077013850212097 -0.9071673154830933 0
vn 0.3090241253376007 -0.9510543346405029 0
vn 0.3090241253376007 -0.9510543346405029 0
vn 0.3090241253376007 -0.9510543346405029 0
vn 0.3090241253376007 -0.9510543346405029 0
vn -0.3090180456638336 -0.9510562419891357 0
vn -0.3090180456638336 -0.9510562419891357 0
vn -0.3090180456638336 -0.9510562419891357 0
vn -0.3090180456638336 -0.9510562419891357 0
vn 0.8090149760246277 0.5877879858016968 0
vn 0.8090149760246277 0.5877879858016968 0
vn 0.8090149760246277 0.5877879858016968 0
vn 0.8090149760246277 0.5877879858016968 0
vn 0.3090180456638336 0.9510562419891357 0
vn 0.3090180456638336 0.9510562419891357 0
vn 0.3090180456638336 0.9510562419891357 0
vn 0.3090180456638336 0.9510562419891357 0
vn -0.30901506543159485 0.9510572552680969 0
vn -0.30901506543159485 0.9510572552680969 0
vn -0.30901506543159485 0.9510572552680969 0
vn -0.30901506543159485 0.9510572552680969 0
vn -0.8090196251869202 0.5877817273139954 0
vn -0.8090196251869202 0.5877817273139954 0
vn -0.8090196251869202 0.5877817273139954 0
vn -0.8090196251869202 0.5877817273139954 0
vn -1 0 0
vn -1 0 0
vn -1 0 0
vn -1 0 0
vn -0.8090201020240784 -0.5877810716629028 0
vn -0.8090201020240784 -0.5877810716629028 0
vn -0.8090201020240784 -0.5877810716629028 0
vn -0.8090201020240784 -0.5877810716629028 0
vn -0.3090168535709381 -0.9510565400123596 0
vn -0.3090168535709381 -0.9510565400123596 0
vn -0.3090168535709381 -0.9510565400123596 0
vn -0.3090168535709381 -0.9510565400123596 0
vn 0.30901989340782166 -0.951055645942688 0
vn 0.30901989340782166 -0.951055645942688 0
vn 0.30901989340782166 -0.951055645942688 0
vn 0.30901989340782166 -0.951055645942688 0
vn 0.8090128898620605 -0.5877909660339355 0
vn 0.8090128898620605 -0.5877909660339355 0
vn 0.8090128898620605 -0.5877909660339355 0
vn 0.8090128898620605 -0.5877909660339355 0
vn 1 0 0
vn 1 0 0
vn 1 0 0
vn 1 0 0
vn 0 0 -1
vn 0 0 -1
vn 0 0 -1
vn 0 0 -1
vn 0 0 -1
vn 0 0 -1
vn 0 9.999999974752427e-7 -1
vn 0 9.999999974752427e-7 -1
vn 0 9.999999974752427e-7 -1
vn 0 9.999999974752427e-7 -1
vn 0 0 -1
vn 0 0 -1
vn 0 0 -1
vn 0 0 -1
vn 0 9.999999974752427e-7 -1
vn 0 9.999999974752427e-7 -1
vn 0 9.999999974752427e-7 -1
vn 0 9.999999974752427e-7 -1
vn 0 0 -1
vn 0 0 -1
vn 0 0 -1
vn 0 0 -1
vn 0 0 -1
vn 0 0 -1
vn 0 -0.000003999999989900971 -1
vn 0 -0.000003999999989900971 -1
vn 0 -0.000003999999989900971 -1
vn 0 -0.000003999999989900971 -1
vn 0 0 -1
vn 0 0 -1
vn 0 0 -1
vn 0 0 -1
vn 0 9.999999974752427e-7 -1
vn 0 9.999999974752427e-7 -1
vn 0 9.999999974752427e-7 -1
vn 0 9.999999974752427e-7 -1
vn 0 -1 0
vn 0 -1 0
vn 0 -1 0
vn 0 -1 0
vn 0.4541931450366974 0.8909032940864563 0
vn 0.4541931450366974 0.8909032940864563 0
vn 0.4541931450366974 0.8909032940864563 0
vn 0.4541931450366974 0.8909032940864563 0
vn 0 -0.0000019999999949504854 1
vn 0 -0.0000019999999949504854 1
vn 0 -0.0000019999999949504854 1
vn 0 -0.0000019999999949504854 1
vn -0.4541931450366974 0.8909032940864563 0
vn -0.4541931450366974 0.8909032940864563 0
vn -0.4541931450366974 0.8909032940864563 0
vn -0.4541931450366974 0.8909032940864563 0
vn 0 0 -1
vn 0 0 -1
vn 0 0 -1
vn 0 0 -1
vn 1 0 0
vn 1 0 0
vn 1 0 0
vn 1 0 0
vn 0 0 1
vn 0 0 1
vn 0 0 1
vn 0 0 1
vn -1 0 0
vn -1 0 0
vn -1 0 0
vn -1 0 0
vn 0 0 -1
vn 0 0 -1
vn 0.30901801586151123 0.9119890928268433 0.2697850167751312
vn 0.30901801586151123 0.9119890928268433 0.2697850167751312
vn 0.30901801586151123 0.9119890928268433 0.2697850167751312
vn 0.30901801586151123 0.9119890928268433 0.2697850167751312
vn -0.3090161383152008 0.9119893908500671 0.26978611946105957
vn -0.3090161383152008 0.9119893908500671 0.26978611946105957
vn -0.3090161383152008 0.9119893908500671 0.26978611946105957
vn -0.3090161383152008 0.9119893908500671 0.26978611946105957
vn -0.8090190291404724 0.5636379718780518 0.1667349934577942
vn -0.8090190291404724 0.5636379718780518 0.1667349934577942
vn -0.8090190291404724 0.5636379718780518 0.1667349934577942
vn -0.8090190291404724 0.5636379718780518 0.1667349934577942
vn -1 9.999999974752427e-7 -9.999999974752427e-7
vn -1 9.999999974752427e-7 -9.999999974752427e-7
vn -1 9.999999974752427e-7 -9.999999974752427e-7
vn -1 9.999999974752427e-7 -9.999999974752427e-7
vn -0.8090187311172485 -0.5636377930641174 -0.16673694550991058
vn -0.8090187311172485 -0.5636377930641174 -0.16673694550991058
vn -0.8090187311172485 -0.5636377930641174 -0.16673694550991058
vn -0.8090187311172485 -0.5636377930641174 -0.16673694550991058
vn -0.30901703238487244 -0.9119890928268433 -0.2697860300540924
vn -0.30901703238487244 -0.9119890928268433 -0.2697860300540924
vn -0.30901703238487244 -0.9119890928268433 -0.2697860300540924
vn -0.30901703238487244 -0.9119890928268433 -0.2697860300540924
vn 0.30901801586151123 -0.9119890928268433 -0.2697850167751312
vn 0.30901801586151123 -0.9119890928268433 -0.2697850167751312
vn 0.30901801586151123 -0.9119890928268433 -0.2697850167751312
vn 0.30901801586151123 -0.9119890928268433 -0.2697850167751312
vn 0.809015691280365 -0.5636418461799622 -0.16673794388771057
vn 0.8090153336524963 -0.5636423230171204 -0.16673807799816132
vn 0.8090153336524963 -0.5636423230171204 -0.16673807799816132
vn 0.8090153336524963 -0.5636423230171204 -0.16673807799816132
vn 1 -9.999999974752427e-7 9.999999974752427e-7
vn 1 -9.999999974752427e-7 9.999999974752427e-7
vn 1 -9.999999974752427e-7 9.999999974752427e-7
vn 1 -9.999999974752427e-7 9.999999974752427e-7
vn 0.809014618396759 0.5636436939239502 0.1667369306087494
vn 0.809014618396759 0.5636436939239502 0.1667369306087494
vn 0.809014618396759 0.5636436939239502 0.1667369306087494
vn 0.809014618396759 0.5636436939239502 0.1667369306087494
vn -0.8090198040008545 -0.5636368989944458 -0.1667349487543106
vn -0.8090198040008545 -0.5636368989944458 -0.1667349487543106
vn -0.8090198040008545 -0.5636368989944458 -0.1667349487543106
vn -0.8090198040008545 -0.5636368989944458 -0.1667349487543106
vn -1 0 0
vn -1 0 0
vn -1 0 0
vn -1 0 0
vn -0.8090201020240784 0.563636064529419 0.16673602163791656
vn -0.8090201020240784 0.563636064529419 0.16673602163791656
vn -0.8090201020240784 0.563636064529419 0.16673602163791656
vn -0.8090201020240784 0.563636064529419 0.16673602163791656
vn -0.3090159296989441 0.9119897484779358 0.26978492736816406
vn -0.3090159296989441 0.9119897484779358 0.26978492736816406
vn -0.3090159296989441 0.9119897484779358 0.26978492736816406
vn -0.3090159296989441 0.9119897484779358 0.26978492736816406
vn 0.30901801586151123 0.9119890928268433 0.2697850167751312
vn 0.30901801586151123 0.9119890928268433 0.2697850167751312
vn 0.30901801586151123 0.9119890928268433 0.2697850167751312
vn 0.30901801586151123 0.9119890928268433 0.2697850167751312
vn 0.8090150952339172 0.5636430382728577 0.16673702001571655
vn 0.809015154838562 0.5636430978775024 0.16673605144023895
vn 0.809015154838562 0.5636430978775024 0.16673605144023895
vn 0.809015154838562 0.5636430978775024 0.16673605144023895
vn 1 0 0
vn 1 0 0
vn 1 0 0
vn 1 0 0
vn 0.8090143203735352 -0.5636441707611084 -0.16673706471920013
vn 0.8090143203735352 -0.5636441707611084 -0.16673706471920013
vn 0.8090143203735352 -0.5636441707611084 -0.16673706471920013
vn 0.8090143203735352 -0.5636441707611084 -0.16673706471920013
vn 0.30901792645454407 -0.9119887351989746 -0.26978594064712524
vn 0.30901792645454407 -0.9119887351989746 -0.26978594064712524
vn 0.30901792645454407 -0.9119887351989746 -0.26978594064712524
vn 0.30901792645454407 -0.9119887351989746 -0.26978594064712524
vn -0.3090149462223053 -0.9119897484779358 -0.26978594064712524
vn -0.3090149462223053 -0.9119897484779358 -0.26978594064712524
vn -0.3090149462223053 -0.9119897484779358 -0.26978594064712524
vn -0.3090149462223053 -0.9119897484779358 -0.26978594064712524
vn -0.3090149462223053 0.9119897484779358 0.26978594064712524
vn -0.3090149462223053 0.9119897484779358 0.26978594064712524
vn -0.3090149462223053 0.9119897484779358 0.26978594064712524
vn -0.3090149462223053 0.9119897484779358 0.26978594064712524
vn -0.8090196251869202 0.5636367201805115 0.1667359322309494
vn -0.8090196251869202 0.5636367201805115 0.1667359322309494
vn -0.8090196251869202 0.5636367201805115 0.1667359322309494
vn -0.8090196251869202 0.5636367201805115 0.1667359322309494
vn -1 0 0
vn -1 0 0
vn -1 0 0
vn -1 0 0
vn -0.8090202808380127 -0.5636361837387085 -0.16673505306243896
vn -0.8090202808380127 -0.5636361837387085 -0.16673505306243896
vn -0.8090202808380127 -0.5636361837387085 -0.16673505306243896
vn -0.8090202808380127 -0.5636361837387085 -0.16673505306243896
vn -0.30901703238487244 -0.9119890928268433 -0.2697860300540924
vn -0.30901703238487244 -0.9119890928268433 -0.2697860300540924
vn -0.30901703238487244 -0.9119890928268433 -0.2697860300540924
vn -0.30901703238487244 -0.9119890928268433 -0.2697860300540924
vn 0.30901792645454407 -0.9119887351989746 -0.26978594064712524
vn 0.30901792645454407 -0.9119887351989746 -0.26978594064712524
vn 0.30901792645454407 -0.9119887351989746 -0.26978594064712524
vn 0.30901792645454407 -0.9119887351989746 -0.26978594064712524
vn 0.8090143203735352 -0.5636441707611084 -0.16673706471920013
vn 0.8090143203735352 -0.5636441707611084 -0.16673706471920013
vn 0.8090143203735352 -0.5636441707611084 -0.16673706471920013
vn 0.8090143203735352 -0.5636441707611084 -0.16673706471920013
vn 1 9.999999974752427e-7 0
vn 1 9.999999974752427e-7 0
vn 1 9.999999974752427e-7 0
vn 1 9.999999974752427e-7 0
vn 0.8090150952339172 0.5636430382728577 0.16673702001571655
vn 0.8090150952339172 0.5636430382728577 0.16673702001571655
vn 0.8090150952339172 0.5636430382728577 0.16673702001571655
vn 0.8090150952339172 0.5636430382728577 0.16673702001571655
vn 0.30901792645454407 0.9119887351989746 0.26978594064712524
vn 0.30901792645454407 0.9119887351989746 0.26978594064712524
vn 0.30901792645454407 0.9119887351989746 0.26978594064712524
vn 0.30901792645454407 0.9119887351989746 0.26978594064712524
vn -1 0 0
vn -1 0 0
vn -1 0 0
vn -1 0 0
vn 0 -0.2704341411590576 0.962738573551178
vn 0 -0.2704341411590576 0.962738573551178
vn 0 -0.2704341411590576 0.962738573551178
vn 0 -0.2704341411590576 0.962738573551178
vn 1 0 0
vn 1 0 0
vn 1 0 0
vn 1 0 0
vn 0 0.27043387293815613 -0.9627385139465332
vn 0 0.27043387293815613 -0.9627385139465332
vn 0 0.27043387293815613 -0.9627385139465332
vn 0 0.27043387293815613 -0.9627385139465332
vn 0 0.962738573551178 0.2704341411590576
vn 0 0.962738573551178 0.2704341411590576
vn 0 0.962738573551178 0.2704341411590576
vn 0 0.962738573551178 0.2704341411590576
vn -0.4332549273967743 -0.8099068999290466 -0.39539992809295654
vn -0.4332549273967743 -0.8099068999290466 -0.39539992809295654
vn -0.4332549273967743 -0.8099068999290466 -0.39539992809295654
vn -0.4332549273967743 -0.8099068999290466 -0.39539992809295654
vn 0.26247987151145935 -0.8786175847053528 -0.3989178240299225
vn 0.26247987151145935 -0.8786175847053528 -0.3989178240299225
vn 0.26247987151145935 -0.8786175847053528 -0.3989178240299225
vn 0.26247987151145935 -0.8786175847053528 -0.3989178240299225
vn 0.4282290041446686 0.8519480228424072 0.30133798718452454
vn 0.4282290041446686 0.8519480228424072 0.30133798718452454
vn 0.4282290041446686 0.8519480228424072 0.30133798718452454
vn 0.4282290041446686 0.8519480228424072 0.30133798718452454
vn -0.2472400665283203 0.9121942520141602 0.3267630934715271
vn -0.2472400665283203 0.9121942520141602 0.3267630934715271
vn -0.2472400665283203 0.9121942520141602 0.3267630934715271
vn -0.2472400665283203 0.9121942520141602 0.3267630934715271
vn -0.5007232427597046 0.8656074404716492 0
vn -0.5007232427597046 0.8656074404716492 0
vn -0.5007232427597046 0.8656074404716492 0
vn -0.5007232427597046 0.8656074404716492 0
vn -0.9138180017471313 0.4061239957809448 0
vn -0.9138180017471313 0.4061239957809448 0
vn -0.9138180017471313 0.4061239957809448 0
vn -0.9138180017471313 0.4061239957809448 0
vn 0.9138184189796448 0.40612319111824036 0
vn 0.9138184189796448 0.40612319111824036 0
vn 0.9138184189796448 0.40612319111824036 0
vn 0.9138184189796448 0.40612319111824036 0
vn 0.4817228317260742 0.8763236999511719 0
vn 0.4817228317260742 0.8763236999511719 0
vn 0.4817228317260742 0.8763236999511719 0
vn 0.4817228317260742 0.8763236999511719 0
vn 0.18178100883960724 0.9833391308784485 0
vn 0.18178100883960724 0.9833391308784485 0
vn 0.18178100883960724 0.9833391308784485 0
vn 0.18178100883960724 0.9833391308784485 0
vn -0.1956540048122406 0.9806730151176453 0
vn -0.1956540048122406 0.9806730151176453 0
vn -0.1956540048122406 0.9806730151176453 0
vn -0.1956540048122406 0.9806730151176453 0
vn 0.5024970173835754 -0.8645790219306946 0
vn 0.5024970173835754 -0.8645790219306946 0
vn 0.5024970173835754 -0.8645790219306946 0
vn 0.5024970173835754 -0.8645790219306946 0
vn 0.9012358784675598 -0.43332892656326294 0
vn 0.9012358784675598 -0.43332892656326294 0
vn 0.9012358784675598 -0.43332892656326294 0
vn 0.9012358784675598 -0.43332892656326294 0
vn -0.9012362957000732 -0.43332815170288086 0
vn -0.9012362957000732 -0.43332815170288086 0
vn -0.9012362957000732 -0.43332815170288086 0
vn -0.9012362957000732 -0.43332815170288086 0
vn -0.4867951273918152 -0.8735162019729614 0
vn -0.4867951273918152 -0.8735162019729614 0
vn -0.4867951273918152 -0.8735162019729614 0
vn -0.4867951273918152 -0.8735162019729614 0
vn -0.18068906664848328 -0.9835403561592102 0
vn -0.18068906664848328 -0.9835403561592102 0
vn -0.18068906664848328 -0.9835403561592102 0
vn -0.18068906664848328 -0.9835403561592102 0
vn 0.1902160495519638 -0.981742262840271 0
vn 0.1902160495519638 -0.981742262840271 0
vn 0.1902160495519638 -0.981742262840271 0
vn 0.1902160495519638 -0.981742262840271 0
vn -0.292429119348526 -0.9480843544006348 0.12498604506254196
vn -0.292429119348526 -0.9480843544006348 0.12498604506254196
vn -0.292429119348526 -0.9480843544006348 0.12498604506254196
vn -0.292429119348526 -0.9480843544006348 0.12498604506254196
vn -0.1974700391292572 -0.7570661902427673 0.6227810978889465
vn -0.1974700391292572 -0.7570661902427673 0.6227810978889465
vn -0.1974700391292572 -0.7570661902427673 0.6227810978889465
vn -0.1974700391292572 -0.7570661902427673 0.6227810978889465
vn -0.516983687877655 -0.5302076935768127 0.6720175743103027
vn -0.5169840455055237 -0.5302080512046814 0.6720170378684998
vn -0.5169840455055237 -0.5302080512046814 0.6720170378684998
vn -0.5169840455055237 -0.5302080512046814 0.6720170378684998
vn -0.7655901908874512 -0.6121340990066528 0.1978980451822281
vn -0.7655901908874512 -0.6121340990066528 0.1978980451822281
vn -0.7655901908874512 -0.6121340990066528 0.1978980451822281
vn -0.7655901908874512 -0.6121340990066528 0.1978980451822281
vn -0.6390258073806763 -0.16314396262168884 0.751684844493866
vn -0.6390258073806763 -0.16314396262168884 0.751684844493866
vn -0.6390258073806763 -0.16314396262168884 0.751684844493866
vn -0.6390258073806763 -0.16314396262168884 0.751684844493866
vn -0.9463207721710205 -0.06855698674917221 0.3158749043941498
vn -0.9463207721710205 -0.06855698674917221 0.3158749043941498
vn -0.9463207721710205 -0.06855698674917221 0.3158749043941498
vn -0.9463207721710205 -0.06855698674917221 0.3158749043941498
vn -0.5169829726219177 0.20392200350761414 0.8313509821891785
vn -0.5169829726219177 0.20392200350761414 0.8313509821891785
vn -0.5169829726219177 0.20392200350761414 0.8313509821891785
vn -0.5169829726219177 0.20392200350761414 0.8313509821891785
vn -0.7655894756317139 0.4750213027000427 0.43385225534439087
vn -0.7655894756317139 0.4750213027000427 0.43385225534439087
vn -0.7655894756317139 0.4750213027000427 0.43385225534439087
vn -0.7655891180038452 0.4750220477581024 0.43385204672813416
vn -0.19747008383274078 0.43078020215034485 0.8805873990058899
vn -0.19747008383274078 0.43078020215034485 0.8805873990058899
vn -0.19747008383274078 0.43078020215034485 0.8805873990058899
vn -0.19747008383274078 0.43078020215034485 0.8805873990058899
vn -0.2924289405345917 0.8109708428382874 0.5067659020423889
vn -0.2924289405345917 0.8109708428382874 0.5067659020423889
vn -0.2924289405345917 0.8109708428382874 0.5067659020423889
vn -0.2924289405345917 0.8109708428382874 0.5067659020423889
vn 0.19746999442577362 0.43077901005744934 0.8805879950523376
vn 0.19746999442577362 0.43077901005744934 0.8805879950523376
vn 0.19746999442577362 0.43077901005744934 0.8805879950523376
vn 0.19746999442577362 0.43077901005744934 0.8805879950523376
vn 0.2924289405345917 0.8109708428382874 0.5067659020423889
vn 0.2924289405345917 0.8109708428382874 0.5067659020423889
vn 0.2924289405345917 0.8109708428382874 0.5067659020423889
vn 0.2924289405345917 0.8109708428382874 0.5067659020423889
vn 0.5169829726219177 0.20392200350761414 0.8313509821891785
vn 0.5169829726219177 0.20392200350761414 0.8313509821891785
vn 0.5169829726219177 0.20392200350761414 0.8313509821891785
vn 0.5169829726219177 0.20392200350761414 0.8313509821891785
vn 0.7655901908874512 0.4750211238861084 0.43385109305381775
vn 0.7655901908874512 0.4750211238861084 0.43385109305381775
vn 0.7655901908874512 0.4750211238861084 0.43385109305381775
vn 0.7655901908874512 0.4750211238861084 0.43385109305381775
vn 0.6390267610549927 -0.16314494609832764 0.7516837120056152
vn 0.6390267610549927 -0.16314494609832764 0.7516837120056152
vn 0.639026939868927 -0.16314399242401123 0.7516838908195496
vn 0.6390267610549927 -0.16314494609832764 0.7516837120056152
vn 0.9463207721710205 -0.06855698674917221 0.3158749043941498
vn 0.9463207721710205 -0.06855698674917221 0.3158749043941498
vn 0.9463211297988892 -0.068557009100914 0.31587404012680054
vn 0.9463207721710205 -0.06855698674917221 0.3158749043941498
vn 0.5169838070869446 -0.5302088260650635 0.6720167398452759
vn 0.5169838070869446 -0.5302088260650635 0.6720167398452759
vn 0.5169838070869446 -0.5302088260650635 0.6720167398452759
vn 0.5169838070869446 -0.5302088260650635 0.6720167398452759
vn 0.7655892968177795 -0.6121352314949036 0.19789807498455048
vn 0.7655892968177795 -0.6121352314949036 0.19789807498455048
vn 0.7655892968177795 -0.6121352314949036 0.19789807498455048
vn 0.7655892968177795 -0.6121352314949036 0.19789807498455048
vn 0.1974700391292572 -0.7570661902427673 0.6227810978889465
vn 0.19746990501880646 -0.7570666670799255 0.6227806806564331
vn 0.19746990501880646 -0.7570666670799255 0.6227806806564331
vn 0.19746990501880646 -0.7570666670799255 0.6227806806564331
vn 0.2924291491508484 -0.9480844736099243 0.12498506158590317
vn 0.2924291491508484 -0.9480844736099243 0.12498506158590317
vn 0.2924291491508484 -0.9480844736099243 0.12498506158590317
vn 0.2924291491508484 -0.9480844736099243 0.12498506158590317
vn -0.4957657754421234 -0.18439091742038727 -0.8486555814743042
vn -0.4957657754421234 -0.18439091742038727 -0.8486555814743042
vn -0.4957657754421234 -0.18439091742038727 -0.8486555814743042
vn -0.4957657754421234 -0.18439091742038727 -0.8486555814743042
vn -0.612799882888794 0.16760896146297455 -0.7722588181495667
vn -0.612799882888794 0.16760896146297455 -0.7722588181495667
vn -0.612799882888794 0.16760896146297455 -0.7722588181495667
vn -0.612799882888794 0.16760896146297455 -0.7722588181495667
vn -0.4957660734653473 0.5196090340614319 -0.6958610415458679
vn -0.4957652986049652 0.519609272480011 -0.6958613991737366
vn -0.4957660734653473 0.5196090340614319 -0.6958610415458679
vn -0.4957660734653473 0.5196090340614319 -0.6958610415458679
vn -0.18936596810817719 0.7371569275856018 -0.6486449241638184
vn -0.18936596810817719 0.7371569275856018 -0.6486449241638184
vn -0.18936596810817719 0.7371569275856018 -0.6486449241638184
vn -0.18936596810817719 0.7371569275856018 -0.6486449241638184
vn 0.18936596810817719 0.7371569275856018 -0.6486449241638184
vn 0.18936596810817719 0.7371569275856018 -0.6486449241638184
vn 0.18936596810817719 0.7371569275856018 -0.6486449241638184
vn 0.18936596810817719 0.7371569275856018 -0.6486449241638184
vn 0.4957660734653473 0.5196090340614319 -0.6958610415458679
vn 0.4957660734653473 0.5196090340614319 -0.6958610415458679
vn 0.4957660734653473 0.5196090340614319 -0.6958610415458679
vn 0.4957660734653473 0.5196090340614319 -0.6958610415458679
vn 0.6128003597259521 0.1676091104745865 -0.772258460521698
vn 0.6128003597259521 0.1676091104745865 -0.772258460521698
vn 0.6128003597259521 0.1676091104745865 -0.772258460521698
vn 0.6128003597259521 0.1676091104745865 -0.772258460521698
vn 0.49576494097709656 -0.18439199030399323 -0.8486558794975281
vn 0.49576494097709656 -0.18439199030399323 -0.8486558794975281
vn 0.49576494097709656 -0.18439199030399323 -0.8486558794975281
vn 0.49576494097709656 -0.18439199030399323 -0.8486558794975281
vn 0.18936607241630554 -0.40193915367126465 -0.8958712816238403
vn 0.18936607241630554 -0.40193915367126465 -0.8958712816238403
vn 0.18936607241630554 -0.40193915367126465 -0.8958712816238403
vn 0.18936607241630554 -0.40193915367126465 -0.8958712816238403
vn -0.18936599791049957 -0.4019399881362915 -0.8958709836006165
vn -0.18936599791049957 -0.4019399881362915 -0.8958709836006165
vn -0.18936599791049957 -0.4019399881362915 -0.8958709836006165
vn -0.18936599791049957 -0.4019399881362915 -0.8958709836006165
vn -0.7291321754455566 -0.4257940948009491 -0.5357851386070251
vn -0.7291321754455566 -0.4257940948009491 -0.5357851386070251
vn -0.7291321754455566 -0.4257940948009491 -0.5357851386070251
vn -0.7291321754455566 -0.4257940948009491 -0.5357851386070251
vn -0.9012572765350342 0.09190002828836441 -0.42342615127563477
vn -0.9012572765350342 0.09190002828836441 -0.42342615127563477
vn -0.9012572765350342 0.09190002828836441 -0.42342615127563477
vn -0.9012572765350342 0.09190002828836441 -0.42342615127563477
vn -0.729132354259491 0.6095923185348511 -0.3110681474208832
vn -0.729132354259491 0.6095923185348511 -0.3110681474208832
vn -0.729132354259491 0.6095923185348511 -0.3110681474208832
vn -0.729132354259491 0.6095923185348511 -0.3110681474208832
vn -0.27850407361984253 0.92954421043396 -0.2416260540485382
vn -0.27850407361984253 0.92954421043396 -0.2416260540485382
vn -0.27850407361984253 0.92954421043396 -0.2416260540485382
vn -0.27850407361984253 0.92954421043396 -0.2416260540485382
vn 0.27850401401519775 0.9295439720153809 -0.24162699282169342
vn 0.27850401401519775 0.9295439720153809 -0.24162699282169342
vn 0.27850401401519775 0.9295439720153809 -0.24162699282169342
vn 0.27850401401519775 0.9295439720153809 -0.24162699282169342
vn 0.7291328310966492 0.6095919013023376 -0.31106793880462646
vn 0.7291328310966492 0.6095919013023376 -0.31106793880462646
vn 0.7291328310966492 0.6095919013023376 -0.31106793880462646
vn 0.7291328310966492 0.6095919013023376 -0.31106793880462646
vn 0.9012573957443237 0.09189904481172562 -0.42342621088027954
vn 0.9012573957443237 0.09189904481172562 -0.42342621088027954
vn 0.9012573957443237 0.09189904481172562 -0.42342621088027954
vn 0.9012573957443237 0.09189904481172562 -0.42342621088027954
vn 0.7291321754455566 -0.4257940948009491 -0.5357851386070251
vn 0.7291321754455566 -0.4257940948009491 -0.5357851386070251
vn 0.7291321754455566 -0.4257940948009491 -0.5357851386070251
vn 0.7291321754455566 -0.4257940948009491 -0.5357851386070251
vn 0.2785038352012634 -0.7457455992698669 -0.6052266359329224
vn 0.27850401401519775 -0.7457460165023804 -0.6052259802818298
vn 0.27850401401519775 -0.7457460165023804 -0.6052259802818298
vn 0.27850401401519775 -0.7457460165023804 -0.6052259802818298
vn -0.2785038352012634 -0.7457455992698669 -0.6052266359329224
vn -0.2785038352012634 -0.7457455992698669 -0.6052266359329224
vn -0.2785038352012634 -0.7457455992698669 -0.6052266359329224
vn -0.2785038352012634 -0.7457455992698669 -0.6052266359329224
vn 0.7937089800834656 0.6046079993247986 -0.06689699739217758
vn 0.7937089800834656 0.6046079993247986 -0.06689699739217758
vn 0.7937089800834656 0.6046079993247986 -0.06689699739217758
vn 0.7937089800834656 0.6046079993247986 -0.06689699739217758
vn 0.981078028678894 0.041064999997615814 -0.1892080008983612
vn 0.981078028678894 0.041064999997615814 -0.1892080008983612
vn 0.981078028678894 0.041064999997615814 -0.1892080008983612
vn 0.981078028678894 0.041064999997615814 -0.1892080008983612
vn 0.7937086224555969 -0.5224787592887878 -0.3115168511867523
vn 0.7937082052230835 -0.5224791169166565 -0.31151705980300903
vn 0.7937082052230835 -0.5224791169166565 -0.31151705980300903
vn 0.7937086224555969 -0.5224787592887878 -0.3115168511867523
vn 0.30316901206970215 -0.8707669973373413 -0.38710901141166687
vn 0.30316901206970215 -0.8707669973373413 -0.38710901141166687
vn 0.30316901206970215 -0.8707669973373413 -0.38710901141166687
vn 0.30316901206970215 -0.8707669973373413 -0.38710901141166687
vn -0.30316993594169617 -0.870766818523407 -0.3871089220046997
vn -0.30316993594169617 -0.870766818523407 -0.3871089220046997
vn -0.30316993594169617 -0.870766818523407 -0.3871089220046997
vn -0.30316993594169617 -0.870766818523407 -0.3871089220046997
vn -0.7937092781066895 -0.5224781632423401 -0.3115161061286926
vn -0.7937092781066895 -0.5224781632423401 -0.3115161061286926
vn -0.7937092781066895 -0.5224781632423401 -0.3115161061286926
vn -0.7937092781066895 -0.5224781632423401 -0.3115161061286926
vn -0.9810782670974731 0.04106501117348671 -0.1892070472240448
vn -0.9810782670974731 0.04106501117348671 -0.1892070472240448
vn -0.9810782670974731 0.04106501117348671 -0.1892070472240448
vn -0.9810782670974731 0.04106501117348671 -0.1892070472240448
vn -0.7937082052230835 0.6046091318130493 -0.06689601391553879
vn -0.7937082052230835 0.6046091318130493 -0.06689601391553879
vn -0.7937082052230835 0.6046091318130493 -0.06689601391553879
vn -0.7937082052230835 0.6046091318130493 -0.06689601391553879
vn -0.30316996574401855 0.9528968930244446 0.008694998919963837
vn -0.30316996574401855 0.9528968930244446 0.008694998919963837
vn -0.30316996574401855 0.9528968930244446 0.008694998919963837
vn -0.30316996574401855 0.9528968930244446 0.008694998919963837
vn 0.30316996574401855 0.9528968930244446 0.008694998919963837
vn 0.30316996574401855 0.9528968930244446 0.008694998919963837
vn 0.30316996574401855 0.9528968930244446 0.008694998919963837
vn 0.30316996574401855 0.9528968930244446 0.008694998919963837
vn 0.4724697470664978 0.1632879227399826 0.8660885691642761
vn 0.4724697470664978 0.1632879227399826 0.8660885691642761
vn 0.4724697470664978 0.1632879227399826 0.8660885691642761
vn 0.4724697470664978 0.1632879227399826 0.8660885691642761
vn 0.5840010643005371 -0.17217200994491577 0.7932841181755066
vn 0.5840010643005371 -0.17217200994491577 0.7932841181755066
vn 0.5840010643005371 -0.17217200994491577 0.7932841181755066
vn 0.5840010643005371 -0.17217200994491577 0.7932841181755066
vn 0.47246792912483215 -0.5076289176940918 0.7204769253730774
vn 0.47246772050857544 -0.5076296925544739 0.7204765677452087
vn 0.47246772050857544 -0.5076296925544739 0.7204765677452087
vn 0.47246772050857544 -0.5076296925544739 0.7204765677452087
vn 0.1804669052362442 -0.7149556279182434 0.6754776835441589
vn 0.1804669052362442 -0.7149556279182434 0.6754776835441589
vn 0.1804669052362442 -0.7149556279182434 0.6754776835441589
vn 0.1804669052362442 -0.7149556279182434 0.6754776835441589
vn -0.18046703934669495 -0.7149561643600464 0.6754772067070007
vn -0.18046703934669495 -0.7149561643600464 0.6754772067070007
vn -0.18046703934669495 -0.7149561643600464 0.6754772067070007
vn -0.18046703934669495 -0.7149561643600464 0.6754772067070007
vn -0.47246992588043213 -0.507629930973053 0.7204749584197998
vn -0.47246992588043213 -0.507629930973053 0.7204749584197998
vn -0.47246992588043213 -0.507629930973053 0.7204749584197998
vn -0.47246992588043213 -0.507629930973053 0.7204749584197998
vn -0.5840047001838684 -0.17217090725898743 0.793281614780426
vn -0.5840047001838684 -0.17217090725898743 0.793281614780426
vn -0.5840047001838684 -0.17217090725898743 0.793281614780426
vn -0.5840047001838684 -0.17217090725898743 0.793281614780426
vn -0.47247010469436646 0.16328904032707214 0.8660881519317627
vn -0.47247010469436646 0.16328904032707214 0.8660881519317627
vn -0.47247010469436646 0.16328904032707214 0.8660881519317627
vn -0.47247010469436646 0.16328904032707214 0.8660881519317627
vn -0.18046699464321136 0.3706130087375641 0.9110860228538513
vn -0.18046699464321136 0.3706130087375641 0.9110860228538513
vn -0.18046699464321136 0.3706130087375641 0.9110860228538513
vn -0.18046699464321136 0.3706130087375641 0.9110860228538513
vn 0.18046794831752777 0.3706129193305969 0.9110857844352722
vn 0.18046794831752777 0.3706129193305969 0.9110857844352722
vn 0.18046794831752777 0.3706129193305969 0.9110857844352722
vn 0.18046794831752777 0.3706129193305969 0.9110857844352722
vn -0.24657203257083893 -0.3770770728588104 0.8927571177482605
vn -0.24657203257083893 -0.3770770728588104 0.8927571177482605
vn -0.24657203257083893 -0.3770770728588104 0.8927571177482605
vn -0.24657203257083893 -0.3770770728588104 0.8927571177482605
vn -0.30477893352508545 -0.2020079493522644 0.930753767490387
vn -0.30477893352508545 -0.2020079493522644 0.930753767490387
vn -0.30477893352508545 -0.2020079493522644 0.930753767490387
vn -0.30477893352508545 -0.2020079493522644 0.930753767490387
vn -0.24657106399536133 -0.026940004900097847 0.9687502384185791
vn -0.24657106399536133 -0.026940004900097847 0.9687502384185791
vn -0.24657106399536133 -0.026940004900097847 0.9687502384185791
vn -0.24657106399536133 -0.026940004900097847 0.9687502384185791
vn -0.09418204426765442 0.08125703781843185 0.9922334551811218
vn -0.09418204426765442 0.08125703781843185 0.9922334551811218
vn -0.09418204426765442 0.08125703781843185 0.9922334551811218
vn -0.09418204426765442 0.08125703781843185 0.9922334551811218
vn 0.09418103843927383 0.08125902712345123 0.9922333359718323
vn 0.09418103843927383 0.08125902712345123 0.9922333359718323
vn 0.09418103843927383 0.08125902712345123 0.9922333359718323
vn 0.09418103843927383 0.08125902712345123 0.9922333359718323
vn 0.24657294154167175 -0.026938993483781815 0.9687497615814209
vn 0.24657294154167175 -0.026938993483781815 0.9687497615814209
vn 0.24657294154167175 -0.026938993483781815 0.9687497615814209
vn 0.24657294154167175 -0.026938993483781815 0.9687497615814209
vn 0.30478015542030334 -0.20200808346271515 0.9307534098625183
vn 0.30478015542030334 -0.20200808346271515 0.9307534098625183
vn 0.30478015542030334 -0.20200808346271515 0.9307534098625183
vn 0.30478015542030334 -0.20200808346271515 0.9307534098625183
vn 0.24657194316387177 -0.3770779073238373 0.8927567601203918
vn 0.24657194316387177 -0.3770779073238373 0.8927567601203918
vn 0.24657194316387177 -0.3770779073238373 0.8927567601203918
vn 0.24657194316387177 -0.3770779073238373 0.8927567601203918
vn 0.09417995810508728 -0.4852767586708069 0.8692736029624939
vn 0.09417995810508728 -0.4852767586708069 0.8692736029624939
vn 0.09417995810508728 -0.4852767586708069 0.8692736029624939
vn 0.09417995810508728 -0.4852767586708069 0.8692736029624939
vn -0.09418103843927383 -0.4852771759033203 0.86927330493927
vn -0.09418103843927383 -0.4852771759033203 0.86927330493927
vn -0.09418103843927383 -0.4852771759033203 0.86927330493927
vn -0.09418103843927383 -0.4852771759033203 0.86927330493927
vn -0.7976158261299133 -0.601797878742218 0.04059898853302002
vn -0.7976158261299133 -0.601797878742218 0.04059898853302002
vn -0.7976158261299133 -0.601797878742218 0.04059898853302002
vn -0.7976158261299133 -0.601797878742218 0.04059898853302002
vn -0.9859031438827515 -0.035489004105329514 0.1635100096464157
vn -0.9859031438827515 -0.035489004105329514 0.1635100096464157
vn -0.9859031438827515 -0.035489004105329514 0.1635100096464157
vn -0.9859031438827515 -0.035489004105329514 0.1635100096464157
vn -0.7976121306419373 0.5308270454406738 0.2864220440387726
vn -0.7976121306419373 0.5308270454406738 0.2864220440387726
vn -0.7976121306419373 0.5308270454406738 0.2864220440387726
vn -0.7976121306419373 0.5308270454406738 0.2864220440387726
vn -0.3046630620956421 0.8808282613754272 0.3623840808868408
vn -0.3046630620956421 0.8808282613754272 0.3623840808868408
vn -0.3046629726886749 0.8808279037475586 0.36238497495651245
vn -0.3046630620956421 0.8808282613754272 0.3623840808868408
vn 0.3046620190143585 0.8808281421661377 0.3623850345611572
vn 0.3046620190143585 0.8808281421661377 0.3623850345611572
vn 0.3046620190143585 0.8808281421661377 0.3623850345611572
vn 0.3046620190143585 0.8808281421661377 0.3623850345611572
vn 0.797612726688385 0.5308268070220947 0.28642091155052185
vn 0.797612726688385 0.5308268070220947 0.28642091155052185
vn 0.797612726688385 0.5308268070220947 0.28642091155052185
vn 0.797612726688385 0.5308268070220947 0.28642091155052185
vn 0.9859033823013306 -0.035484012216329575 0.1635100543498993
vn 0.9859033823013306 -0.035484012216329575 0.1635100543498993
vn 0.9859033823013306 -0.035484012216329575 0.1635100543498993
vn 0.9859033823013306 -0.035484012216329575 0.1635100543498993
vn 0.7976120114326477 -0.6018030047416687 0.04059800133109093
vn 0.7976120114326477 -0.6018030047416687 0.04059800133109093
vn 0.7976120114326477 -0.6018030047416687 0.04059800133109093
vn 0.7976120114326477 -0.6018030047416687 0.04059800133109093
vn 0.30465802550315857 -0.9518051147460938 -0.03536500409245491
vn 0.30465802550315857 -0.9518051147460938 -0.03536500409245491
vn 0.30465802550315857 -0.9518051147460938 -0.03536500409245491
vn 0.30465802550315857 -0.9518051147460938 -0.03536500409245491
vn -0.3046649694442749 -0.9518029093742371 -0.03536399453878403
vn -0.3046649694442749 -0.9518029093742371 -0.03536399453878403
vn -0.3046649694442749 -0.9518029093742371 -0.03536399453878403
vn -0.3046649694442749 -0.9518029093742371 -0.03536399453878403
vn -0.9992828965187073 -0.00802999921143055 0.03700399771332741
vn -0.9992828965187073 -0.00802999921143055 0.03700399771332741
vn -0.9992828965187073 -0.00802999921143055 0.03700399771332741
vn -0.9992828965187073 -0.00802999921143055 0.03700399771332741
vn -0.8084372878074646 -0.582030177116394 -0.08757902681827545
vn -0.8084372878074646 -0.582030177116394 -0.08757902681827545
vn -0.8084372878074646 -0.582030177116394 -0.08757902681827545
vn -0.8084372878074646 -0.582030177116394 -0.08757902681827545
vn -0.30879485607147217 -0.9367825984954834 -0.16457292437553406
vn -0.30879485607147217 -0.9367825984954834 -0.16457292437553406
vn -0.30879485607147217 -0.9367825984954834 -0.16457292437553406
vn -0.30879485607147217 -0.9367825984954834 -0.16457292437553406
vn 0.3087959885597229 -0.9367820024490356 -0.16457399725914001
vn 0.3087959885597229 -0.9367820024490356 -0.16457399725914001
vn 0.3087959885597229 -0.9367820024490356 -0.16457399725914001
vn 0.3087959885597229 -0.9367820024490356 -0.16457399725914001
vn 0.8084363341331482 -0.5820313096046448 -0.08758004754781723
vn 0.8084363341331482 -0.5820313096046448 -0.08758004754781723
vn 0.8084363341331482 -0.5820313096046448 -0.08758004754781723
vn 0.8084363341331482 -0.5820313096046448 -0.08758004754781723
vn 0.9992828965187073 -0.008030999451875687 0.037001997232437134
vn 0.9992828965187073 -0.008030999451875687 0.037001997232437134
vn 0.9992828965187073 -0.008030999451875687 0.037001997232437134
vn 0.9992828965187073 -0.008030999451875687 0.037001997232437134
vn 0.8084371089935303 0.5659700632095337 0.1615780144929886
vn 0.8084371089935303 0.5659700632095337 0.1615780144929886
vn 0.8084371089935303 0.5659700632095337 0.1615780144929886
vn 0.8084371089935303 0.5659700632095337 0.1615780144929886
vn 0.30879494547843933 0.9207217693328857 0.23857294023036957
vn 0.30879494547843933 0.9207217693328857 0.23857294023036957
vn 0.30879494547843933 0.9207217693328857 0.23857294023036957
vn 0.30879494547843933 0.9207217693328857 0.23857294023036957
vn -0.30879515409469604 0.9207214117050171 0.23857411742210388
vn -0.30879515409469604 0.9207214117050171 0.23857411742210388
vn -0.30879515409469604 0.9207214117050171 0.23857411742210388
vn -0.30879515409469604 0.9207214117050171 0.23857411742210388
vn -0.8084365129470825 0.5659706592559814 0.16157890856266022
vn -0.8084365129470825 0.5659706592559814 0.16157890856266022
vn -0.8084365129470825 0.5659706592559814 0.16157890856266022
vn -0.8084365129470825 0.5659706592559814 0.16157890856266022
vn -0.8084891438484192 -0.5817000865936279 -0.0892770066857338
vn -0.8084891438484192 -0.5817000865936279 -0.0892770066857338
vn -0.8084891438484192 -0.5817000865936279 -0.0892770066857338
vn -0.8084891438484192 -0.5817000865936279 -0.0892770066857338
vn -0.9993470907211304 -0.007664001081138849 0.03531000390648842
vn -0.9993470907211304 -0.007664001081138849 0.03531000390648842
vn -0.9993470907211304 -0.007664001081138849 0.03531000390648842
vn -0.9993470907211304 -0.007664001081138849 0.03531000390648842
vn -0.8084881901741028 0.5663741230964661 0.159898042678833
vn -0.8084881901741028 0.5663741230964661 0.159898042678833
vn -0.8084881901741028 0.5663741230964661 0.159898042678833
vn -0.8084881901741028 0.5663741230964661 0.159898042678833
vn -0.3088149428367615 0.9211477637290955 0.23689694702625275
vn -0.3088149428367615 0.9211477637290955 0.23689694702625275
vn -0.3088149428367615 0.9211477637290955 0.23689694702625275
vn -0.3088149428367615 0.9211477637290955 0.23689694702625275
vn 0.3088149428367615 0.9211477637290955 0.23689694702625275
vn 0.3088149428367615 0.9211477637290955 0.23689694702625275
vn 0.3088149428367615 0.9211477637290955 0.23689694702625275
vn 0.3088149428367615 0.9211477637290955 0.23689694702625275
vn 0.8084889054298401 0.5663729310035706 0.15989798307418823
vn 0.8084889054298401 0.5663729310035706 0.15989798307418823
vn 0.8084889054298401 0.5663729310035706 0.15989798307418823
vn 0.8084889054298401 0.5663729310035706 0.15989798307418823
vn 0.9993470907211304 -0.007664001081138849 0.03531000390648842
vn 0.9993470907211304 -0.007664001081138849 0.03531000390648842
vn 0.9993470907211304 -0.007664001081138849 0.03531000390648842
vn 0.9993470907211304 -0.007664001081138849 0.03531000390648842
vn 0.8084883093833923 -0.5817011594772339 -0.08927702903747559
vn 0.8084883093833923 -0.5817011594772339 -0.08927702903747559
vn 0.8084883093833923 -0.5817011594772339 -0.08927702903747559
vn 0.8084883093833923 -0.5817011594772339 -0.08927702903747559
vn 0.30881503224372864 -0.9364750981330872 -0.1662760078907013
vn 0.30881503224372864 -0.9364750981330872 -0.1662760078907013
vn 0.30881503224372864 -0.9364750981330872 -0.1662760078907013
vn 0.30881503224372864 -0.9364750981330872 -0.1662760078907013
vn -0.30881503224372864 -0.9364750981330872 -0.1662760078907013
vn -0.30881503224372864 -0.9364750981330872 -0.1662760078907013
vn -0.30881503224372864 -0.9364750981330872 -0.1662760078907013
vn -0.30881503224372864 -0.9364750981330872 -0.1662760078907013
vn -0.8084891438484192 -0.5817000865936279 -0.0892770066857338
vn -0.8084891438484192 -0.5817000865936279 -0.0892770066857338
vn -0.8084891438484192 -0.5817000865936279 -0.0892770066857338
vn -0.8084891438484192 -0.5817000865936279 -0.0892770066857338
vn -0.30881503224372864 -0.9364750981330872 -0.1662760078907013
vn -0.30881503224372864 -0.9364750981330872 -0.1662760078907013
vn -0.30881503224372864 -0.9364750981330872 -0.1662760078907013
vn -0.30881503224372864 -0.9364750981330872 -0.1662760078907013
vn 0.30881503224372864 -0.9364750981330872 -0.1662760078907013
vn 0.30881503224372864 -0.9364750981330872 -0.1662760078907013
vn 0.30881503224372864 -0.9364750981330872 -0.1662760078907013
vn 0.30881503224372864 -0.9364750981330872 -0.1662760078907013
vn 0.8084883093833923 -0.5817011594772339 -0.08927702903747559
vn 0.8084883093833923 -0.5817011594772339 -0.08927702903747559
vn 0.8084883093833923 -0.5817011594772339 -0.08927702903747559
vn 0.8084883093833923 -0.5817011594772339 -0.08927702903747559
vn 0.9993470907211304 -0.007663000840693712 0.03531000390648842
vn 0.9993470907211304 -0.007663000840693712 0.03531000390648842
vn 0.9993470907211304 -0.007663000840693712 0.03531000390648842
vn 0.9993470907211304 -0.007663000840693712 0.03531000390648842
vn 0.8084889054298401 0.5663729310035706 0.15989798307418823
vn 0.8084889054298401 0.5663729310035706 0.15989798307418823
vn 0.8084889054298401 0.5663729310035706 0.15989798307418823
vn 0.8084889054298401 0.5663729310035706 0.15989798307418823
vn 0.3088149428367615 0.9211477637290955 0.23689694702625275
vn 0.3088149428367615 0.9211477637290955 0.23689694702625275
vn 0.3088149428367615 0.9211477637290955 0.23689694702625275
vn 0.3088149428367615 0.9211477637290955 0.23689694702625275
vn -0.3088149428367615 0.9211477637290955 0.23689694702625275
vn -0.3088149428367615 0.9211477637290955 0.23689694702625275
vn -0.3088149428367615 0.9211477637290955 0.23689694702625275
vn -0.3088149428367615 0.9211477637290955 0.23689694702625275
vn -0.8084881901741028 0.5663741230964661 0.159898042678833
vn -0.8084881901741028 0.5663741230964661 0.159898042678833
vn -0.8084881901741028 0.5663741230964661 0.159898042678833
vn -0.8084881901741028 0.5663741230964661 0.159898042678833
vn -0.9993470907211304 -0.007664001081138849 0.03531000390648842
vn -0.9993470907211304 -0.007664001081138849 0.03531000390648842
vn -0.9993470907211304 -0.007664001081138849 0.03531000390648842
vn -0.9993470907211304 -0.007664001081138849 0.03531000390648842
vn -0.8143417239189148 0.12309995293617249 -0.5671808123588562
vn -0.8143417239189148 0.12309995293617249 -0.5671808123588562
vn -0.8143417239189148 0.12309995293617249 -0.5671808123588562
vn -0.8143417239189148 0.12309995293617249 -0.5671808123588562
vn -0.7712700963020325 -0.13500401377677917 0.6220260858535767
vn -0.7712700963020325 -0.13500401377677917 0.6220260858535767
vn -0.7712700963020325 -0.13500401377677917 0.6220260858535767
vn -0.7712700963020325 -0.13500401377677917 0.6220260858535767
vn -0.6239689588546753 -0.5780279636383057 0.5258769392967224
vn -0.6239689588546753 -0.5780279636383057 0.5258769392967224
vn -0.6239689588546753 -0.5780279636383057 0.5258769392967224
vn -0.6239689588546753 -0.5780279636383057 0.5258769392967224
vn -0.6588159799575806 -0.344666987657547 -0.6687049865722656
vn -0.6588159799575806 -0.344666987657547 -0.6687049865722656
vn -0.6588159799575806 -0.344666987657547 -0.6687049865722656
vn -0.6588159799575806 -0.344666987657547 -0.6687049865722656
vn -0.2383349984884262 -0.8518360257148743 0.46644601225852966
vn -0.23833487927913666 -0.8518356084823608 0.46644678711891174
vn -0.2383349984884262 -0.8518360257148743 0.46644601225852966
vn -0.2383349984884262 -0.8518360257148743 0.46644601225852966
vn -0.25164592266082764 -0.6337687373161316 -0.731444776058197
vn -0.25164592266082764 -0.6337687373161316 -0.731444776058197
vn -0.25164592266082764 -0.6337687373161316 -0.731444776058197
vn -0.25164592266082764 -0.6337687373161316 -0.731444776058197
vn 0.23833496868610382 -0.8518338799476624 0.46644994616508484
vn 0.23833496868610382 -0.8518338799476624 0.46644994616508484
vn 0.23833496868610382 -0.8518338799476624 0.46644994616508484
vn 0.23833496868610382 -0.8518338799476624 0.46644994616508484
vn 0.25164616107940674 -0.6337703466415405 -0.7314434051513672
vn 0.25164616107940674 -0.6337703466415405 -0.7314434051513672
vn 0.25164616107940674 -0.6337703466415405 -0.7314434051513672
vn 0.25164616107940674 -0.6337703466415405 -0.7314434051513672
vn 0.6239689588546753 -0.5780279636383057 0.5258769392967224
vn 0.6239689588546753 -0.5780279636383057 0.5258769392967224
vn 0.6239689588546753 -0.5780279636383057 0.5258769392967224
vn 0.6239689588546753 -0.5780279636383057 0.5258769392967224
vn 0.6588161587715149 -0.3446720838546753 -0.6687021851539612
vn 0.6588161587715149 -0.3446720838546753 -0.6687021851539612
vn 0.6588161587715149 -0.3446720838546753 -0.6687021851539612
vn 0.6588161587715149 -0.3446720838546753 -0.6687021851539612
vn 0.7712678909301758 -0.1350029855966568 0.6220289468765259
vn 0.7712678909301758 -0.1350029855966568 0.6220289468765259
vn 0.7712678909301758 -0.1350029855966568 0.6220289468765259
vn 0.7712678909301758 -0.1350029855966568 0.6220289468765259
vn 0.8143405318260193 0.12309892475605011 -0.5671826601028442
vn 0.8143405318260193 0.12309892475605011 -0.5671826601028442
vn 0.8143405318260193 0.12309892475605011 -0.5671826601028442
vn 0.8143405318260193 0.12309892475605011 -0.5671826601028442
vn 0.6239699125289917 0.3080179691314697 0.7181829214096069
vn 0.6239699125289917 0.3080179691314697 0.7181829214096069
vn 0.6239699125289917 0.3080179691314697 0.7181829214096069
vn 0.6239699125289917 0.3080179691314697 0.7181829214096069
vn 0.6588177680969238 0.5908677577972412 -0.46565482020378113
vn 0.6588177680969238 0.5908677577972412 -0.46565482020378113
vn 0.6588177680969238 0.5908677577972412 -0.46565482020378113
vn 0.6588177680969238 0.5908677577972412 -0.46565482020378113
vn 0.23833493888378143 0.5818228721618652 0.7776108384132385
vn 0.23833493888378143 0.5818228721618652 0.7776108384132385
vn 0.23833493888378143 0.5818228721618652 0.7776108384132385
vn 0.23833493888378143 0.5818228721618652 0.7776108384132385
vn 0.25164595246315 0.879963755607605 -0.402911901473999
vn 0.25164595246315 0.879963755607605 -0.402911901473999
vn 0.25164595246315 0.879963755607605 -0.402911901473999
vn 0.25164595246315 0.879963755607605 -0.402911901473999
vn -0.23833487927913666 0.5818297266960144 0.7776056528091431
vn -0.23833487927913666 0.5818297266960144 0.7776056528091431
vn -0.23833487927913666 0.5818297266960144 0.7776056528091431
vn -0.23833487927913666 0.5818297266960144 0.7776056528091431
vn -0.25164514780044556 0.8799635171890259 -0.40291324257850647
vn -0.25164514780044556 0.8799635171890259 -0.40291324257850647
vn -0.25164514780044556 0.8799635171890259 -0.40291324257850647
vn -0.25164514780044556 0.8799635171890259 -0.40291324257850647
vn -0.6239671111106873 0.3080180585384369 0.7181851863861084
vn -0.6239671111106873 0.3080180585384369 0.7181851863861084
vn -0.6239671111106873 0.3080180585384369 0.7181851863861084
vn -0.6239671111106873 0.3080180585384369 0.7181851863861084
vn -0.6588152050971985 0.5908681154251099 -0.46565812826156616
vn -0.6588152050971985 0.5908681154251099 -0.46565812826156616
vn -0.6588152050971985 0.5908681154251099 -0.46565812826156616
vn -0.6588152050971985 0.5908681154251099 -0.46565812826156616
vn -9.999999974752427e-7 0.21209999918937683 -0.9772480130195618
vn -9.999999974752427e-7 0.21209999918937683 -0.9772480130195618
vn -9.999999974752427e-7 0.21209999918937683 -0.9772480130195618
vn -9.999999974752427e-7 0.21209999918937683 -0.9772480130195618
vn 0 0.21209904551506042 -0.9772482514381409
vn 0 0.21209904551506042 -0.9772482514381409
vn 0 0.21209904551506042 -0.9772482514381409
vn 0 0.21209904551506042 -0.9772482514381409
vn -0.0000010000002248489182 0.21209904551506042 -0.9772482514381409
vn -0.0000010000002248489182 0.21209904551506042 -0.9772482514381409
vn -0.0000010000002248489182 0.21209904551506042 -0.9772482514381409
vn -0.0000010000002248489182 0.21209904551506042 -0.9772482514381409
vn 0 0.21209904551506042 -0.9772482514381409
vn 0 0.21209904551506042 -0.9772482514381409
vn 0 0.21209904551506042 -0.9772482514381409
vn 0 0.21209904551506042 -0.9772482514381409
vn 0 0.21209999918937683 -0.9772480130195618
vn 0 0.21209999918937683 -0.9772480130195618
vn 0 0.21209999918937683 -0.9772480130195618
vn 0 0.21209999918937683 -0.9772480130195618
vn 0 0.21209904551506042 -0.9772482514381409
vn 0 0.21209904551506042 -0.9772482514381409
vn 0 0.21209904551506042 -0.9772482514381409
vn 0 0.21209904551506042 -0.9772482514381409
vn 0 0.21209904551506042 -0.9772482514381409
vn 0 0.21209904551506042 -0.9772482514381409
vn 0 0.21209904551506042 -0.9772482514381409
vn 0 0.21209904551506042 -0.9772482514381409
vn 0 0.21209904551506042 -0.9772482514381409
vn 0 0.21209904551506042 -0.9772482514381409
vn 0 0.21209904551506042 -0.9772482514381409
vn 0 0.21209904551506042 -0.9772482514381409
vn 0 0.21209904551506042 -0.9772482514381409
vn 0 0.21209904551506042 -0.9772482514381409
vn -0.7654958367347717 -0.4748808741569519 -0.4341709017753601
vn -0.7654958367347717 -0.4748808741569519 -0.4341709017753601
vn -0.7654958367347717 -0.4748808741569519 -0.4341709017753601
vn -0.7654958367347717 -0.4748808741569519 -0.4341709017753601
vn -0.9462043642997742 0.06862901896238327 -0.3162081241607666
vn -0.9462043642997742 0.06862901896238327 -0.3162081241607666
vn -0.9462043642997742 0.06862901896238327 -0.3162081241607666
vn -0.9462043642997742 0.06862901896238327 -0.3162081241607666
vn -0.7654935121536255 0.6121416687965393 -0.19824787974357605
vn -0.7654935121536255 0.6121416687965393 -0.19824787974357605
vn -0.7654935121536255 0.6121416687965393 -0.19824787974357605
vn -0.7654935121536255 0.6121416687965393 -0.19824787974357605
vn -0.2923930585384369 0.9480482339859009 -0.12534302473068237
vn -0.2923930585384369 0.9480482339859009 -0.12534302473068237
vn -0.2923930585384369 0.9480482339859009 -0.12534302473068237
vn -0.2923930585384369 0.9480482339859009 -0.12534302473068237
vn 0.29239216446876526 0.9480485320091248 -0.12534306943416595
vn 0.29239216446876526 0.9480485320091248 -0.12534306943416595
vn 0.29239216446876526 0.9480485320091248 -0.12534306943416595
vn 0.2923918664455414 0.9480486512184143 -0.1253429502248764
vn 0.7654951214790344 0.6121400594711304 -0.198247030377388
vn 0.7654951214790344 0.6121400594711304 -0.198247030377388
vn 0.7654951214790344 0.6121400594711304 -0.198247030377388
vn 0.7654951214790344 0.6121400594711304 -0.198247030377388
vn 0.9462049007415771 0.06862599402666092 -0.3162069618701935
vn 0.9462049007415771 0.06862599402666092 -0.3162069618701935
vn 0.9462049007415771 0.06862599402666092 -0.3162069618701935
vn 0.9462049007415771 0.06862599402666092 -0.3162069618701935
vn 0.7654942870140076 -0.47488218545913696 -0.4341721534729004
vn 0.7654942870140076 -0.47488218545913696 -0.4341721534729004
vn 0.7654942870140076 -0.47488218545913696 -0.4341721534729004
vn 0.765494704246521 -0.4748818278312683 -0.4341718554496765
vn 0.2923928201198578 -0.8107895255088806 -0.5070766806602478
vn 0.2923928201198578 -0.8107895255088806 -0.5070766806602478
vn 0.2923930585384369 -0.810789167881012 -0.5070770978927612
vn 0.2923930585384369 -0.810789167881012 -0.5070770978927612
vn -0.2923929691314697 -0.8107898831367493 -0.5070759654045105
vn -0.2923929691314697 -0.8107898831367493 -0.5070759654045105
vn -0.2923929691314697 -0.8107898831367493 -0.5070759654045105
vn -0.2923929691314697 -0.8107898831367493 -0.5070759654045105
vn 0 0.8497598767280579 -0.527169942855835
vn 0 0.8497598767280579 -0.527169942855835
vn 0 0.8497598767280579 -0.527169942855835
vn 0 0.8497598767280579 -0.527169942855835
vn -9.999999974752427e-7 0.4061239957809448 -0.9138180017471313
vn -9.999999974752427e-7 0.4061239957809448 -0.9138180017471313
vn -9.999999974752427e-7 0.4061239957809448 -0.9138180017471313
vn -9.999999974752427e-7 0.4061239957809448 -0.9138180017471313
vn 0 0.4061239957809448 0.9138180017471313
vn 0 0.4061239957809448 0.9138180017471313
vn 0 0.4061239957809448 0.9138180017471313
vn 0 0.4061239957809448 0.9138180017471313
vn 0 0.8597120046615601 0.5107790231704712
vn 0 0.8597120046615601 0.5107790231704712
vn 0 0.8597120046615601 0.5107790231704712
vn 0 0.8597120046615601 0.5107790231704712
vn 0 0.9770337343215942 0.21308495104312897
vn 0 0.9770337343215942 0.21308495104312897
vn 0 0.9770337343215942 0.21308495104312897
vn 0 0.9770337343215942 0.21308495104312897
vn 0 0.9735042452812195 -0.22866906225681305
vn 0 0.9735042452812195 -0.22866906225681305
vn 0 0.9735042452812195 -0.22866906225681305
vn 0 0.9735042452812195 -0.22866906225681305
vn 0 -0.8541449904441833 0.5200350284576416
vn 0 -0.8541449904441833 0.5200350284576416
vn 0 -0.8541449904441833 0.5200350284576416
vn 0 -0.8541449904441833 0.5200350284576416
vn 0.0000010000003385357559 -0.43332815170288086 0.9012362957000732
vn 0.0000010000003385357559 -0.43332815170288086 0.9012362957000732
vn 0.0000010000003385357559 -0.43332815170288086 0.9012362957000732
vn 0.0000010000003385357559 -0.43332815170288086 0.9012362957000732
vn 0 -0.43332815170288086 -0.9012362957000732
vn 0 -0.43332815170288086 -0.9012362957000732
vn 0 -0.43332815170288086 -0.9012362957000732
vn 0 -0.43332815170288086 -0.9012362957000732
vn 0 -0.8587211966514587 -0.5124431252479553
vn 0 -0.8587211966514587 -0.5124431252479553
vn 0 -0.8587211966514587 -0.5124431252479553
vn 0 -0.8587211966514587 -0.5124431252479553
vn 0 -0.9776191115379333 -0.21038302779197693
vn 0 -0.9776191115379333 -0.21038302779197693
vn 0 -0.9776191115379333 -0.21038302779197693
vn 0 -0.9776191115379333 -0.21038302779197693
vn 0 -0.9759905934333801 0.2178131341934204
vn 0 -0.9759905934333801 0.2178131341934204
vn 0 -0.9759905934333801 0.2178131341934204
vn 0 -0.9759905934333801 0.2178131341934204
vn 0.41804516315460205 -0.9084262847900391 0
vn 0.41804516315460205 -0.9084262847900391 0
vn 0.41804516315460205 -0.9084262847900391 0
vn 0.41804516315460205 -0.9084262847900391 0
vn 1 0 0
vn 1 0 0
vn 1 0 0
vn 1 0 0
vn 0.41804394125938416 0.9084268808364868 0
vn 0.41804394125938416 0.9084268808364868 0
vn 0.41804394125938416 0.9084268808364868 0
vn 0.41804394125938416 0.9084268808364868 0
vn 0.30901506543159485 0.9510572552680969 0
vn 0.30901506543159485 0.9510572552680969 0
vn 0.30901506543159485 0.9510572552680969 0
vn 0.30901506543159485 0.9510572552680969 0
vn -0.3090168535709381 0.9510565400123596 0
vn -0.3090168535709381 0.9510565400123596 0
vn -0.3090168535709381 0.9510565400123596 0
vn -0.3090168535709381 0.9510565400123596 0
vn -0.42077380418777466 0.9071655869483948 0
vn -0.42077380418777466 0.9071655869483948 0
vn -0.42077380418777466 0.9071655869483948 0
vn -0.42077380418777466 0.9071655869483948 0
vn -1 0 0
vn -1 0 0
vn -1 0 0
vn -1 0 0
vn -0.42077013850212097 -0.9071673154830933 0
vn -0.42077013850212097 -0.9071673154830933 0
vn -0.42077013850212097 -0.9071673154830933 0
vn -0.42077013850212097 -0.9071673154830933 0
vn -0.3090241253376007 -0.9510543346405029 0
vn -0.3090241253376007 -0.9510543346405029 0
vn -0.3090241253376007 -0.9510543346405029 0
vn -0.3090241253376007 -0.9510543346405029 0
vn 0.3090210556983948 -0.9510552287101746 0
vn 0.3090210556983948 -0.9510552287101746 0
vn 0.3090210556983948 -0.9510552287101746 0
vn 0.3090210556983948 -0.9510552287101746 0
vn -0.8090149760246277 0.5877879858016968 9.999999974752427e-7
vn -0.8090149760246277 0.5877879858016968 9.999999974752427e-7
vn -0.8090149760246277 0.5877879858016968 9.999999974752427e-7
vn -0.8090149760246277 0.5877879858016968 9.999999974752427e-7
vn -0.3090180456638336 0.9510562419891357 0
vn -0.3090180456638336 0.9510562419891357 0
vn -0.3090180456638336 0.9510562419891357 0
vn -0.3090180456638336 0.9510562419891357 0
vn 0.30901506543159485 0.9510572552680969 0
vn 0.30901506543159485 0.9510572552680969 0
vn 0.30901506543159485 0.9510572552680969 0
vn 0.30901506543159485 0.9510572552680969 0
vn 0.8090201020240784 0.5877810716629028 0
vn 0.8090201020240784 0.5877810716629028 0
vn 0.8090201020240784 0.5877810716629028 0
vn 0.8090201020240784 0.5877810716629028 0
vn 1 0 0
vn 1 0 0
vn 1 0 0
vn 1 0 0
vn 0.8090201020240784 -0.5877810716629028 0
vn 0.8090201020240784 -0.5877810716629028 0
vn 0.8090201020240784 -0.5877810716629028 0
vn 0.8090201020240784 -0.5877810716629028 0
vn 0.3090180456638336 -0.9510562419891357 0
vn 0.3090180456638336 -0.9510562419891357 0
vn 0.3090180456638336 -0.9510562419891357 0
vn 0.3090180456638336 -0.9510562419891357 0
vn -0.30901989340782166 -0.951055645942688 0
vn -0.30901989340782166 -0.951055645942688 0
vn -0.30901989340782166 -0.951055645942688 0
vn -0.30901989340782166 -0.951055645942688 0
vn -0.8090108036994934 -0.5877938866615295 0
vn -0.8090108036994934 -0.5877938866615295 0
vn -0.8090108036994934 -0.5877938866615295 0
vn -0.8090108036994934 -0.5877938866615295 0
vn -1 0 9.999999974752427e-7
vn -1 0 9.999999974752427e-7
vn -1 0 9.999999974752427e-7
vn -1 0 9.999999974752427e-7
vn 0 0.0000019999999949504854 -1
vn 0 0.0000019999999949504854 -1
vn 0 0.0000019999999949504854 -1
vn 0 0.0000019999999949504854 -1
vn 0 0 -1
vn 0 0 -1
vn 0 0 -1
vn 0 0 -1
vn 0 0 -1
vn 0 0 -1
vn 0 0.000003000000106112566 -1
vn 0 0.000003000000106112566 -1
vn 0 0.000003000000106112566 -1
vn 0 0.000003000000106112566 -1
vn 0 -0.000003000000106112566 -1
vn 0 -0.000003000000106112566 -1
vn 0 -0.000003000000106112566 -1
vn 0 -0.000003000000106112566 -1
vn 0 9.999999974752427e-7 -1
vn 0 9.999999974752427e-7 -1
vn 0 9.999999974752427e-7 -1
vn 0 9.999999974752427e-7 -1
vn 0 0 -1
vn 0 0 -1
vn 0 0 -1
vn 0 0 -1
vn 0 -0.0000019999999949504854 -1
vn 0 -0.0000019999999949504854 -1
vn 0 -0.0000019999999949504854 -1
vn 0 -0.0000019999999949504854 -1
vn 0 0 -1
vn 0 0 -1
vn 0 0 -1
vn 0 0 -1
vn 0 -0.000003000000106112566 -1
vn 0 -0.000003000000106112566 -1
vn 0 -0.000003000000106112566 -1
vn 0 -0.000003000000106112566 -1
vn 0 -1 0
vn 0 -1 0
vn 0 -1 0
vn 0 -1 0
vn -0.45419272780418396 0.8909034729003906 0
vn -0.45419272780418396 0.8909034729003906 0
vn -0.45419272780418396 0.8909034729003906 0
vn -0.45419272780418396 0.8909034729003906 0
vn 0 9.999999974752427e-7 1
vn 0 9.999999974752427e-7 1
vn 0 9.999999974752427e-7 1
vn 0 9.999999974752427e-7 1
vn 0.45419272780418396 0.8909034729003906 0
vn 0.45419272780418396 0.8909034729003906 0
vn 0.45419272780418396 0.8909034729003906 0
vn 0.45419272780418396 0.8909034729003906 0
vn 0 0 -1
vn 0 0 -1
vn 0 0 -1
vn 0 0 -1
vn -1 0 0
vn -1 0 0
vn -1 0 0
vn -1 0 0
vn 0 0 1
vn 0 0 1
vn 0 0 1
vn 0 0 1
vn 1 0 0
vn 1 0 0
vn 1 0 0
vn 1 0 0
vn 0 0 -1
vn 0 0 -1
vn -0.30901703238487244 0.9119890928268433 0.2697860300540924
vn -0.30901703238487244 0.9119890928268433 0.2697860300540924
vn -0.30901703238487244 0.9119890928268433 0.2697860300540924
vn -0.30901703238487244 0.9119890928268433 0.2697860300540924
vn 0.3090171217918396 0.9119892716407776 0.269785076379776
vn 0.3090161979198456 0.9119896292686462 0.26978516578674316
vn 0.3090171217918396 0.9119892716407776 0.269785076379776
vn 0.3090161979198456 0.9119896292686462 0.26978516578674316
vn 0.8090188503265381 0.5636378526687622 0.1667359620332718
vn 0.8090188503265381 0.5636378526687622 0.1667359620332718
vn 0.8090188503265381 0.5636378526687622 0.1667359620332718
vn 0.8090188503265381 0.5636378526687622 0.1667359620332718
vn 1 -9.999999974752427e-7 0
vn 1 -9.999999974752427e-7 0
vn 1 -9.999999974752427e-7 0
vn 1 -9.999999974752427e-7 0
vn 0.8090198040008545 -0.5636368989944458 -0.1667349487543106
vn 0.8090198040008545 -0.5636368989944458 -0.1667349487543106
vn 0.8090198040008545 -0.5636368989944458 -0.1667349487543106
vn 0.8090198040008545 -0.5636368989944458 -0.1667349487543106
vn 0.30901801586151123 -0.9119890928268433 -0.2697850167751312
vn 0.30901801586151123 -0.9119890928268433 -0.2697850167751312
vn 0.30901801586151123 -0.9119890928268433 -0.2697850167751312
vn 0.30901801586151123 -0.9119890928268433 -0.2697850167751312
vn -0.30901792645454407 -0.9119887351989746 -0.26978594064712524
vn -0.30901792645454407 -0.9119887351989746 -0.26978594064712524
vn -0.30901792645454407 -0.9119887351989746 -0.26978594064712524
vn -0.30901792645454407 -0.9119887351989746 -0.26978594064712524
vn -0.8090150952339172 -0.5636430382728577 -0.16673702001571655
vn -0.8090150952339172 -0.5636430382728577 -0.16673702001571655
vn -0.8090150952339172 -0.5636430382728577 -0.16673702001571655
vn -0.8090150952339172 -0.5636430382728577 -0.16673702001571655
vn -1 9.999999974752427e-7 -9.999999974752427e-7
vn -1 9.999999974752427e-7 -9.999999974752427e-7
vn -1 9.999999974752427e-7 -9.999999974752427e-7
vn -1 9.999999974752427e-7 -9.999999974752427e-7
vn -0.8090150952339172 0.5636430382728577 0.16673702001571655
vn -0.8090150952339172 0.5636430382728577 0.16673702001571655
vn -0.8090150952339172 0.5636430382728577 0.16673702001571655
vn -0.8090150952339172 0.5636430382728577 0.16673702001571655
vn 0.8090201020240784 -0.563636064529419 -0.16673602163791656
vn 0.8090201020240784 -0.563636064529419 -0.16673602163791656
vn 0.8090201020240784 -0.563636064529419 -0.16673602163791656
vn 0.8090201020240784 -0.563636064529419 -0.16673602163791656
vn 1 0 0
vn 1 0 0
vn 1 0 0
vn 1 0 0
vn 0.8090201020240784 0.563636064529419 0.16673602163791656
vn 0.8090202808380127 0.5636361837387085 0.16673505306243896
vn 0.8090201020240784 0.563636064529419 0.16673602163791656
vn 0.8090201020240784 0.563636064529419 0.16673602163791656
vn 0.30901801586151123 0.9119890928268433 0.2697850167751312
vn 0.30901801586151123 0.9119890928268433 0.2697850167751312
vn 0.30901801586151123 0.9119890928268433 0.2697850167751312
vn 0.30901801586151123 0.9119890928268433 0.2697850167751312
vn -0.30902013182640076 0.9119883179664612 0.269785076379776
vn -0.30902013182640076 0.9119883179664612 0.269785076379776
vn -0.30902013182640076 0.9119883179664612 0.269785076379776
vn -0.30902013182640076 0.9119883179664612 0.269785076379776
vn -0.8090136647224426 0.5636447072029114 0.16673792898654938
vn -0.8090136647224426 0.5636447072029114 0.16673792898654938
vn -0.8090136647224426 0.5636447072029114 0.16673792898654938
vn -0.8090136647224426 0.5636447072029114 0.16673792898654938
vn -1 0 0
vn -1 0 0
vn -1 0 0
vn -1 0 0
vn -0.8090141415596008 -0.5636440515518188 -0.16673801839351654
vn -0.8090141415596008 -0.5636440515518188 -0.16673801839351654
vn -0.8090141415596008 -0.5636440515518188 -0.16673801839351654
vn -0.8090141415596008 -0.5636440515518188 -0.16673801839351654
vn -0.3090161979198456 -0.9119896292686462 -0.26978516578674316
vn -0.3090161979198456 -0.9119896292686462 -0.26978516578674316
vn -0.3090161979198456 -0.9119896292686462 -0.26978516578674316
vn -0.3090159296989441 -0.9119897484779358 -0.26978492736816406
vn 0.3090140223503113 -0.9119901061058044 -0.2697860300540924
vn 0.3090140223503113 -0.9119901061058044 -0.2697860300540924
vn 0.3090140223503113 -0.9119901061058044 -0.2697860300540924
vn 0.3090140223503113 -0.9119901061058044 -0.2697860300540924
vn 0.3090171217918396 0.9119892716407776 0.269785076379776
vn 0.3090171217918396 0.9119892716407776 0.269785076379776
vn 0.3090171217918396 0.9119892716407776 0.269785076379776
vn 0.3090171217918396 0.9119892716407776 0.269785076379776
vn 0.8090193271636963 0.5636371970176697 0.16673606634140015
vn 0.8090188503265381 0.5636378526687622 0.1667359620332718
vn 0.8090188503265381 0.5636378526687622 0.1667359620332718
vn 0.8090193271636963 0.5636371970176697 0.16673606634140015
vn 1 0 0
vn 1 0 0
vn 1 0 0
vn 1 0 0
vn 0.8090201020240784 -0.563636064529419 -0.16673602163791656
vn 0.8090201020240784 -0.563636064529419 -0.16673602163791656
vn 0.8090201020240784 -0.563636064529419 -0.16673602163791656
vn 0.8090201020240784 -0.563636064529419 -0.16673602163791656
vn 0.3090161383152008 -0.9119893908500671 -0.26978611946105957
vn 0.3090161383152008 -0.9119893908500671 -0.26978611946105957
vn 0.3090161383152008 -0.9119893908500671 -0.26978611946105957
vn 0.3090161383152008 -0.9119893908500671 -0.26978611946105957
vn -0.30901893973350525 -0.9119887351989746 -0.26978492736816406
vn -0.30901893973350525 -0.9119887351989746 -0.26978492736816406
vn -0.30901893973350525 -0.9119887351989746 -0.26978492736816406
vn -0.30901893973350525 -0.9119887351989746 -0.26978492736816406
vn -0.8090141415596008 -0.5636440515518188 -0.16673801839351654
vn -0.8090141415596008 -0.5636440515518188 -0.16673801839351654
vn -0.8090141415596008 -0.5636440515518188 -0.16673801839351654
vn -0.8090141415596008 -0.5636440515518188 -0.16673801839351654
vn -1 0 0
vn -1 0 0
vn -1 0 0
vn -1 0 0
vn -0.809013307094574 0.5636451840400696 0.16673806309700012
vn -0.8090136647224426 0.5636447072029114 0.16673792898654938
vn -0.8090136647224426 0.5636447072029114 0.16673792898654938
vn -0.809013307094574 0.5636451840400696 0.16673806309700012
vn -0.30902013182640076 0.9119883179664612 0.269785076379776
vn -0.30902013182640076 0.9119883179664612 0.269785076379776
vn -0.30902013182640076 0.9119883179664612 0.269785076379776
vn -0.30902013182640076 0.9119883179664612 0.269785076379776
vn 1 0 0
vn 1 0 0
vn 1 0 0
vn 1 0 0
vn 0 -0.2704341411590576 0.962738573551178
vn 0 -0.2704341411590576 0.962738573551178
vn 0 -0.2704341411590576 0.962738573551178
vn 0 -0.2704341411590576 0.962738573551178
vn -1 0 0
vn -1 0 0
vn -1 0 0
vn -1 0 0
vn 0 0.2704341411590576 -0.962738573551178
vn 0 0.27043387293815613 -0.9627385139465332
vn 0 0.2704341411590576 -0.962738573551178
vn 0 0.2704341411590576 -0.962738573551178
vn 0 0.962738573551178 0.2704341411590576
vn 0 0.962738573551178 0.2704341411590576
vn 0 0.962738573551178 0.2704341411590576
vn 0 0.9627385139465332 0.27043387293815613
vn 0.43325573205947876 -0.809906542301178 -0.3953997492790222
vn 0.43325573205947876 -0.809906542301178 -0.3953997492790222
vn 0.43325573205947876 -0.809906542301178 -0.3953997492790222
vn 0.43325573205947876 -0.809906542301178 -0.3953997492790222
vn -0.26248010993003845 -0.8786174058914185 -0.39891818165779114
vn -0.26247987151145935 -0.8786175847053528 -0.3989178240299225
vn -0.26247987151145935 -0.8786175847053528 -0.3989178240299225
vn -0.26248010993003845 -0.8786174058914185 -0.39891818165779114
vn -0.4282290041446686 0.8519480228424072 0.30133798718452454
vn -0.4282290041446686 0.8519480228424072 0.30133798718452454
vn -0.4282290041446686 0.8519480228424072 0.30133798718452454
vn -0.4282290041446686 0.8519480228424072 0.30133798718452454
vn 0.2472400665283203 0.9121942520141602 0.3267630934715271
vn 0.2472400665283203 0.9121942520141602 0.3267630934715271
vn 0.2472400665283203 0.9121942520141602 0.3267630934715271
vn 0.2472400665283203 0.9121942520141602 0.3267630934715271
vn 1 0 0
vn 1 0 0
vn 1 0 0
vn 1 0 0
vn 1 0 0
vn 1 0 0
vn 1 0 0
vn 1 0 0
vn 1 0 0
vn 1 0 0
vn 1 0 0
vn 1 0 0
vn 1 0 0
vn 0 0 1
vn 0 0 1
vn 0 0 1
vn 0 0 1
vn 0 0 1
vn 0 0 1
vn 0 0 1
vn 0 0 1
vn 0 0 1
vn 0 0 1
vn 0 0 1
vn 0 0 1
vn 0 0 1
vn 0 0 1
vn -0.023022007197141647 -0.7929803133010864 0.6088122129440308
vn -0.12345598638057709 -0.7913928627967834 0.5987119674682617
vn -0.14154891669750214 -0.7902405261993408 0.5962246656417847
vn -0.023022007197141647 -0.7929803133010864 0.6088122129440308
vn -0.479638934135437 -0.7450749278068542 0.46347594261169434
vn -0.5068879723548889 -0.7384830117225647 0.4446429908275604
vn -0.7133330702781677 -0.6667950749397278 0.21573202311992645
vn -0.7198739647865295 -0.6636989116668701 0.2031879723072052
vn -0.7906901240348816 -0.6120920777320862 0.012349002063274384
vn -0.7914644479751587 -0.6111553311347961 0.00855900440365076
vn -0.8075532913208008 -0.5798541903495789 -0.1078280359506607
vn -0.8076789975166321 -0.5793399810791016 -0.10963500291109085
vn -0.8096781969070435 -0.5678741335868835 -0.14812202751636505
vn -0.8096781969070435 -0.5678741335868835 -0.14812202751636505
vn 1 0 0
vn 1 0 0
vn 1 0 0
vn 1 0 0
vn 1 0 0
vn 1 0 0
vn 1 0 0
vn 1 0 0
vn 0 0 -1
vn 0 0 -1
vn 0 0 -1
vn 0 0 -1
vn 0 0 -1
vn 0 0 -1
vn -1 0 0
vn -1 0 0
vn -1 0 0
vn -1 0 0
vn -1 0 0
vn -1 0 0
vn -1 0 0
vn -1 0 0
vn 0 -0.1270800530910492 0.9918924570083618
vn 0 -0.1270800530910492 0.9918924570083618
vn 0 -0.09772396087646484 0.9952136278152466
vn 0 -0.09772396087646484 0.9952136278152466
vn 0 0 1
vn 0 0 1
vn 0 0 1
vn 0 0 1
vn 0 0.39118215441703796 0.9203133583068848
vn 0.0000010000003385357559 0.39118215441703796 0.9203133583068848
vn -0.22993099689483643 0.31647399067878723 0.9203130006790161
vn -0.2299310863018036 0.316473126411438 0.9203133583068848
vn 0.22992897033691406 0.31647297739982605 0.9203138947486877
vn 0.22992996871471405 0.31647196412086487 0.9203138947486877
vn 0.37203413248062134 0.12088104337453842 0.920314371585846
vn 0.37203413248062134 0.12088104337453842 0.920314371585846
vn 0.22992996871471405 0.31647196412086487 0.9203138947486877
vn 0.22992897033691406 0.31647297739982605 0.9203138947486877
vn 0.3720341920852661 -0.12088005989789963 0.9203144311904907
vn 0.37203413248062134 -0.12088104337453842 0.920314371585846
vn 0.22992996871471405 -0.31647196412086487 0.9203138947486877
vn 0.22992996871471405 -0.31647196412086487 0.9203138947486877
vn 9.999996564147295e-7 -0.39117884635925293 0.9203146696090698
vn 0 -0.39117884635925293 0.9203146696090698
vn -0.2299300581216812 -0.3164710998535156 0.9203142523765564
vn -0.22992996871471405 -0.31647196412086487 0.9203138947486877
vn -0.37203603982925415 -0.1208840161561966 0.9203131198883057
vn -0.37203603982925415 -0.1208840161561966 0.9203131198883057
vn -0.3720378279685974 0.12088294327259064 0.9203125834465027
vn -0.3720369040966034 0.12088397145271301 0.920312762260437
vn 1 0 0
vn 1 0 0
vn 1 0 0
vn 1 0 0
vn 1 0 0
vn 1 0 0
vn 1 0 0
vn 1 0 0
vn 1 0 0
vn 1 0 0
vn 1 0 0
vn 1 0 0
vn 1 0 0
vn 1 0 0
vn -1 9.999999974752427e-7 0
vn -1 9.999999974752427e-7 -9.999999974752427e-7
vn -1 9.999999974752427e-7 -9.999999974752427e-7
vn -1 0 0
vn -1 0 -9.999999974752427e-7
vn -1 0 -9.999999974752427e-7
vn -1 0 9.999999974752427e-7
vn -1 9.999999974752427e-7 9.999999974752427e-7
vn -1 9.999999974752427e-7 9.999999974752427e-7
vn -1 0 9.999999974752427e-7
vn -1 9.999999974752427e-7 0
vn -1 0 0
vn -1 0 0
vn -1 0 0
vn 0.9275326132774353 -0.14895594120025635 -0.3427758812904358
vn 0.9269868731498718 -0.14805898070335388 -0.3446359634399414
vn 0.8823629021644592 -0.14180497825145721 -0.44869494438171387
vn 0.8701171278953552 -0.14522100985050201 -0.47096407413482666
vn 0.7885707020759583 -0.17341893911361694 -0.5899847745895386
vn 0.7671281695365906 -0.18220704793930054 -0.6150731444358826
vn 0.688139796257019 -0.21601495146751404 -0.692676842212677
vn 0.6684487462043762 -0.22522592544555664 -0.7088367342948914
vn 0.6053901314735413 -0.2558130621910095 -0.7536991834640503
vn 0.5909458994865417 -0.2632819414138794 -0.7625388503074646
vn 0.527059018611908 -0.3007029891014099 -0.7948499917984009
vn 0.5197910070419312 -0.30532601475715637 -0.797868013381958
vn 0.43948501348495483 -0.36948299407958984 -0.8187400102615356
vn 0.44341006875038147 -0.36555904150009155 -0.818385124206543
vn 0.3888559341430664 -0.4293459355831146 -0.815139889717102
vn 0.3900371789932251 -0.42670220136642456 -0.8159633874893188
vn 0.3706289827823639 -0.47422894835472107 -0.798586905002594
vn 0.3722579777240753 -0.4698869287967682 -0.8003938794136047
vn 0.36339882016181946 -0.49307477474212646 -0.790454626083374
vn 0.36339882016181946 -0.49307477474212646 -0.790454626083374
vn 0.9381413459777832 -0.16789406538009644 -0.30282410979270935
vn 0.9381413459777832 -0.16789406538009644 -0.30282410979270935
vn 0 0 -1
vn 0 0 -1
vn 0 0 -1
vn 0 0 -1
vn 0 0 -1
vn 0 0 -1
vn 0 0 -1
vn 0 0 -1
vn 0 0 -1
vn 0 0 -1
vn 0 0 -1
vn 0 0 -1
vn 0 0 -1
vn 0 0 -1
vn 0.2492160052061081 0.9328979849815369 0.259986013174057
vn 0.2532898783683777 0.926995575428009 0.27662888169288635
vn 0.16834698617458344 0.9793458580970764 0.11198698729276657
vn 0.16458606719970703 0.9800534844398499 0.11138605326414108
vn 0.06151699274778366 0.9931018948554993 0.09982198476791382
vn 0.06365200132131577 0.9929530024528503 0.09996400028467178
vn -0.021129004657268524 0.9987022280693054 0.04634100943803787
vn -0.01787699945271015 0.9985389709472656 0.050992999225854874
vn -0.0867220014333725 0.9915210008621216 -0.09677600115537643
vn -0.08581098914146423 0.9918468594551086 -0.09421498328447342
vn -0.24467788636684418 0.9153575897216797 -0.31977084279060364
vn -0.25418591499328613 0.9093577265739441 -0.32932987809181213
vn -0.5357678532600403 0.6622958183288574 -0.5237528681755066
vn -0.5481329560279846 0.6484599113464355 -0.5282519459724426
vn -0.7500238418579102 0.3635329008102417 -0.5525468587875366
vn -0.7515978217124939 0.36102092266082764 -0.5520548820495605
vn -0.8755499720573425 0.10484100133180618 -0.4716149866580963
vn -0.8768913149833679 0.1009400337934494 -0.4699711799621582
vn -0.9379852414131165 -0.1611340492963791 -0.3069520592689514
vn -0.9409478902816772 -0.21425096690654755 -0.2621329724788666
vn -0.9332085251808167 -0.317199170589447 -0.16883909702301025
vn -0.9332086443901062 -0.31719887256622314 -0.16883893311023712
vn 0.28110596537590027 0.8731708526611328 0.39818593859672546
vn 0.28110596537590027 0.8731708526611328 0.39818593859672546
vn -0.5227078199386597 0.7341497540473938 0.43335986137390137
vn -0.5253911018371582 0.7342631816864014 0.4299090802669525
vn -0.5367152690887451 0.740325391292572 0.4047902524471283
vn -0.5423870086669922 0.7394310235977173 0.39882099628448486
vn -0.4556041359901428 0.7652342915534973 0.45479816198349
vn -0.467081218957901 0.7604043483734131 0.45124322175979614
vn -0.39723092317581177 0.8039078116416931 0.4426508843898773
vn -0.4037418067455292 0.7972306609153748 0.44879379868507385
vn -0.4014171361923218 0.8318002820014954 0.38337016105651855
vn -0.396140992641449 0.8289260268211365 0.3949100077152252
vn -0.4983521103858948 0.8143681883811951 0.29740506410598755
vn -0.489838182926178 0.8173633217811584 0.30327510833740234
vn -0.6663890480995178 0.7149880528450012 0.21146602928638458
vn -0.6778169870376587 0.7052670121192932 0.20775599777698517
vn -0.8072350025177002 0.5607939958572388 0.18407000601291656
vn -0.8118289709091187 0.553708016872406 0.18531399965286255
vn -0.8830982446670532 0.4098650813102722 0.22836005687713623
vn -0.8875971436500549 0.3971240520477295 0.23337502777576447
vn -0.8989574313163757 0.37676018476486206 0.2234441041946411
vn -0.891382098197937 0.4056890606880188 0.20212502777576447
vn -0.8762657642364502 0.4521898925304413 0.16638095676898956
vn -0.8762657642364502 0.4521898925304413 0.16638095676898956
vn -0.47512495517730713 0.7300089597702026 0.4912669360637665
vn -0.47512495517730713 0.7300089597702026 0.4912669360637665
vn -0.9272557497024536 0.1482609659433365 0.34382492303848267
vn -0.9276706576347351 0.14891093969345093 0.34242188930511475
vn -0.8701104521751404 0.14286690950393677 0.4716957211494446
vn -0.8822216987609863 0.13988995552062988 0.4495728611946106
vn -0.7645653486251831 0.17638808488845825 0.6199412941932678
vn -0.7852712869644165 0.16855405271053314 0.5957672595977783
vn -0.6670908331871033 0.2177109569311142 0.7124547958374023
vn -0.6875540614128113 0.20809003710746765 0.6956780552864075
vn -0.5895466208457947 0.25821784138679504 0.765348494052887
vn -0.606247067451477 0.2488190233707428 0.7553501129150391
vn -0.517157256603241 0.3045191466808319 0.7998853325843811
vn -0.5267599821090698 0.2980090081691742 0.7960619926452637
vn -0.4408242106437683 0.36764517426490784 0.8188474178314209
vn -0.43757399916648865 0.37096598744392395 0.8190929889678955
vn -0.3883219361305237 0.42894792556762695 0.8156038522720337
vn -0.38724181056022644 0.431528776884079 0.8147555589675903
vn -0.3719870150089264 0.47042104601860046 0.8002061247825623
vn -0.3703218698501587 0.4748998284339905 0.7983307242393494
vn -0.3631410300731659 0.4937780499458313 0.7901341319084167
vn -0.3631410300731659 0.4937780499458313 0.7901341319084167
vn -0.9380961060523987 0.16652502119541168 0.30371904373168945
vn -0.9380961060523987 0.16652502119541168 0.30371904373168945
vn -0.8069708943367004 -0.5863999128341675 0.07023699581623077
vn -0.8072218298912048 -0.586280882358551 0.06831998378038406
vn -0.7592488527297974 -0.588426947593689 0.2780199646949768
vn -0.7660136222839355 -0.5891066789627075 0.2572478950023651
vn -0.6890092492103577 -0.5799881815910339 0.43460315465927124
vn -0.7023590207099915 -0.5816580057144165 0.41032400727272034
vn -0.593607485294342 -0.5605815052986145 0.5773894786834717
vn -0.6123716831207275 -0.5652487277984619 0.5527157783508301
vn -0.46481582522392273 -0.5171808004379272 0.7186587452888489
vn -0.4903438687324524 -0.5270708799362183 0.6940888166427612
vn -0.2573918402194977 -0.41197577118873596 0.8740854859352112
vn -0.2859969437122345 -0.4283769130706787 0.8571458458900452
vn 0.03970399498939514 -0.19005197286605835 0.9809708595275879
vn 0.040960997343063354 -0.18889397382736206 0.9811428785324097
vn 0.26288890838623047 0.056751981377601624 0.9631556272506714
vn 0.2672700583934784 0.06402801722288132 0.9614922404289246
vn 0.36244791746139526 0.2663119435310364 0.893145740032196
vn 0.36753788590431213 0.2805749177932739 0.8866757154464722
vn 0.4007810652256012 0.3795790672302246 0.8338431119918823
vn 0.4007810652256012 0.3795790672302246 0.8338431119918823
vn -0.8170758485794067 -0.5734368562698364 -0.05964398384094238
vn -0.8170758485794067 -0.5734368562698364 -0.05964398384094238
vn -0.2201930731534958 -0.949371337890625 -0.2240740805864334
vn -0.2186940312385559 -0.9514251351356506 -0.21671003103256226
vn -0.18824893236160278 -0.9777056574821472 -0.09302697330713272
vn -0.18913491070270538 -0.9773215055465698 -0.09523995220661163
vn -0.17371204495429993 -0.9842732548713684 -0.03210100904107094
vn -0.17395591735839844 -0.9841794967651367 -0.033616986125707626
vn -0.14295896887779236 -0.9872267842292786 0.07032798230648041
vn -0.14294099807739258 -0.9872260093688965 0.0703750029206276
vn -0.05471799150109291 -0.9758709073066711 0.2113809734582901
vn -0.0547269843518734 -0.9758727550506592 0.21136996150016785
vn 0.16355298459529877 -0.9044118523597717 0.3940679430961609
vn 0.15564708411693573 -0.908037543296814 0.38889822363853455
vn 0.5214099884033203 -0.6508259773254395 0.5518670082092285
vn 0.5072159171104431 -0.664501965045929 0.5487889647483826
vn 0.7611338496208191 -0.3419359028339386 0.5511398911476135
vn 0.7588890194892883 -0.34553200006484985 0.5519919991493225
vn 0.8837897777557373 -0.07951097935438156 0.4610788822174072
vn 0.882247269153595 -0.08431302756071091 0.4631751775741577
vn 0.9411197900772095 0.24158693850040436 0.23649394512176514
vn 0.9396146535873413 0.18515793979167938 0.2878209054470062
vn 0.9303215146064758 0.33804020285606384 0.14223508536815643
vn 0.9303215146064758 0.33804020285606384 0.14223508536815643
vn -0.24041806161403656 -0.9131092429161072 -0.3292880952358246
vn -0.24041806161403656 -0.9131092429161072 -0.3292880952358246
vn 0.4777856767177582 -0.7808294892311096 -0.4025247097015381
vn 0.4818159341812134 -0.7806189060211182 -0.3981049358844757
vn 0.49187299609184265 -0.7774019837379456 -0.3920550048351288
vn 0.48872125148773193 -0.7772953510284424 -0.3961861729621887
vn 0.4335190951824188 -0.7862091660499573 -0.44038212299346924
vn 0.4248388409614563 -0.7891517281532288 -0.44356685876846313
vn 0.3851620554924011 -0.8120450973510742 -0.438444048166275
vn 0.38065600395202637 -0.8172309994697571 -0.43270599842071533
vn 0.38526907563209534 -0.8381052017211914 -0.3861960768699646
vn 0.3908260464668274 -0.840907096862793 -0.3743400275707245
vn 0.48031118512153625 -0.8255993127822876 -0.2961201071739197
vn 0.4898850619792938 -0.8221991062164307 -0.2898300290107727
vn 0.6745389699935913 -0.7098259329795837 -0.20284096896648407
vn 0.6632528305053711 -0.7194388508796692 -0.20616395771503448
vn 0.8151071667671204 -0.5492921471595764 -0.18406105041503906
vn 0.809945821762085 -0.5574378967285156 -0.18234795331954956
vn 0.8904552459716797 -0.38901010155677795 -0.23613706231117249
vn 0.8855428695678711 -0.40341195464134216 -0.23037497699260712
vn 0.8915054202079773 -0.4051901698112488 -0.20258109271526337
vn 0.8994007706642151 -0.3758869171142578 -0.2231309413909912
vn 0.8774122595787048 -0.4481361210346222 -0.1712360382080078
vn 0.8774122595787048 -0.4481361210346222 -0.1712360382080078
vn 0.43745720386505127 -0.7814123630523682 -0.4450012147426605
vn 0.43745720386505127 -0.7814123630523682 -0.4450012147426605
vn 0 0.11405505239963531 0.9934744834899902
vn 0.2299320548772812 0.04241001233458519 0.9722822308540344
vn 0.2299320548772812 0.04241001233458519 0.9722822308540344
vn 0 0.11405505239963531 0.9934744834899902
vn -0.22993208467960358 0.042408015578985214 0.972282350063324
vn 0 0.11405505239963531 0.9934744834899902
vn 0 0.11405505239963531 0.9934744834899902
vn -0.22993208467960358 0.042408015578985214 0.972282350063324
vn -0.37203720211982727 -0.14515109360218048 0.9167985320091248
vn -0.37203720211982727 -0.14515109360218048 0.9167985320091248
vn -0.3720379173755646 -0.3769828975200653 0.8482168316841125
vn -0.3720380365848541 -0.37698206305503845 0.8482171297073364
vn -0.2299319952726364 -0.5645430088043213 0.792730987071991
vn -0.2299319952726364 -0.5645430088043213 0.792730987071991
vn 0 -0.6361820697784424 0.7715390920639038
vn 0 -0.6361820697784424 0.7715390920639038
vn 0.22993099689483643 -0.5645419955253601 0.7927320003509521
vn 0.22993099689483643 -0.5645419955253601 0.7927320003509521
vn 0.37203797698020935 -0.37698495388031006 0.8482158780097961
vn 0.37203797698020935 -0.37698495388031006 0.8482158780097961
vn 0.3720381259918213 -0.1451500505208969 0.9167983531951904
vn 0.3720378279685974 -0.14514893293380737 0.9167985916137695
vn 0 0.11405603587627411 0.9934743642807007
vn 0 0.11405603587627411 0.9934743642807007
vn -0.2299320548772812 0.04241101071238518 0.9722822308540344
vn -0.2299329936504364 0.04241099953651428 0.9722819924354553
vn 0.2299320548772812 0.042409010231494904 0.9722822308540344
vn 0.22993208467960358 0.042408015578985214 0.972282350063324
vn 0 0.11405603587627411 0.9934743642807007
vn 0 0.11405603587627411 0.9934743642807007
vn 0.372036874294281 -0.14515095949172974 0.9167986512184143
vn 0.37203681468963623 -0.14515192806720734 0.9167985916137695
vn 0.3720378875732422 -0.37698084115982056 0.8482177257537842
vn 0.3720378875732422 -0.37698084115982056 0.8482177257537842
vn 0.229932963848114 -0.5645399689674377 0.7927328944206238
vn 0.229932963848114 -0.5645399689674377 0.7927328944206238
vn 0 -0.6361803412437439 0.7715404629707336
vn 0 -0.6361809372901917 0.7715398669242859
vn -0.22993093729019165 -0.5645408630371094 0.792732834815979
vn -0.22993093729019165 -0.5645408630371094 0.792732834815979
vn -0.3720369040966034 -0.3769839107990265 0.8482168316841125
vn -0.3720369040966034 -0.3769839107990265 0.8482168316841125
vn -0.37203702330589294 -0.14514800906181335 0.9167991280555725
vn -0.37203696370124817 -0.14514899253845215 0.9167988896369934
vn -0.2492140829563141 0.9328983426094055 0.25998708605766296
vn -0.1645839512348175 0.9800537824630737 0.11138597130775452
vn -0.16834504902362823 0.9793462157249451 0.11198703199625015
vn -0.2532879412174225 0.9269957542419434 0.2766299545764923
vn -0.06365200132131577 0.9929530024528503 0.09996400028467178
vn -0.06151699274778366 0.9931018948554993 0.09982198476791382
vn 0.017876001074910164 0.9985390901565552 0.05099300667643547
vn 0.021129004657268524 0.9987022280693054 0.04634100943803787
vn 0.08581098914146423 0.9918468594551086 -0.09421498328447342
vn 0.08672299236059189 0.991520881652832 -0.09677598625421524
vn 0.25418707728385925 0.9093573093414307 -0.32933011651039124
vn 0.2446790635585785 0.915357232093811 -0.31977108120918274
vn 0.5481329560279846 0.6484599113464355 -0.5282519459724426
vn 0.5357682108879089 0.6622952818870544 -0.5237532258033752
vn 0.7515978217124939 0.36102092266082764 -0.5520548820495605
vn 0.7500235438346863 0.36353379487991333 -0.5525466203689575
vn 0.8768913149833679 0.1009400337934494 -0.4699711799621582
vn 0.8755499720573425 0.10484100133180618 -0.4716149866580963
vn 0.9409478902816772 -0.21425096690654755 -0.2621329724788666
vn 0.9379852414131165 -0.1611340492963791 -0.3069520592689514
vn 0.9332086443901062 -0.31719887256622314 -0.16883893311023712
vn 0.9332086443901062 -0.31719887256622314 -0.16883893311023712
vn -0.2811060845851898 0.8731703162193298 0.39818716049194336
vn -0.2811051905155182 0.8731705546379089 0.3981872498989105
vn 0.5227078199386597 0.7341497540473938 0.43335986137390137
vn 0.5423867702484131 0.7394306659698486 0.3988218307495117
vn 0.5367150902748108 0.7403251528739929 0.40479108691215515
vn 0.5253900289535522 0.7342640161514282 0.42990899085998535
vn 0.4670810103416443 0.7604039907455444 0.4512439966201782
vn 0.4556039273738861 0.7652338743209839 0.45479893684387207
vn 0.4037410020828247 0.7972310185432434 0.44879400730133057
vn 0.3972300887107849 0.8039081692695618 0.4426511228084564
vn 0.39613986015319824 0.828926682472229 0.3949098587036133
vn 0.401415079832077 0.831801176071167 0.3833701014518738
vn 0.48983705043792725 0.8173640966415405 0.3032750189304352
vn 0.4983521103858948 0.8143681883811951 0.29740506410598755
vn 0.677817165851593 0.7052671909332275 0.20775504410266876
vn 0.6663890480995178 0.7149880528450012 0.21146602928638458
vn 0.811829149723053 0.5537081360816956 0.18531304597854614
vn 0.8072360157966614 0.5607929825782776 0.18406899273395538
vn 0.8875971436500549 0.3971240520477295 0.23337502777576447
vn 0.8830982446670532 0.4098650813102722 0.22836005687713623
vn 0.8913816809654236 0.40568986535072327 0.2021249234676361
vn 0.8989574313163757 0.37676018476486206 0.2234441041946411
vn 0.8762657642364502 0.4521898925304413 0.16638095676898956
vn 0.8762657642364502 0.4521898925304413 0.16638095676898956
vn 0.47512495517730713 0.7300089597702026 0.4912669360637665
vn 0.47512495517730713 0.7300089597702026 0.4912669360637665
vn 0.9272562265396118 0.14826202392578125 0.34382307529449463
vn 0.8822218775749207 0.13989198207855225 0.4495719373226166
vn 0.870110809803009 0.14286796748638153 0.4716948866844177
vn 0.9276711344718933 0.14891201257705688 0.3424200415611267
vn 0.7852716445922852 0.1685539186000824 0.5957667231559753
vn 0.764565646648407 0.1763889044523239 0.6199406981468201
vn 0.6875540614128113 0.20809003710746765 0.6956780552864075
vn 0.6670908331871033 0.2177109569311142 0.7124547958374023
vn 0.606247067451477 0.2488190233707428 0.7553501129150391
vn 0.5895470380783081 0.25821802020072937 0.7653481364250183
vn 0.5267599821090698 0.2980090081691742 0.7960619926452637
vn 0.517157793045044 0.3045198917388916 0.7998846769332886
vn 0.43757516145706177 0.3709661066532135 0.8190922737121582
vn 0.44082483649253845 0.36764588952064514 0.8188467025756836
vn 0.38724181056022644 0.431528776884079 0.8147555589675903
vn 0.3883219361305237 0.42894792556762695 0.8156038522720337
vn 0.37032216787338257 0.4749002456665039 0.7983303666114807
vn 0.3719870150089264 0.47042104601860046 0.8002061247825623
vn 0.3631410300731659 0.4937780499458313 0.7901341319084167
vn 0.3631410300731659 0.4937780499458313 0.7901341319084167
vn 0.9380975365638733 0.16652409732341766 0.30371516942977905
vn 0.9380975365638733 0.16652409732341766 0.30371516942977905
vn 0.8069703578948975 -0.5864002704620361 0.07023902982473373
vn 0.7660136222839355 -0.5891066789627075 0.2572478950023651
vn 0.7592488527297974 -0.588426947593689 0.2780199646949768
vn 0.807220995426178 -0.5862820148468018 0.06832099705934525
vn 0.7023590207099915 -0.5816580057144165 0.41032400727272034
vn 0.6890092492103577 -0.5799881815910339 0.43460315465927124
vn 0.6123710870742798 -0.5652490854263306 0.552716076374054
vn 0.5936067700386047 -0.5605818033218384 0.5773898363113403
vn 0.4903438687324524 -0.5270708799362183 0.6940888166427612
vn 0.4648161828517914 -0.5171811580657959 0.7186582088470459
vn 0.28599706292152405 -0.42837807536125183 0.8571451902389526
vn 0.25739115476608276 -0.41197624802589417 0.874085545539856
vn -0.040960997343063354 -0.18889397382736206 0.9811428785324097
vn -0.03970499709248543 -0.19005197286605835 0.9809708595275879
vn -0.2672700583934784 0.06402801722288132 0.9614922404289246
vn -0.26288890838623047 0.056751981377601624 0.9631556272506714
vn -0.3675369918346405 0.2805750072002411 0.886676013469696
vn -0.3624470829963684 0.2663120627403259 0.8931462168693542
vn -0.4007810652256012 0.3795790672302246 0.8338431119918823
vn -0.4007810652256012 0.3795790672302246 0.8338431119918823
vn 0.8170759081840515 -0.5734369158744812 -0.059641990810632706
vn 0.8170759081840515 -0.5734369158744812 -0.059641990810632706
vn 0.2201930284500122 -0.9493710994720459 -0.22407503426074982
vn 0.18913297355175018 -0.9773218631744385 -0.09523998200893402
vn 0.18824699521064758 -0.9777060151100159 -0.09302700310945511
vn 0.21869397163391113 -0.9514248967170715 -0.21671096980571747
vn 0.17395398020744324 -0.9841798543930054 -0.03361699730157852
vn 0.17371106147766113 -0.984273374080658 -0.03210101276636124
vn 0.14294198155403137 -0.9872258901596069 0.07037599384784698
vn 0.14295995235443115 -0.987226665019989 0.07032797485589981
vn 0.05472699925303459 -0.9758729934692383 0.21136899292469025
vn 0.054718006402254105 -0.9758711457252502 0.2113800346851349
vn -0.15564800798892975 -0.9080371260643005 0.3888990581035614
vn -0.1635538935661316 -0.9044114351272583 0.39406874775886536
vn -0.5072159767150879 -0.6645010113716125 0.5487899780273438
vn -0.521409273147583 -0.6508254408836365 0.5518683791160583
vn -0.7588890194892883 -0.34553200006484985 0.5519919991493225
vn -0.7611338496208191 -0.3419359028339386 0.5511398911476135
vn -0.8822474479675293 -0.08431294560432434 0.4631747305393219
vn -0.8837902545928955 -0.07951102405786514 0.46107810735702515
vn -0.9396146535873413 0.18515793979167938 0.2878209054470062
vn -0.9411197900772095 0.24158693850040436 0.23649394512176514
vn -0.930321216583252 0.3380410969257355 0.14223502576351166
vn -0.930321216583252 0.3380410969257355 0.14223502576351166
vn 0.24041800200939178 -0.9131090044975281 -0.3292889893054962
vn 0.24041800200939178 -0.9131090044975281 -0.3292889893054962
vn -0.4777839481830597 -0.7808308601379395 -0.402523934841156
vn -0.4887201189994812 -0.7772961854934692 -0.39618608355522156
vn -0.49187207221984863 -0.7774031162261963 -0.3920540511608124
vn -0.48181381821632385 -0.7806206941604614 -0.39810386300086975
vn -0.424839049577713 -0.7891521453857422 -0.44356605410575867
vn -0.4335189461708069 -0.7862098813056946 -0.44038093090057373
vn -0.3806568384170532 -0.8172307014465332 -0.4327058494091034
vn -0.3851628601551056 -0.8120446801185608 -0.4384438395500183
vn -0.3908260464668274 -0.840907096862793 -0.3743400275707245
vn -0.38526907563209534 -0.8381052017211914 -0.3861960768699646
vn -0.48988404870033264 -0.8222001194953918 -0.2898290157318115
vn -0.4803107678890228 -0.8255996108055115 -0.2961198389530182
vn -0.6632528305053711 -0.7194388508796692 -0.20616395771503448
vn -0.6745389699935913 -0.7098259329795837 -0.20284096896648407
vn -0.809945821762085 -0.5574378967285156 -0.18234795331954956
vn -0.8151071667671204 -0.5492921471595764 -0.18406105041503906
vn -0.8855425715446472 -0.4034128189086914 -0.23037490248680115
vn -0.8904552459716797 -0.38901010155677795 -0.23613706231117249
vn -0.899400532245636 -0.3758872449398041 -0.22313113510608673
vn -0.8915054202079773 -0.4051901698112488 -0.20258109271526337
vn -0.8774122595787048 -0.4481361210346222 -0.1712360382080078
vn -0.8774122595787048 -0.4481361210346222 -0.1712360382080078
vn -0.4374549090862274 -0.7814137935638428 -0.44500088691711426
vn -0.43745508790016174 -0.7814141511917114 -0.4450001120567322
vn -0.9275333285331726 -0.14895406365394592 -0.3427751064300537
vn -0.8701179027557373 -0.14521998167037964 -0.4709629416465759
vn -0.8823636770248413 -0.14180395007133484 -0.4486938416957855
vn -0.9269875884056091 -0.14805692434310913 -0.3446348309516907
vn -0.7671287059783936 -0.1822059452533722 -0.6150727868080139
vn -0.7885717153549194 -0.17341794073581696 -0.5899837613105774
vn -0.6684487462043762 -0.22522592544555664 -0.7088367342948914
vn -0.688139796257019 -0.21601495146751404 -0.692676842212677
vn -0.590944766998291 -0.263281911611557 -0.7625396847724915
vn -0.6053897142410278 -0.2558128833770752 -0.7536996603012085
vn -0.5197911858558655 -0.30532512068748474 -0.7978683114051819
vn -0.5270583033561707 -0.30070316791534424 -0.7948504686355591
vn -0.44341105222702026 -0.36556002497673035 -0.8183841109275818
vn -0.43948501348495483 -0.36948299407958984 -0.8187400102615356
vn -0.39003705978393555 -0.4267030656337738 -0.815963089466095
vn -0.3888559341430664 -0.4293459355831146 -0.815139889717102
vn -0.3722579777240753 -0.4698869287967682 -0.8003938794136047
vn -0.3706289827823639 -0.47422894835472107 -0.798586905002594
vn -0.36340001225471497 -0.49307501316070557 -0.7904539704322815
vn -0.36340001225471497 -0.49307501316070557 -0.7904539704322815
vn -0.9381421208381653 -0.16789200901985168 -0.3028230369091034
vn -0.9381421208381653 -0.16789200901985168 -0.3028230369091034
vn -0.8409820199012756 0.5356529951095581 -0.076323002576828
vn -0.7959904670715332 0.5268023014068604 -0.29812517762184143
vn -0.8038800954818726 0.5296940803527832 -0.2705570161342621
vn -0.842374861240387 0.5352129340171814 -0.06286199390888214
vn -0.72337406873703 0.49430906772613525 -0.4820670485496521
vn -0.7384883761405945 0.5016422271728516 -0.45054420828819275
vn -0.6149839162826538 0.4608699381351471 -0.6398389339447021
vn -0.6368777751922607 0.4659148156642914 -0.6142557859420776
vn -0.4733080565929413 0.43407607078552246 -0.7665231227874756
vn -0.49670982360839844 0.4380258619785309 -0.7492747902870178
vn -0.25956305861473083 0.35901910066604614 -0.8965112566947937
vn -0.27891403436660767 0.3677390217781067 -0.8871161341667175
vn 0.03360600769519806 0.17462004721164703 -0.9840622544288635
vn 0.03933198004961014 0.16991493105888367 -0.9846735000610352
vn 0.2503950595855713 -0.043229009956121445 -0.967178225517273
vn 0.25465115904808044 -0.0497860312461853 -0.9657505750656128
vn 0.35693711042404175 -0.2536080777645111 -0.8990433216094971
vn 0.3614619970321655 -0.2657420039176941 -0.8937150239944458
vn 0.3954288363456726 -0.3618878722190857 -0.8441997170448303
vn 0.3954288363456726 -0.3618878722190857 -0.8441997170448303
vn -0.8478668332099915 0.5260298848152161 0.06644098460674286
vn -0.8478668332099915 0.5260298848152161 0.06644098460674286
vn -0.2299330234527588 0.5645410418510437 -0.7927321195602417
vn -0.2299330234527588 0.5645410418510437 -0.7927321195602417
vn 0.0000010000001111620804 0.6361820697784424 -0.7715390920639038
vn 0 0.6361820697784424 -0.7715390920639038
vn 0 0.6361820697784424 -0.7715390920639038
vn 0.0000010000001111620804 0.6361820697784424 -0.7715390920639038
vn 0.22993290424346924 0.564538836479187 -0.7927337288856506
vn 0.22993290424346924 0.564538836479187 -0.7927337288856506
vn 0.3720400333404541 0.3769800662994385 -0.8482171297073364
vn 0.3720400333404541 0.3769800662994385 -0.8482171297073364
vn 0.37204089760780334 0.1451459676027298 -0.9167977571487427
vn 0.37204089760780334 0.1451459676027298 -0.9167977571487427
vn 0.2299339473247528 -0.04241098836064339 -0.9722817540168762
vn 0.2299329936504364 -0.04241099953651428 -0.9722819924354553
vn 0 -0.11404802650213242 -0.9934752583503723
vn 0 -0.11404802650213242 -0.9934752583503723
vn -0.2299339473247528 -0.04241098836064339 -0.9722817540168762
vn -0.2299339473247528 -0.04241098836064339 -0.9722817540168762
vn -0.3720410168170929 0.1451440155506134 -0.9167981147766113
vn -0.3720409870147705 0.1451449990272522 -0.9167979955673218
vn -0.3720400929450989 0.37698209285736084 -0.84821617603302
vn -0.3720400929450989 0.37698209285736084 -0.84821617603302
vn -0.028430992737412453 -0.28355392813682556 0.9585347771644592
vn -0.16497305035591125 -0.2797820568084717 0.945783257484436
vn -0.16497208178043365 -0.27978211641311646 0.9457834959030151
vn -0.028430992737412453 -0.28355392813682556 0.9585347771644592
vn -0.6027352809906006 -0.22635211050510406 0.7651633620262146
vn -0.6027352809906006 -0.22635211050510406 0.7651633620262146
vn -0.8749411702156067 -0.13736103475093842 0.46433812379837036
vn -0.8749411702156067 -0.13736103475093842 0.46433812379837036
vn -0.9734547734260559 -0.06492498517036438 0.21947793662548065
vn -0.9734545350074768 -0.06492497026920319 0.21947889029979706
vn -0.997178852558136 -0.02129199728369713 0.07197999209165573
vn -0.997178852558136 -0.02129199728369713 0.07197999209165573
vn -0.999714732170105 -0.006775998510420322 0.022906994447112083
vn -0.999714732170105 -0.006775998510420322 0.022906994447112083
vn -0.008813994936645031 -0.9996105432510376 0.026476986706256866
vn -0.04367601126432419 -0.9987962245941162 0.022328006103634834
vn -0.05585598573088646 -0.9982207417488098 0.020869994536042213
vn -0.008813994936645031 -0.9996105432510376 0.026476986706256866
vn -0.1847350001335144 -0.9824219942092896 -0.0268350001424551
vn -0.20479804277420044 -0.9779752492904663 -0.04027600958943367
vn -0.28013893961906433 -0.951748788356781 -0.12528596818447113
vn -0.28395384550094604 -0.9493735432624817 -0.13438794016838074
vn -0.30476102232933044 -0.9305540919303894 -0.2029530256986618
vn -0.3050839304924011 -0.929898738861084 -0.2054559588432312
vn -0.30906179547309875 -0.9182173609733582 -0.24770481884479523
vn -0.3091219365596771 -0.9178887605667114 -0.2488449364900589
vn -0.30983901023864746 -0.9136899709701538 -0.26300299167633057
vn -0.30983901023864746 -0.9136899709701538 -0.26300299167633057
vn 0.008838004432618618 -0.8243303894996643 -0.5660402774810791
vn 0.04229702427983284 -0.8259874582290649 -0.5620993375778198
vn 0.05570400878787041 -0.8263881206512451 -0.5603390336036682
vn 0.008838004432618618 -0.8243303894996643 -0.5660402774810791
vn 0.19195492565631866 -0.8393607139587402 -0.5085538029670715
vn 0.21548306941986084 -0.8437622785568237 -0.4915611743927002
vn 0.2874700725078583 -0.8682531714439392 -0.40434807538986206
vn 0.2910080850124359 -0.8717153072357178 -0.39424213767051697
vn 0.3060240149497986 -0.8920131325721741 -0.3326590359210968
vn 0.3062780201435089 -0.8928791284561157 -0.33009204268455505
vn 0.309190958738327 -0.905427873134613 -0.2908629775047302
vn 0.3092460632324219 -0.9057802557945251 -0.2897050678730011
vn 0.3098699748516083 -0.90982985496521 -0.2760259807109833
vn 0.3098699748516083 -0.90982985496521 -0.2760259807109833
vn 0.02318800613284111 -0.3341540992259979 -0.9422332644462585
vn 0.11563000082969666 -0.3390589952468872 -0.9336320161819458
vn 0.1389329880475998 -0.339836984872818 -0.9301658868789673
vn 0.02318800613284111 -0.3341540992259979 -0.9422332644462585
vn 0.531085193157196 -0.37687215209007263 -0.7588912844657898
vn 0.5714539289474487 -0.3848239481449127 -0.7248109579086304
vn 0.7530471086502075 -0.45121607184410095 -0.47887805104255676
vn 0.7591301202774048 -0.4576750695705414 -0.4628770649433136
vn 0.7971999049186707 -0.5119399428367615 -0.31998395919799805
vn 0.7978346943855286 -0.5134798288345337 -0.31590887904167175
vn 0.8081498146057129 -0.5466778874397278 -0.21917393803596497
vn 0.8082630038261414 -0.5472639799118042 -0.21728600561618805
vn 0.8097898960113525 -0.5577529668807983 -0.18207699060440063
vn 0.8097898960113525 -0.5577529668807983 -0.18207699060440063
vn 0.8599950075149536 0.14475800096988678 -0.48934000730514526
vn 0.92601478099823 0.10708197951316833 -0.3619809150695801
vn 0.92601478099823 0.10708197951316833 -0.3619809150695801
vn 0.8599950075149536 0.14475800096988678 -0.48934000730514526
vn 0.9814455509185791 0.05439097434282303 -0.18386490643024445
vn 0.9814455509185791 0.05439097434282303 -0.18386490643024445
vn 0.9978316426277161 0.01867099292576313 -0.0631139799952507
vn 0.9978316426277161 0.01867099292576313 -0.0631139799952507
vn 0.9998037815093994 0.0056199985556304455 -0.018994996324181557
vn 0.9998037815093994 0.0056199985556304455 -0.018994996324181557
vn 0.028685003519058228 0.2835540175437927 -0.958527147769928
vn 0.15702594816684723 0.28015193343162537 -0.9470257759094238
vn 0.15702594816684723 0.28015193343162537 -0.9470257759094238
vn 0.028685003519058228 0.2835540175437927 -0.958527147769928
vn 0.45636677742004395 0.25240787863731384 -0.8532406091690063
vn 0.45636677742004395 0.25240787863731384 -0.8532406091690063
vn 0.023188000544905663 0.7929810285568237 -0.6088050007820129
vn 0.1389329880475998 0.7911858558654785 -0.5955859422683716
vn 0.11562997102737427 0.7924178242683411 -0.5989188551902771
vn 0.023188000544905663 0.7929810285568237 -0.6088050007820129
vn 0.571452796459198 0.7172137498855591 -0.3988058567047119
vn 0.5310840606689453 0.7290820479393005 -0.4317280650138855
vn 0.7591301798820496 0.6358391642570496 -0.13939203321933746
vn 0.7530473470687866 0.6391242742538452 -0.1563330739736557
vn 0.7978348731994629 0.6027069687843323 0.014282997697591782
vn 0.7972001433372498 0.6036320328712463 0.010026001371443272
vn 0.8082630038261414 0.5774000287055969 0.11541300266981125
vn 0.8081501126289368 0.5779350399971008 0.11351001262664795
vn 0.8097900152206421 0.5670459866523743 0.15066200494766235
vn 0.8097900152206421 0.5670459866523743 0.15066200494766235
vn 0.008838002569973469 0.9996103644371033 -0.026477009057998657
vn 0.05570302531123161 0.9982354640960693 -0.020575009286403656
vn 0.04229699447751045 0.9988569021224976 -0.022268997505307198
vn 0.008838002569973469 0.9996103644371033 -0.026477009057998657
vn 0.21548296511173248 0.9753958582878113 0.04658299684524536
vn 0.19195504486560822 0.9809472560882568 0.02993100695312023
vn 0.2910090684890747 0.9459052681922913 0.14344702661037445
vn 0.28747108578681946 0.9484983682632446 0.13308404386043549
vn 0.3062790334224701 0.9287630915641785 0.20878802239894867
vn 0.306024968624115 0.9294328689575195 0.2061629742383957
vn 0.3092470169067383 0.9176161289215088 0.24969403445720673
vn 0.30919086933135986 0.9179506301879883 0.24853090941905975
vn 0.30987095832824707 0.9135718941688538 0.2633749842643738
vn 0.30987095832824707 0.9135718941688538 0.2633749842643738
vn -0.008813997730612755 0.8243328332901001 0.5660368800163269
vn -0.05585600808262825 0.8262171149253845 0.5605760812759399
vn -0.04367700219154358 0.8259071111679077 0.562112033367157
vn -0.008813997730612755 0.8243328332901001 0.5660368800163269
vn -0.20479895174503326 0.8424948453903198 0.4982568919658661
vn -0.18473495543003082 0.8389137983322144 0.5119538903236389
vn -0.28395402431488037 0.8696961402893066 0.4037310481071472
vn -0.2801399528980255 0.8667368292808533 0.4126608967781067
vn -0.30508512258529663 0.8920183181762695 0.33350610733032227
vn -0.30476197600364685 0.8912068605422974 0.3359619677066803
vn -0.30912402272224426 0.9055461287498474 0.29056602716445923
vn -0.30906394124031067 0.9052017331123352 0.29170092940330505
vn -0.3098408579826355 0.9097256064414978 0.2764018774032593
vn -0.3098408579826355 0.9097256064414978 0.2764018774032593
vn -0.023023001849651337 0.33414602279663086 0.9422401189804077
vn -0.14154896140098572 0.3386958837509155 0.9301876425743103
vn -0.12345695495605469 0.3383088707923889 0.9329016208648682
vn -0.023023001849651337 0.33414602279663086 0.9422401189804077
vn -0.5068879723548889 0.3777340054512024 0.7748429775238037
vn -0.4796381890773773 0.37302011251449585 0.7942312955856323
vn -0.7198737859725952 0.44634485244750977 0.5315617918968201
vn -0.7133329510688782 0.44211792945861816 0.5437719225883484
vn -0.7914651036262512 0.508141040802002 0.3396700322628021
vn -0.7906911969184875 0.5068641304969788 0.3433600962162018
vn -0.8076791763305664 0.5457481145858765 0.22318905591964722
vn -0.8075537085533142 0.5451958179473877 0.22498592734336853
vn -0.8096781373023987 0.5570660829544067 0.18465901911258698
vn -0.8096781373023987 0.5570660829544067 0.18465901911258698
vn 0 -0.953813374042511 -0.30040010809898376
vn 0 -0.953813374042511 -0.30040010809898376
vn 0 -0.953813374042511 -0.30040010809898376
vn 0 -0.953813374042511 -0.30040010809898376
vn 0 -0.953813374042511 -0.30040010809898376
vn 0 -0.953813374042511 -0.30040010809898376
vn 0 -0.9999499917030334 0.010001000016927719
vn 0 -0.9999499917030334 0.010001000016927719
vn 0 -0.9999499917030334 0.010001000016927719
vn 0 -0.9999499917030334 0.010001000016927719
vn 0 -0.9999499917030334 0.010001000016927719
vn 0 -0.9999499917030334 0.010001000016927719
vn 0 0.9984683394432068 0.055328018963336945
vn 0 0.9984683394432068 0.055328018963336945
vn 0 0.9984683394432068 0.055328018963336945
vn 0 0.9984683394432068 0.055328018963336945
vn 0 0.9984683394432068 0.055328018963336945
vn 0 0.9984683394432068 0.055328018963336945
vn 0 -0.21523010730743408 0.9765634536743164
vn 0 -0.21523010730743408 0.9765634536743164
vn 0 -0.21523010730743408 0.9765634536743164
vn 0 -0.21523010730743408 0.9765634536743164
vn 0 -0.2152310460805893 0.9765632152557373
vn 0 -0.2152310460805893 0.9765632152557373
vn 0 0.9503726363182068 -0.3111138939857483
vn 0 0.9503726363182068 -0.3111138939857483
vn 0 0.9503726363182068 -0.3111138939857483
vn 0 0.9503726363182068 -0.3111138939857483
vn 0 0.9503726363182068 -0.3111138939857483
vn 0 0.9503726363182068 -0.3111138939857483
vn 0 0.9784088730812073 -0.20667897164821625
vn 0 0.9784088730812073 -0.20667897164821625
vn 0 0.9784088730812073 -0.20667897164821625
vn 0 0.9784088730812073 -0.20667897164821625
vn 0 0.9784088730812073 -0.20667897164821625
vn 0 0.9784088730812073 -0.20667897164821625
vn 0 -0.9925814867019653 0.12158206105232239
vn 0 -0.9925814867019653 0.12158206105232239
vn 0 -0.9925814867019653 0.12158206105232239
vn 0 -0.9925814867019653 0.12158206105232239
vn 0 -0.9925814867019653 0.12158206105232239
vn 0 -0.9925814867019653 0.12158206105232239
vn 0 -1 0
vn 0 -1 0
vn 0 -1 0
vn 0 -1 0
vn 0 -1 0
vn 0 -1 0
vn 0 0.9722233414649963 0.23405508697032928
vn 0 0.9722233414649963 0.23405508697032928
vn 0 0.9722233414649963 0.23405508697032928
vn 0 0.9722233414649963 0.23405508697032928
vn 0 0.9722233414649963 0.23405508697032928
vn 0 0.9722233414649963 0.23405508697032928
vn 0 -0.5683581829071045 0.8227813243865967
vn 0 -0.5683581829071045 0.8227813243865967
vn 0 -0.5683581829071045 0.8227813243865967
vn 0 -0.5683581829071045 0.8227813243865967
vn 0 -0.5683581829071045 0.8227813243865967
vn 0 -0.5683581829071045 0.8227813243865967
vn 1 0 0
vn 1 0 0
vn 1 0 9.999999974752427e-7
vn 1 0 9.999999974752427e-7
vn 1 0 9.999999974752427e-7
vn 1 0 9.999999974752427e-7
vn 1 0 0
vn 1 0 0
vn 1 0 0
vn 1 0 0
vn 1 0 0
vn 1 0 0
vn 1 0 0
vn 1 0 0
vn 0 -1 0
vn 0 -1 0
vn 0 -1 0
vn 0 -1 0
vn 0 -1 0
vn 0 -1 0
vn 0 -0.9999363422393799 -0.011290003545582294
vn 0 -0.9999363422393799 -0.011290003545582294
vn 0 -0.9999363422393799 -0.011290003545582294
vn 0 -0.9999363422393799 -0.011290003545582294
vn 0 -0.9999363422393799 -0.011290003545582294
vn 0 -0.9999363422393799 -0.011290003545582294
vn 0 0 -1
vn 0 0 -1
vn 0 0 -1
vn 0 0 -1
vn 0 0 -1
vn 0 0 -1
vn 0 0.999921977519989 0.012497999705374241
vn 0 0.999921977519989 0.012497999705374241
vn 0 0.999921977519989 0.012497999705374241
vn 0 0.999921977519989 0.012497999705374241
vn 0 0.9999218583106995 0.012498998083174229
vn 0 0.9999218583106995 0.012498998083174229
vn 0 1 0
vn 0 1 0
vn 0 1 0
vn 0 1 0
vn 0 1 0
vn 0 1 0
vn 0 1 0
vn 0 1 0
vn 0 1 0
vn 0 0.6875973343849182 0.7260923385620117
vn 0 0.6875978112220764 0.7260918021202087
vn 0 0.6875978112220764 0.7260918021202087
vn 0 0.6875973343849182 0.7260923385620117
vn 0 0.6875978112220764 0.7260918021202087
vn 0 0.6875978112220764 0.7260918021202087
vn 0.023023011162877083 0.3341451585292816 0.9422404766082764
vn 0.023023001849651337 0.33414602279663086 0.9422401189804077
vn 0.12345695495605469 0.3383088707923889 0.9329016208648682
vn 0.14154896140098572 0.3386958837509155 0.9301876425743103
vn 0.4796377718448639 0.373019814491272 0.794231653213501
vn 0.5068879723548889 0.3777340054512024 0.7748429775238037
vn 0.7133329510688782 0.44211792945861816 0.5437719225883484
vn 0.7198737859725952 0.44634485244750977 0.5315617918968201
vn 0.7906908392906189 0.5068649053573608 0.34335991740226746
vn 0.7914646863937378 0.508141815662384 0.3396698832511902
vn 0.8075531125068665 0.545197069644928 0.2249850332736969
vn 0.8076788187026978 0.5457488894462585 0.22318893671035767
vn 0.8096781373023987 0.5570660829544067 0.18465901911258698
vn 0.8096781373023987 0.5570660829544067 0.18465901911258698
vn 0.2299320250749588 0.5645400881767273 -0.7927331328392029
vn 0 0.6361809372901917 -0.7715398669242859
vn 0 0.6361809372901917 -0.7715398669242859
vn 0.2299320250749588 0.5645400881767273 -0.7927331328392029
vn 0 0.6361809372901917 -0.7715398669242859
vn -0.22993288934230804 0.5645377039909363 -0.7927346229553223
vn -0.22993288934230804 0.5645377039909363 -0.7927346229553223
vn 0 0.6361809372901917 -0.7715398669242859
vn -0.37203988432884216 0.3769788444042206 -0.8482177257537842
vn -0.37203988432884216 0.3769788444042206 -0.8482177257537842
vn -0.37204086780548096 0.1451469510793686 -0.9167976379394531
vn -0.37204086780548096 0.1451469510793686 -0.9167976379394531
vn -0.2299339473247528 -0.0424099899828434 -0.9722817540168762
vn -0.2299339473247528 -0.0424099899828434 -0.9722817540168762
vn 0 -0.1140490174293518 -0.9934751391410828
vn 0 -0.1140490174293518 -0.9934751391410828
vn 0.22993391752243042 -0.04241298511624336 -0.9722816348075867
vn 0.22993391752243042 -0.04241298511624336 -0.9722816348075867
vn 0.37204107642173767 0.1451430320739746 -0.9167982339859009
vn 0.3720419108867645 0.14514397084712982 -0.9167977571487427
vn 0.3720390200614929 0.37698104977607727 -0.8482171297073364
vn 0.37203890085220337 0.3769819140434265 -0.8482168316841125
vn 0.008813994936645031 -0.9996105432510376 0.026476986706256866
vn 0.008813994936645031 -0.9996105432510376 0.026476986706256866
vn 0.05585598573088646 -0.9982207417488098 0.020869994536042213
vn 0.043677009642124176 -0.9987962245941162 0.022327005863189697
vn 0.20479902625083923 -0.9779751300811768 -0.04027600213885307
vn 0.1847350001335144 -0.9824219942092896 -0.0268350001424551
vn 0.28395384550094604 -0.9493735432624817 -0.13438794016838074
vn 0.28013893961906433 -0.951748788356781 -0.12528596818447113
vn 0.3050839304924011 -0.929898738861084 -0.2054559588432312
vn 0.30476006865501404 -0.930554211139679 -0.20295403897762299
vn 0.3091219365596771 -0.9178887605667114 -0.2488449364900589
vn 0.30906185507774353 -0.9182175993919373 -0.24770388007164001
vn 0.30983901023864746 -0.9136899709701538 -0.26300299167633057
vn 0.30983901023864746 -0.9136899709701538 -0.26300299167633057
vn -0.00883800070732832 -0.8243311047554016 -0.5660390853881836
vn -0.00883800070732832 -0.8243311047554016 -0.5660390853881836
vn -0.055704034864902496 -0.8263884782791138 -0.5603383779525757
vn -0.042296987026929855 -0.8259878158569336 -0.5620988607406616
vn -0.21548296511173248 -0.8437618613243103 -0.4915619492530823
vn -0.19195492565631866 -0.8393607139587402 -0.5085538029670715
vn -0.2910078167915344 -0.8717154860496521 -0.3942417502403259
vn -0.2874700725078583 -0.8682531714439392 -0.40434807538986206
vn -0.3062780201435089 -0.8928791284561157 -0.33009204268455505
vn -0.3060240149497986 -0.8920131325721741 -0.3326590359210968
vn -0.30924686789512634 -0.9057797193527222 -0.28970590233802795
vn -0.309190958738327 -0.905427873134613 -0.2908629775047302
vn -0.3098698556423187 -0.9098295569419861 -0.2760268747806549
vn -0.3098698556423187 -0.9098295569419861 -0.2760268747806549
vn -0.023187993094325066 -0.33415287733078003 -0.9422336220741272
vn -0.023187993094325066 -0.33415287733078003 -0.9422336220741272
vn -0.1389329880475998 -0.339836984872818 -0.9301658868789673
vn -0.11563004553318024 -0.33905813097953796 -0.9336323738098145
vn -0.5714538097381592 -0.3848228454589844 -0.7248117327690125
vn -0.5310850143432617 -0.3768709897994995 -0.7588919997215271
vn -0.7591308355331421 -0.4576738774776459 -0.4628768861293793
vn -0.7530474662780762 -0.4512152671813965 -0.47887828946113586
vn -0.7978353500366211 -0.5134792327880859 -0.31590816378593445
vn -0.7972006797790527 -0.5119388103485107 -0.3199838697910309
vn -0.8082630038261414 -0.5472639799118042 -0.21728600561618805
vn -0.8081499934196472 -0.5466780066490173 -0.21917299926280975
vn -0.8097898960113525 -0.5577529668807983 -0.18207699060440063
vn -0.8097898960113525 -0.5577529668807983 -0.18207699060440063
vn -0.8599950075149536 0.14475800096988678 -0.48934000730514526
vn -0.8599950075149536 0.14475800096988678 -0.48934000730514526
vn -0.92601478099823 0.10708197951316833 -0.3619809150695801
vn -0.9260143637657166 0.10708203911781311 -0.3619821071624756
vn -0.9814453721046448 0.05439101904630661 -0.18386605381965637
vn -0.9814456105232239 0.054391033947467804 -0.18386510014533997
vn -0.9978316426277161 0.01867099292576313 -0.0631139799952507
vn -0.9978316426277161 0.01867099292576313 -0.0631139799952507
vn -0.9998037815093994 0.005618998780846596 -0.018994996324181557
vn -0.9998037815093994 0.005618998780846596 -0.018994996324181557
vn -0.028685012832283974 0.2835531532764435 -0.9585275053977966
vn -0.028685012832283974 0.2835531532764435 -0.9585275053977966
vn -0.1570259928703308 0.28015100955963135 -0.9470260143280029
vn -0.1570259928703308 0.28015100955963135 -0.9470260143280029
vn -0.45636677742004395 0.25240787863731384 -0.8532406091690063
vn -0.45636677742004395 0.25240787863731384 -0.8532406091690063
vn -0.023188000544905663 0.7929810285568237 -0.6088050007820129
vn -0.023188000544905663 0.7929810285568237 -0.6088050007820129
vn -0.11563004553318024 0.7924183011054993 -0.5989182591438293
vn -0.1389329880475998 0.7911858558654785 -0.5955859422683716
vn -0.5310850143432617 0.7290819883346558 -0.43172699213027954
vn -0.5714539289474487 0.7172129154205322 -0.3988059461116791
vn -0.7530477046966553 0.6391237378120422 -0.15633293986320496
vn -0.7591308951377869 0.6358379125595093 -0.13939298689365387
vn -0.7972001433372498 0.6036320328712463 0.010025001130998135
vn -0.7978348731994629 0.6027069687843323 0.014282997697591782
vn -0.8081501126289368 0.5779350399971008 0.11351001262664795
vn -0.8082631230354309 0.5774000883102417 0.11541201174259186
vn -0.8097909092903137 0.5670449137687683 0.15066099166870117
vn -0.8097909092903137 0.5670449137687683 0.15066099166870117
vn -0.008838002569973469 0.9996103644371033 -0.026478009298443794
vn -0.008838002569973469 0.9996103644371033 -0.026478009298443794
vn -0.04229699447751045 0.9988569021224976 -0.02227099798619747
vn -0.055703017860651016 0.9982353448867798 -0.020576007664203644
vn -0.19195504486560822 0.9809472560882568 0.02993100695312023
vn -0.21548296511173248 0.9753958582878113 0.04658399522304535
vn -0.28747016191482544 0.9484984874725342 0.13308505713939667
vn -0.2910080850124359 0.9459053874015808 0.14344803988933563
vn -0.30602404475212097 0.9294332265853882 0.20616304874420166
vn -0.3062781095504761 0.9287633299827576 0.20878806710243225
vn -0.309190958738327 0.9179508686065674 0.24852997064590454
vn -0.3092461824417114 0.9176165461540222 0.2496931552886963
vn -0.3098698556423187 0.9135726094245911 0.26337388157844543
vn -0.3098698556423187 0.9135726094245911 0.26337388157844543
vn 0.008813997730612755 0.8243328332901001 0.5660368800163269
vn 0.008813997730612755 0.8243328332901001 0.5660368800163269
vn 0.043677013367414474 0.8259062767028809 0.5621131658554077
vn 0.055856019258499146 0.8262162804603577 0.5605771541595459
vn 0.1847350001335144 0.8389130234718323 0.5119550228118896
vn 0.2047991156578064 0.8424944877624512 0.4982573091983795
vn 0.28013911843299866 0.866737425327301 0.4126602113246918
vn 0.28395402431488037 0.8696961402893066 0.4037310481071472
vn 0.30476105213165283 0.891207218170166 0.33596208691596985
vn 0.30508485436439514 0.8920185565948486 0.3335058391094208
vn 0.30906298756599426 0.9052019715309143 0.29170098900794983
vn 0.30912402272224426 0.9055461287498474 0.29056602716445923
vn 0.30983996391296387 0.9097259044647217 0.27640196681022644
vn 0.30983996391296387 0.9097259044647217 0.27640196681022644
vn 0.8409808874130249 0.5356549620628357 -0.07632099092006683
vn 0.8423738479614258 0.535214900970459 -0.06285998225212097
vn 0.8038802742958069 0.5296941995620728 -0.27055609226226807
vn 0.795989990234375 0.5268030166625977 -0.2981249988079071
vn 0.7384883761405945 0.5016422271728516 -0.45054420828819275
vn 0.72337406873703 0.49430906772613525 -0.4820670485496521
vn 0.636877179145813 0.46591511368751526 -0.6142561435699463
vn 0.6149839162826538 0.4608699381351471 -0.6398389339447021
vn 0.49670934677124023 0.4380253255367279 -0.7492755651473999
vn 0.47330787777900696 0.43407490849494934 -0.7665238380432129
vn 0.2789138853549957 0.3677378296852112 -0.8871166110038757
vn 0.25956305861473083 0.35901910066604614 -0.8965112566947937
vn -0.03933198004961014 0.16991493105888367 -0.9846735000610352
vn -0.03360600769519806 0.17462004721164703 -0.9840622544288635
vn -0.25465184450149536 -0.04978597164154053 -0.9657503962516785
vn -0.2503950595855713 -0.043229009956121445 -0.967178225517273
vn -0.3614619970321655 -0.2657420039176941 -0.8937150239944458
vn -0.35693711042404175 -0.2536080777645111 -0.8990433216094971
vn -0.3954288363456726 -0.3618878722190857 -0.8441997170448303
vn -0.3954288363456726 -0.3618878722190857 -0.8441997170448303
vn 0.8478648662567139 0.5260329246520996 0.06644299626350403
vn 0.8478648662567139 0.5260329246520996 0.06644299626350403
vn 0.028430992737412453 -0.28355392813682556 0.9585347771644592
vn 0.028430992737412453 -0.28355392813682556 0.9585347771644592
vn 0.16497305035591125 -0.2797820568084717 0.945783257484436
vn 0.16497305035591125 -0.2797820568084717 0.945783257484436
vn 0.6027347445487976 -0.22635193169116974 0.7651637196540833
vn 0.6027347445487976 -0.22635193169116974 0.7651637196540833
vn 0.8749411106109619 -0.1373620182275772 0.4643380641937256
vn 0.8749411106109619 -0.1373620182275772 0.4643380641937256
vn 0.9734545350074768 -0.06492596864700317 0.21947889029979706
vn 0.9734547734260559 -0.06492598354816437 0.21947793662548065
vn 0.997178852558136 -0.021292997524142265 0.07197899371385574
vn 0.997178852558136 -0.021292997524142265 0.07197899371385574
vn 0.999714732170105 -0.006775998510420322 0.022906994447112083
vn 0.999714732170105 -0.006775998510420322 0.022906994447112083
vn 0.023022007197141647 -0.7929803133010864 0.6088122129440308
vn 0.023022007197141647 -0.7929803133010864 0.6088122129440308
vn 0.1415490061044693 -0.790241003036499 0.5962240099906921
vn 0.12345606088638306 -0.7913933396339417 0.5987113118171692
vn 0.5068889856338501 -0.7384830117225647 0.44464200735092163
vn 0.4796391725540161 -0.7450752258300781 0.46347516775131226
vn 0.7198749780654907 -0.6636980175971985 0.2031870037317276
vn 0.7133336067199707 -0.6667945981025696 0.21573185920715332
vn 0.7914648056030273 -0.6111548542976379 0.008558997884392738
vn 0.7906910181045532 -0.6120910048484802 0.012350000441074371
vn 0.8076789975166321 -0.5793399810791016 -0.10963500291109085
vn 0.8075533509254456 -0.5798543095588684 -0.10782705247402191
vn 0.8096783757209778 -0.5678743124008179 -0.14812107384204865
vn 0.8096783757209778 -0.5678743124008179 -0.14812107384204865
vn -1 0 0
vn -1 0 0
vn -1 0 0
vn -1 0 0
vn -1 0 0
vn -1 0 0
vn -1 0 0
vn -1 0 0
vn 0 0 -1
vn 0 0 -1
vn 0 0 -1
vn 0 0 -1
vn 0 0 -1
vn 0 0 -1
vn 1 0 0
vn 1 0 0
vn 1 0 0
vn 1 0 0
vn 1 0 0
vn 1 0 0
vn 1 0 0
vn 1 0 0
vn 0 -0.1270800530910492 0.9918924570083618
vn 0 -0.09772396087646484 0.9952136278152466
vn 0 -0.09772396087646484 0.9952136278152466
vn 0 -0.1270800530910492 0.9918924570083618
vn 0 0 1
vn 0 0 1
vn 0 0 1
vn 0 0 1
vn 0 0.3911800980567932 0.9203142523765564
vn 0.22992996871471405 0.31647196412086487 0.9203138947486877
vn 0.22992996871471405 0.31647196412086487 0.9203138947486877
vn 0 0.3911800980567932 0.9203142523765564
vn -0.2299288958311081 0.3164708614349365 0.920314610004425
vn -0.22992990911006927 0.31646987795829773 0.9203146696090698
vn -0.37203502655029297 0.12088001519441605 0.9203141331672668
vn -0.2299288958311081 0.3164708614349365 0.920314610004425
vn -0.22992990911006927 0.31646987795829773 0.9203146696090698
vn -0.37203502655029297 0.12088001519441605 0.9203141331672668
vn -0.37203502655029297 -0.12088001519441605 0.9203141331672668
vn -0.37203502655029297 -0.12088001519441605 0.9203141331672668
vn -0.2299300581216812 -0.3164710998535156 0.9203142523765564
vn -0.22993013262748718 -0.3164701759815216 0.9203145503997803
vn 0 -0.3911800980567932 0.9203142523765564
vn 0 -0.3911800980567932 0.9203142523765564
vn 0.22993099689483643 -0.31647399067878723 0.9203130006790161
vn 0.2299300581216812 -0.3164740800857544 0.9203132390975952
vn 0.3720351755619049 -0.12088406085968018 0.9203134179115295
vn 0.3720351755619049 -0.12088406085968018 0.9203134179115295
vn 0.3720349669456482 0.12088198214769363 0.9203138947486877
vn 0.37203487753868103 0.12088395655155182 0.9203136563301086
vn -1 0 0
vn -1 0 0
vn -1 0 0
vn -1 0 0
vn -1 0 -9.999999974752427e-7
vn -1 0 -9.999999974752427e-7
vn -1 0 0
vn -1 0 0
vn -1 0 9.999999974752427e-7
vn -1 0 9.999999974752427e-7
vn -1 0 0
vn -1 0 0
vn -1 0 0
vn -1 0 0
f 1//1 2//2 3//3
f 4//4 2//2 1//1
f 5//5 2//2 4//4
f 6//6 2//2 5//5
f 7//7 2//2 6//6
f 8//8 2//2 7//7
f 9//9 2//2 8//8
f 10//10 2//2 9//9
f 11//11 2//2 10//10
f 3//3 2//2 11//11
f 12//12 13//13 14//14
f 15//15 12//12 14//14
f 16//16 15//15 14//14
f 17//17 16//16 14//14
f 18//18 17//17 14//14
f 19//19 18//18 14//14
f 20//20 19//19 14//14
f 21//21 20//20 14//14
f 22//22 21//21 14//14
f 13//13 22//22 14//14
f 23//23 24//24 25//25
f 26//26 27//27 28//28
f 29//29 30//30 31//31
f 32//32 33//33 34//34
f 25//25 31//31 30//30
f 25//25 30//30 23//23
f 35//35 36//36 37//37
f 35//35 37//37 38//38
f 39//39 40//40 41//41
f 39//39 41//41 42//42
f 28//28 33//33 32//32
f 28//28 32//32 26//26
f 42//42 43//43 44//44
f 42//42 44//44 39//39
f 38//38 45//45 46//46
f 38//38 46//46 35//35
f 38//38 39//39 44//44
f 38//38 44//44 45//45
f 23//23 35//35 46//46
f 23//23 46//46 24//24
f 42//42 28//28 27//27
f 42//42 27//27 43//43
f 29//29 47//47 36//36
f 29//29 36//36 30//30
f 48//48 37//37 36//36
f 48//48 36//36 47//47
f 48//48 49//49 40//40
f 48//48 40//40 37//37
f 50//50 41//41 40//40
f 50//50 40//40 49//49
f 50//50 34//34 33//33
f 50//50 33//33 41//41
f 51//51 52//52 53//53
f 54//54 55//55 56//56
f 57//57 58//58 59//59
f 60//60 61//61 57//57
f 60//60 57//57 59//59
f 53//53 52//52 54//54
f 53//53 54//54 56//56
f 55//55 54//54 62//62
f 55//55 62//62 63//63
f 58//58 57//57 52//52
f 58//58 52//52 51//51
f 64//64 65//65 66//66
f 67//67 68//68 69//69
f 70//70 71//71 72//72
f 73//73 74//74 75//75
f 76//76 77//77 78//78
f 79//79 80//80 81//81
f 82//82 83//83 84//84
f 85//85 86//86 87//87
f 88//88 89//89 90//90
f 91//91 92//92 93//93
f 94//94 95//95 96//96
f 97//97 98//98 99//99
f 100//100 101//101 102//102
f 103//103 104//104 105//105
f 106//106 107//107 108//108
f 109//109 110//110 111//111
f 109//109 112//112 110//110
f 106//106 113//113 114//114
f 109//109 115//115 116//116
f 117//117 118//118 119//119
f 120//120 121//121 122//122
f 120//120 123//123 121//121
f 109//109 124//124 125//125
f 109//109 126//126 124//124
f 127//127 128//128 129//129
f 130//130 131//131 132//132
f 130//130 133//133 131//131
f 134//134 135//135 136//136
f 127//127 137//137 138//138
f 139//139 140//140 141//141
f 130//130 142//142 143//143
f 130//130 144//144 142//142
f 130//130 145//145 144//144
f 139//139 146//146 147//147
f 148//148 149//149 150//150
f 151//151 152//152 153//153
f 154//154 155//155 156//156
f 157//157 158//158 159//159
f 160//160 161//161 162//162
f 163//163 164//164 165//165
f 166//166 167//167 168//168
f 169//169 170//170 171//171
f 172//172 173//173 174//174
f 175//175 176//176 177//177
f 178//178 179//179 180//180
f 181//181 182//182 183//183
f 184//184 185//185 186//186
f 187//187 188//188 189//189
f 184//184 190//190 191//191
f 192//192 193//193 194//194
f 195//195 196//196 197//197
f 195//195 197//197 198//198
f 184//184 199//199 200//200
f 184//184 200//200 201//201
f 202//202 203//203 204//204
f 202//202 204//204 205//205
f 206//206 207//207 208//208
f 202//202 209//209 210//210
f 202//202 210//210 211//211
f 212//212 213//213 214//214
f 202//202 215//215 216//216
f 217//217 218//218 219//219
f 202//202 220//220 221//221
f 202//202 221//221 203//203
f 222//222 223//223 224//224
f 222//222 224//224 225//225
f 226//226 227//227 228//228
f 226//226 228//228 229//229
f 230//230 231//231 232//232
f 230//230 232//232 233//233
f 234//234 235//235 236//236
f 234//234 236//236 237//237
f 238//238 239//239 240//240
f 238//238 240//240 241//241
f 242//242 243//243 244//244
f 242//242 244//244 245//245
f 246//246 247//247 248//248
f 246//246 248//248 249//249
f 250//250 251//251 252//252
f 250//250 252//252 253//253
f 254//254 255//255 256//256
f 254//254 256//256 257//257
f 258//258 259//259 260//260
f 258//258 260//260 261//261
f 262//262 263//263 264//264
f 262//262 264//264 265//265
f 266//266 267//267 268//268
f 266//266 268//268 269//269
f 270//270 271//271 272//272
f 270//270 272//272 273//273
f 274//274 275//275 276//276
f 274//274 276//276 277//277
f 278//278 279//279 280//280
f 278//278 280//280 281//281
f 282//282 283//283 284//284
f 282//282 284//284 285//285
f 286//286 287//287 288//288
f 286//286 288//288 289//289
f 290//290 291//291 292//292
f 290//290 292//292 293//293
f 294//294 295//295 296//296
f 294//294 296//296 297//297
f 298//298 299//299 300//300
f 298//298 300//300 301//301
f 302//302 303//303 304//304
f 302//302 304//304 305//305
f 306//306 307//307 308//308
f 306//306 308//308 309//309
f 310//310 311//311 312//312
f 310//310 312//312 313//313
f 314//314 315//315 316//316
f 314//314 316//316 317//317
f 318//318 319//319 320//320
f 318//318 320//320 321//321
f 322//322 323//323 324//324
f 322//322 324//324 325//325
f 326//326 327//327 328//328
f 326//326 328//328 329//329
f 330//330 331//331 332//332
f 330//330 332//332 333//333
f 334//334 335//335 336//336
f 334//334 336//336 337//337
f 338//338 339//339 340//340
f 338//338 340//340 341//341
f 342//342 343//343 344//344
f 342//342 344//344 345//345
f 346//346 347//347 348//348
f 346//346 348//348 349//349
f 350//350 351//351 352//352
f 350//350 352//352 353//353
f 354//354 355//355 356//356
f 354//354 356//356 357//357
f 358//358 359//359 360//360
f 358//358 360//360 361//361
f 362//362 363//363 364//364
f 362//362 364//364 365//365
f 366//366 367//367 368//368
f 366//366 368//368 369//369
f 370//370 371//371 372//372
f 370//370 372//372 373//373
f 374//374 375//375 376//376
f 374//374 376//376 377//377
f 378//378 379//379 380//380
f 378//378 380//380 381//381
f 382//382 383//383 384//384
f 382//382 384//384 385//385
f 386//386 387//387 388//388
f 386//386 388//388 389//389
f 390//390 391//391 392//392
f 390//390 392//392 393//393
f 394//394 395//395 396//396
f 394//394 396//396 397//397
f 398//398 399//399 400//400
f 398//398 400//400 401//401
f 402//402 403//403 355//355
f 402//402 355//355 354//354
f 404//404 405//405 406//406
f 404//404 406//406 407//407
f 408//408 409//409 410//410
f 408//408 410//410 411//411
f 412//412 413//413 414//414
f 412//412 414//414 415//415
f 416//416 417//417 418//418
f 416//416 418//418 419//419
f 420//420 421//421 422//422
f 420//420 422//422 423//423
f 424//424 425//425 426//426
f 424//424 426//426 427//427
f 428//428 429//429 430//430
f 428//428 430//430 431//431
f 432//432 433//433 434//434
f 432//432 434//434 435//435
f 436//436 437//437 438//438
f 436//436 438//438 439//439
f 440//440 441//441 442//442
f 440//440 442//442 443//443
f 444//444 445//445 446//446
f 444//444 446//446 447//447
f 448//448 449//449 450//450
f 448//448 450//450 451//451
f 452//452 453//453 454//454
f 452//452 454//454 455//455
f 456//456 457//457 458//458
f 456//456 458//458 459//459
f 460//460 461//461 462//462
f 460//460 462//462 463//463
f 464//464 465//465 466//466
f 464//464 466//466 467//467
f 468//468 469//469 470//470
f 468//468 470//470 471//471
f 472//472 473//473 474//474
f 472//472 474//474 475//475
f 476//476 477//477 478//478
f 476//476 478//478 479//479
f 480//480 481//481 482//482
f 480//480 482//482 483//483
f 484//484 485//485 486//486
f 484//484 486//486 487//487
f 488//488 489//489 490//490
f 488//488 490//490 491//491
f 492//492 493//493 494//494
f 492//492 494//494 495//495
f 496//496 497//497 498//498
f 496//496 498//498 499//499
f 500//500 501//501 502//502
f 500//500 502//502 503//503
f 504//504 505//505 506//506
f 504//504 506//506 507//507
f 508//508 509//509 510//510
f 508//508 510//510 511//511
f 512//512 513//513 514//514
f 512//512 514//514 515//515
f 516//516 517//517 518//518
f 516//516 518//518 519//519
f 520//520 521//521 522//522
f 520//520 522//522 523//523
f 524//524 525//525 526//526
f 524//524 526//526 527//527
f 528//528 529//529 530//530
f 528//528 530//530 531//531
f 532//532 533//533 534//534
f 532//532 534//534 535//535
f 536//536 537//537 538//538
f 536//536 538//538 539//539
f 540//540 541//541 542//542
f 540//540 542//542 543//543
f 544//544 545//545 546//546
f 544//544 546//546 547//547
f 548//548 549//549 550//550
f 548//548 550//550 551//551
f 552//552 553//553 554//554
f 552//552 554//554 555//555
f 556//556 557//557 558//558
f 556//556 558//558 559//559
f 560//560 561//561 562//562
f 560//560 562//562 563//563
f 564//564 565//565 566//566
f 564//564 566//566 567//567
f 568//568 569//569 570//570
f 568//568 570//570 571//571
f 572//572 573//573 574//574
f 572//572 574//574 575//575
f 576//576 577//577 578//578
f 576//576 578//578 579//579
f 580//580 581//581 582//582
f 580//580 582//582 583//583
f 584//584 585//585 586//586
f 584//584 586//586 587//587
f 588//588 589//589 590//590
f 588//588 590//590 591//591
f 592//592 593//593 594//594
f 592//592 594//594 595//595
f 596//596 597//597 598//598
f 596//596 598//598 599//599
f 600//600 601//601 602//602
f 600//600 602//602 603//603
f 604//604 605//605 606//606
f 604//604 606//606 607//607
f 608//608 609//609 610//610
f 608//608 610//610 611//611
f 612//612 613//613 614//614
f 612//612 614//614 615//615
f 616//616 617//617 618//618
f 616//616 618//618 619//619
f 620//620 621//621 622//622
f 620//620 622//622 623//623
f 624//624 625//625 626//626
f 624//624 626//626 627//627
f 628//628 629//629 630//630
f 628//628 630//630 631//631
f 632//632 633//633 634//634
f 632//632 634//634 635//635
f 636//636 637//637 638//638
f 636//636 638//638 639//639
f 640//640 641//641 642//642
f 640//640 642//642 643//643
f 644//644 645//645 646//646
f 644//644 646//646 647//647
f 648//648 649//649 650//650
f 648//648 650//650 651//651
f 652//652 653//653 654//654
f 652//652 654//654 655//655
f 656//656 657//657 658//658
f 656//656 658//658 659//659
f 660//660 661//661 662//662
f 660//660 662//662 663//663
f 664//664 665//665 666//666
f 664//664 666//666 667//667
f 668//668 669//669 670//670
f 668//668 670//670 671//671
f 672//672 673//673 674//674
f 672//672 674//674 675//675
f 676//676 677//677 678//678
f 676//676 678//678 679//679
f 680//680 681//681 682//682
f 680//680 682//682 683//683
f 684//684 685//685 686//686
f 684//684 686//686 687//687
f 688//688 689//689 690//690
f 688//688 690//690 691//691
f 692//692 693//693 694//694
f 692//692 694//694 695//695
f 696//696 697//697 698//698
f 696//696 698//698 699//699
f 700//700 701//701 702//702
f 700//700 702//702 703//703
f 704//704 705//705 706//706
f 704//704 706//706 707//707
f 708//708 709//709 710//710
f 708//708 710//710 711//711
f 712//712 713//713 714//714
f 712//712 714//714 715//715
f 716//716 717//717 718//718
f 716//716 718//718 719//719
f 720//720 721//721 722//722
f 720//720 722//722 723//723
f 724//724 725//725 726//726
f 724//724 726//726 727//727
f 728//728 729//729 730//730
f 728//728 730//730 731//731
f 732//732 733//733 734//734
f 732//732 734//734 735//735
f 736//736 737//737 738//738
f 736//736 738//738 739//739
f 740//740 741//741 742//742
f 740//740 742//742 743//743
f 744//744 745//745 746//746
f 744//744 746//746 747//747
f 748//748 749//749 750//750
f 748//748 750//750 751//751
f 752//752 753//753 754//754
f 752//752 754//754 755//755
f 756//756 757//757 758//758
f 756//756 758//758 759//759
f 760//760 761//761 762//762
f 760//760 762//762 763//763
f 764//764 765//765 766//766
f 764//764 766//766 767//767
f 768//768 769//769 770//770
f 768//768 770//770 771//771
f 772//772 773//773 774//774
f 772//772 774//774 775//775
f 776//776 777//777 778//778
f 776//776 778//778 779//779
f 780//780 781//781 782//782
f 780//780 782//782 783//783
f 784//784 785//785 786//786
f 784//784 786//786 787//787
f 788//788 789//789 790//790
f 788//788 790//790 791//791
f 792//792 793//793 794//794
f 792//792 794//794 795//795
f 796//796 797//797 798//798
f 796//796 798//798 799//799
f 800//800 801//801 802//802
f 800//800 802//802 803//803
f 804//804 805//805 806//806
f 804//804 806//806 807//807
f 808//808 809//809 810//810
f 808//808 810//810 811//811
f 812//812 813//813 814//814
f 812//812 814//814 815//815
f 816//816 817//817 818//818
f 816//816 818//818 819//819
f 820//820 821//821 822//822
f 820//820 822//822 823//823
f 824//824 825//825 826//826
f 824//824 826//826 827//827
f 828//828 829//829 830//830
f 828//828 830//830 831//831
f 832//832 833//833 834//834
f 832//832 834//834 835//835
f 836//836 837//837 838//838
f 836//836 838//838 839//839
f 840//840 841//841 842//842
f 840//840 842//842 843//843
f 844//844 845//845 846//846
f 844//844 846//846 847//847
f 848//848 849//849 850//850
f 848//848 850//850 851//851
f 852//852 853//853 854//854
f 852//852 854//854 855//855
f 856//856 857//857 858//858
f 856//856 858//858 859//859
f 860//860 861//861 862//862
f 860//860 862//862 863//863
f 864//864 865//865 866//866
f 864//864 866//866 867//867
f 868//868 869//869 870//870
f 868//868 870//870 871//871
f 872//872 873//873 874//874
f 872//872 874//874 875//875
f 876//876 877//877 878//878
f 876//876 878//878 879//879
f 880//880 881//881 882//882
f 880//880 882//882 883//883
f 884//884 885//885 886//886
f 884//884 886//886 887//887
f 888//888 889//889 890//890
f 888//888 890//890 891//891
f 892//892 893//893 894//894
f 892//892 894//894 895//895
f 896//896 897//897 898//898
f 896//896 898//898 899//899
f 900//900 901//901 902//902
f 900//900 902//902 903//903
f 904//904 905//905 906//906
f 904//904 906//906 907//907
f 908//908 909//909 910//910
f 908//908 910//910 911//911
f 912//912 913//913 914//914
f 912//912 914//914 915//915
f 916//916 917//917 918//918
f 916//916 918//918 919//919
f 920//920 921//921 922//922
f 920//920 922//922 923//923
f 924//924 925//925 926//926
f 924//924 926//926 927//927
f 928//928 929//929 930//930
f 928//928 930//930 931//931
f 932//932 933//933 934//934
f 932//932 934//934 935//935
f 936//936 937//937 938//938
f 936//936 938//938 939//939
f 940//940 936//936 939//939
f 940//940 939//939 941//941
f 942//942 943//943 944//944
f 942//942 944//944 945//945
f 946//946 947//947 948//948
f 946//946 948//948 949//949
f 950//950 951//951 952//952
f 950//950 952//952 953//953
f 954//954 955//955 956//956
f 954//954 956//956 957//957
f 958//958 954//954 957//957
f 958//958 957//957 959//959
f 960//960 961//961 962//962
f 960//960 962//962 963//963
f 964//964 965//965 966//966
f 964//964 966//966 967//967
f 968//968 969//969 970//970
f 968//968 970//970 971//971
f 972//972 973//973 974//974
f 972//972 974//974 975//975
f 976//976 977//977 978//978
f 976//976 978//978 979//979
f 980//980 981//981 982//982
f 980//980 982//982 983//983
f 984//984 985//985 986//986
f 984//984 986//986 987//987
f 988//988 989//989 990//990
f 988//988 990//990 991//991
f 992//992 993//993 994//994
f 992//992 994//994 995//995
f 996//996 997//997 998//998
f 996//996 998//998 999//999
f 1000//1000 1001//1001 1002//1002
f 1000//1000 1002//1002 1003//1003
f 1004//1004 1005//1005 1006//1006
f 1004//1004 1006//1006 1007//1007
f 1008//1008 1009//1009 1010//1010
f 1008//1008 1010//1010 1011//1011
f 1012//1012 1013//1013 1014//1014
f 1012//1012 1014//1014 1015//1015
f 1016//1016 1017//1017 1018//1018
f 1016//1016 1018//1018 1019//1019
f 1020//1020 1021//1021 1022//1022
f 1020//1020 1022//1022 1023//1023
f 1024//1024 1025//1025 1026//1026
f 1024//1024 1026//1026 1027//1027
f 1028//1028 1029//1029 1030//1030
f 1028//1028 1030//1030 1031//1031
f 1032//1032 1033//1033 1034//1034
f 1032//1032 1034//1034 1035//1035
f 1036//1036 1037//1037 1038//1038
f 1036//1036 1038//1038 1039//1039
f 1040//1040 1041//1041 1042//1042
f 1040//1040 1042//1042 1043//1043
f 1044//1044 1045//1045 1046//1046
f 1044//1044 1046//1046 1047//1047
f 1048//1048 1049//1049 1050//1050
f 1048//1048 1050//1050 1051//1051
f 1052//1052 1053//1053 1054//1054
f 1052//1052 1054//1054 1055//1055
f 1056//1056 1057//1057 1058//1058
f 1056//1056 1058//1058 1059//1059
f 1060//1060 1061//1061 1062//1062
f 1060//1060 1062//1062 1063//1063
f 1064//1064 1065//1065 1066//1066
f 1064//1064 1066//1066 1067//1067
f 1068//1068 1069//1069 1070//1070
f 1068//1068 1070//1070 1071//1071
f 1072//1072 1073//1073 1074//1074
f 1072//1072 1074//1074 1075//1075
f 1076//1076 1077//1077 1078//1078
f 1076//1076 1078//1078 1079//1079
f 1080//1080 1081//1081 1082//1082
f 1080//1080 1082//1082 1083//1083
f 1084//1084 1085//1085 1086//1086
f 1084//1084 1086//1086 1087//1087
f 1088//1088 1089//1089 1090//1090
f 1088//1088 1090//1090 1091//1091
f 1092//1092 1093//1093 1094//1094
f 1092//1092 1094//1094 1095//1095
f 1096//1096 1097//1097 1098//1098
f 1096//1096 1098//1098 1099//1099
f 1100//1100 1101//1101 1102//1102
f 1100//1100 1102//1102 1103//1103
f 1104//1104 1105//1105 1106//1106
f 1104//1104 1106//1106 1107//1107
f 1108//1108 1109//1109 1110//1110
f 1108//1108 1110//1110 1111//1111
f 1112//1112 1113//1113 1114//1114
f 1112//1112 1114//1114 1115//1115
f 1116//1116 1117//1117 1118//1118
f 1116//1116 1118//1118 1119//1119
f 1120//1120 1121//1121 1122//1122
f 1120//1120 1122//1122 1123//1123
f 1124//1124 1125//1125 1126//1126
f 1124//1124 1126//1126 1127//1127
f 1128//1128 1129//1129 1130//1130
f 1128//1128 1130//1130 1131//1131
f 1132//1132 1133//1133 1134//1134
f 1132//1132 1134//1134 1135//1135
f 1136//1136 1137//1137 1138//1138
f 1136//1136 1138//1138 1139//1139
f 1140//1140 1141//1141 1142//1142
f 1140//1140 1142//1142 1143//1143
f 1144//1144 1145//1145 1146//1146
f 1144//1144 1146//1146 1147//1147
f 1148//1148 1149//1149 1150//1150
f 1148//1148 1150//1150 1151//1151
f 1152//1152 1153//1153 1154//1154
f 1152//1152 1154//1154 1155//1155
f 1156//1156 1157//1157 1158//1158
f 1156//1156 1158//1158 1159//1159
f 1160//1160 1161//1161 1162//1162
f 1160//1160 1162//1162 1163//1163
f 1164//1164 1165//1165 1166//1166
f 1164//1164 1166//1166 1167//1167
f 1168//1168 1169//1169 1170//1170
f 1168//1168 1170//1170 1171//1171
f 1172//1172 1173//1173 1174//1174
f 1172//1172 1174//1174 1175//1175
f 1176//1176 1177//1177 1178//1178
f 1176//1176 1178//1178 1179//1179
f 1180//1180 1181//1181 1182//1182
f 1180//1180 1182//1182 1183//1183
f 1184//1184 1185//1185 1186//1186
f 1184//1184 1186//1186 1187//1187
f 1188//1188 1189//1189 1190//1190
f 1188//1188 1190//1190 1191//1191
f 1192//1192 1193//1193 1194//1194
f 1192//1192 1194//1194 1195//1195
f 1196//1196 1197//1197 1198//1198
f 1196//1196 1198//1198 1199//1199
f 1200//1200 1201//1201 1202//1202
f 1200//1200 1202//1202 1203//1203
f 1204//1204 1205//1205 1206//1206
f 1204//1204 1206//1206 1207//1207
f 1208//1208 1209//1209 1210//1210
f 1208//1208 1210//1210 1211//1211
f 1212//1212 1213//1213 1214//1214
f 1212//1212 1214//1214 1215//1215
f 1216//1216 1217//1217 1218//1218
f 1216//1216 1218//1218 1219//1219
f 1220//1220 1221//1221 1222//1222
f 1220//1220 1222//1222 1223//1223
f 1224//1224 1225//1225 1226//1226
f 1224//1224 1226//1226 1227//1227
f 1228//1228 1229//1229 1230//1230
f 1228//1228 1230//1230 1231//1231
f 1232//1232 1233//1233 1234//1234
f 1232//1232 1234//1234 1235//1235
f 1236//1236 1237//1237 1238//1238
f 1236//1236 1238//1238 1239//1239
f 1240//1240 1241//1241 1242//1242
f 1240//1240 1242//1242 1243//1243
f 1244//1244 1245//1245 1246//1246
f 1244//1244 1246//1246 1247//1247
f 1248//1248 1249//1249 1250//1250
f 1248//1248 1250//1250 1251//1251
f 1252//1252 1253//1253 1254//1254
f 1252//1252 1254//1254 1255//1255
f 1256//1256 1257//1257 1258//1258
f 1256//1256 1258//1258 1259//1259
f 1260//1260 1261//1261 1262//1262
f 1260//1260 1262//1262 1263//1263
f 1264//1264 1265//1265 1266//1266
f 1264//1264 1266//1266 1267//1267
f 1268//1268 1269//1269 1270//1270
f 1268//1268 1270//1270 1271//1271
f 1272//1272 1273//1273 1274//1274
f 1272//1272 1274//1274 1275//1275
f 1276//1276 1277//1277 1278//1278
f 1276//1276 1278//1278 1279//1279
f 1280//1280 1281//1281 1282//1282
f 1280//1280 1282//1282 1283//1283
f 1284//1284 1285//1285 1286//1286
f 1284//1284 1286//1286 1287//1287
f 1288//1288 1289//1289 1290//1290
f 1288//1288 1290//1290 1291//1291
f 1292//1292 1293//1293 1294//1294
f 1292//1292 1294//1294 1295//1295
f 1296//1296 1297//1297 1298//1298
f 1296//1296 1298//1298 1299//1299
f 1300//1300 1301//1301 1302//1302
f 1300//1300 1302//1302 1303//1303
f 1304//1304 1305//1305 1306//1306
f 1304//1304 1306//1306 1307//1307
f 1308//1308 1309//1309 1310//1310
f 1308//1308 1310//1310 1311//1311
f 1312//1312 1313//1313 1314//1314
f 1312//1312 1314//1314 1315//1315
f 1316//1316 1317//1317 1309//1309
f 1316//1316 1309//1309 1308//1308
f 1318//1318 1319//1319 1320//1320
f 1318//1318 1320//1320 1321//1321
f 1322//1322 1323//1323 1324//1324
f 1322//1322 1324//1324 1325//1325
f 1326//1326 1327//1327 1328//1328
f 1326//1326 1328//1328 1329//1329
f 1330//1330 1331//1331 1332//1332
f 1330//1330 1332//1332 1333//1333
f 1334//1334 1335//1335 1336//1336
f 1334//1334 1336//1336 1337//1337
f 1338//1338 1339//1339 1340//1340
f 1338//1338 1340//1340 1341//1341
f 1342//1342 1343//1343 1344//1344
f 1342//1342 1344//1344 1345//1345
f 1346//1346 1347//1347 1348//1348
f 1346//1346 1348//1348 1349//1349
f 1350//1350 1351//1351 1352//1352
f 1350//1350 1352//1352 1353//1353
f 1354//1354 1355//1355 1356//1356
f 1354//1354 1356//1356 1357//1357
f 1358//1358 1352//1352 1359//1359
f 1358//1358 1359//1359 1360//1360
f 1361//1361 1362//1362 1355//1355
f 1361//1361 1355//1355 1354//1354
f 1363//1363 1359//1359 1297//1297
f 1363//1363 1297//1297 1296//1296
f 1364//1364 1365//1365 1366//1366
f 1364//1364 1366//1366 1367//1367
f 1368//1368 1369//1369 1370//1370
f 1368//1368 1370//1370 1371//1371
f 1372//1372 1373//1373 1374//1374
f 1372//1372 1374//1374 1375//1375
f 1376//1376 1377//1377 1378//1378
f 1376//1376 1378//1378 1379//1379
f 1380//1380 1381//1381 1382//1382
f 1380//1380 1382//1382 1383//1383
f 1384//1384 1385//1385 1386//1386
f 1384//1384 1386//1386 1387//1387
f 1388//1388 1389//1389 1390//1390
f 1388//1388 1390//1390 1391//1391
f 1392//1392 1393//1393 1394//1394
f 1392//1392 1394//1394 1395//1395
f 1396//1396 1397//1397 1398//1398
f 1396//1396 1398//1398 1399//1399
f 1400//1400 1401//1401 1402//1402
f 1400//1400 1402//1402 1403//1403
f 1404//1404 1405//1405 1406//1406
f 1404//1404 1406//1406 1407//1407
f 1408//1408 1409//1409 1410//1410
f 1408//1408 1410//1410 1411//1411
f 1412//1412 1413//1413 1414//1414
f 1412//1412 1414//1414 1415//1415
f 1416//1416 1417//1417 1418//1418
f 1416//1416 1418//1418 1419//1419
f 1420//1420 1421//1421 1422//1422
f 1420//1420 1422//1422 1423//1423
f 1424//1424 1425//1425 1426//1426
f 1424//1424 1426//1426 1427//1427
f 1428//1428 1429//1429 1430//1430
f 1428//1428 1430//1430 1431//1431
f 1432//1432 1433//1433 1434//1434
f 1432//1432 1434//1434 1435//1435
f 1436//1436 1437//1437 1438//1438
f 1436//1436 1438//1438 1439//1439
f 1440//1440 1441//1441 1442//1442
f 1440//1440 1442//1442 1443//1443
f 1444//1444 1445//1445 1446//1446
f 1444//1444 1446//1446 1447//1447
f 1448//1448 1449//1449 1450//1450
f 1448//1448 1450//1450 1451//1451
f 1452//1452 1453//1453 1454//1454
f 1452//1452 1454//1454 1455//1455
f 1456//1456 1457//1457 1458//1458
f 1456//1456 1458//1458 1459//1459
f 1460//1460 1461//1461 1462//1462
f 1460//1460 1462//1462 1463//1463
f 1464//1464 1465//1465 1466//1466
f 1464//1464 1466//1466 1467//1467
f 1468//1468 1469//1469 1470//1470
f 1468//1468 1470//1470 1471//1471
f 1472//1472 1473//1473 1474//1474
f 1472//1472 1474//1474 1475//1475
f 1476//1476 1477//1477 1478//1478
f 1476//1476 1478//1478 1479//1479
f 1480//1480 1481//1481 1482//1482
f 1480//1480 1482//1482 1483//1483
f 1484//1484 1485//1485 1486//1486
f 1484//1484 1486//1486 1487//1487
f 1488//1488 1489//1489 1490//1490
f 1488//1488 1490//1490 1491//1491
f 1492//1492 1493//1493 1494//1494
f 1492//1492 1494//1494 1495//1495
f 1496//1496 1497//1497 1498//1498
f 1496//1496 1498//1498 1499//1499
f 1500//1500 1501//1501 1502//1502
f 1500//1500 1502//1502 1503//1503
f 1504//1504 1505//1505 1506//1506
f 1504//1504 1506//1506 1507//1507
f 1508//1508 1509//1509 1510//1510
f 1508//1508 1510//1510 1511//1511
f 1512//1512 1513//1513 1514//1514
f 1512//1512 1514//1514 1515//1515
f 1516//1516 1517//1517 1518//1518
f 1516//1516 1518//1518 1519//1519
f 1520//1520 1521//1521 1522//1522
f 1520//1520 1522//1522 1523//1523
f 1524//1524 1525//1525 1526//1526
f 1524//1524 1526//1526 1527//1527
f 1528//1528 1529//1529 1530//1530
f 1528//1528 1530//1530 1531//1531
f 1532//1532 1533//1533 1534//1534
f 1532//1532 1534//1534 1535//1535
f 1536//1536 1537//1537 1538//1538
f 1536//1536 1538//1538 1539//1539
f 1540//1540 1541//1541 1542//1542
f 1540//1540 1542//1542 1543//1543
f 1544//1544 1540//1540 1543//1543
f 1544//1544 1543//1543 1545//1545
f 1546//1546 1547//1547 1548//1548
f 1546//1546 1548//1548 1549//1549
f 1550//1550 1551//1551 1552//1552
f 1550//1550 1552//1552 1553//1553
f 1554//1554 1555//1555 1556//1556
f 1554//1554 1556//1556 1557//1557
f 1558//1558 1559//1559 1560//1560
f 1558//1558 1560//1560 1561//1561
f 1562//1562 1558//1558 1561//1561
f 1562//1562 1561//1561 1563//1563
f 1564//1564 1565//1565 1566//1566
f 1564//1564 1566//1566 1567//1567
f 1568//1568 1569//1569 1570//1570
f 1568//1568 1570//1570 1571//1571
f 1572//1572 1573//1573 1574//1574
f 1572//1572 1574//1574 1575//1575
f 1576//1576 1577//1577 1578//1578
f 1576//1576 1578//1578 1579//1579
f 1580//1580 1581//1581 1582//1582
f 1580//1580 1582//1582 1583//1583
f 1584//1584 1585//1585 1586//1586
f 1584//1584 1586//1586 1587//1587
f 1588//1588 1589//1589 1590//1590
f 1588//1588 1590//1590 1591//1591
f 1592//1592 1593//1593 1594//1594
f 1592//1592 1594//1594 1595//1595
f 1596//1596 1597//1597 1598//1598
f 1596//1596 1598//1598 1599//1599
f 1600//1600 1601//1601 1602//1602
f 1600//1600 1602//1602 1603//1603
f 1604//1604 1605//1605 1606//1606
f 1604//1604 1606//1606 1607//1607
f 1595//1595 1594//1594 1608//1608
f 1595//1595 1608//1608 1609//1609
f 1610//1610 1611//1611 1612//1612
f 1610//1610 1612//1612 1613//1613
f 1614//1614 1615//1615 1616//1616
f 1614//1614 1616//1616 1617//1617
f 1618//1618 1619//1619 1620//1620
f 1618//1618 1620//1620 1621//1621
f 1622//1622 1623//1623 1624//1624
f 1622//1622 1624//1624 1625//1625
f 1626//1626 1627//1627 1628//1628
f 1626//1626 1628//1628 1629//1629
f 1630//1630 1631//1631 1632//1632
f 1630//1630 1632//1632 1633//1633
f 1634//1634 1635//1635 1636//1636
f 1634//1634 1636//1636 1637//1637
f 1638//1638 1639//1639 1640//1640
f 1638//1638 1640//1640 1641//1641
f 1642//1642 1643//1643 1644//1644
f 1642//1642 1644//1644 1645//1645
f 1646//1646 1647//1647 1648//1648
f 1646//1646 1648//1648 1649//1649
f 1650//1650 1651//1651 1652//1652
f 1650//1650 1652//1652 1653//1653
f 1654//1654 1655//1655 1656//1656
f 1654//1654 1656//1656 1657//1657
f 1658//1658 1659//1659 1660//1660
f 1658//1658 1660//1660 1661//1661
f 1662//1662 1663//1663 1664//1664
f 1662//1662 1664//1664 1665//1665
f 1666//1666 1667//1667 1668//1668
f 1666//1666 1668//1668 1669//1669
f 1670//1670 1671//1671 1672//1672
f 1670//1670 1672//1672 1673//1673
f 1674//1674 1675//1675 1676//1676
f 1674//1674 1676//1676 1677//1677
f 1678//1678 1679//1679 1680//1680
f 1678//1678 1680//1680 1681//1681
f 1682//1682 1683//1683 1684//1684
f 1682//1682 1684//1684 1685//1685
f 1686//1686 1687//1687 1688//1688
f 1686//1686 1688//1688 1689//1689
f 1690//1690 1691//1691 1692//1692
f 1690//1690 1692//1692 1693//1693
f 1694//1694 1695//1695 1696//1696
f 1694//1694 1696//1696 1697//1697
f 1698//1698 1699//1699 1700//1700
f 1698//1698 1700//1700 1701//1701
f 1702//1702 1703//1703 1704//1704
f 1702//1702 1704//1704 1705//1705
f 1706//1706 1707//1707 1708//1708
f 1706//1706 1708//1708 1709//1709
f 1710//1710 1711//1711 1712//1712
f 1710//1710 1712//1712 1713//1713
f 1714//1714 1715//1715 1716//1716
f 1714//1714 1716//1716 1717//1717
f 1718//1718 1719//1719 1720//1720
f 1718//1718 1720//1720 1721//1721
f 1722//1722 1723//1723 1724//1724
f 1722//1722 1724//1724 1725//1725
f 1726//1726 1727//1727 1728//1728
f 1726//1726 1728//1728 1729//1729
f 1730//1730 1731//1731 1732//1732
f 1730//1730 1732//1732 1733//1733
f 1734//1734 1735//1735 1736//1736
f 1734//1734 1736//1736 1737//1737
f 1738//1738 1739//1739 1740//1740
f 1738//1738 1740//1740 1741//1741
f 1742//1742 1743//1743 1744//1744
f 1742//1742 1744//1744 1745//1745
f 1746//1746 1747//1747 1748//1748
f 1746//1746 1748//1748 1749//1749
f 1750//1750 1751//1751 1752//1752
f 1750//1750 1752//1752 1753//1753
f 1754//1754 1755//1755 1756//1756
f 1754//1754 1756//1756 1757//1757
f 1758//1758 1759//1759 1760//1760
f 1758//1758 1760//1760 1761//1761
f 1762//1762 1763//1763 1764//1764
f 1762//1762 1764//1764 1765//1765
f 1766//1766 1767//1767 1768//1768
f 1766//1766 1768//1768 1769//1769
f 1770//1770 1771//1771 1772//1772
f 1770//1770 1772//1772 1773//1773
f 1774//1774 1775//1775 1776//1776
f 1774//1774 1776//1776 1777//1777
f 1778//1778 1779//1779 1780//1780
f 1778//1778 1780//1780 1781//1781
f 1782//1782 1783//1783 1784//1784
f 1782//1782 1784//1784 1785//1785
f 1786//1786 1787//1787 1788//1788
f 1786//1786 1788//1788 1789//1789
f 1790//1790 1791//1791 1792//1792
f 1790//1790 1792//1792 1793//1793
f 1794//1794 1795//1795 1796//1796
f 1794//1794 1796//1796 1797//1797
f 1798//1798 1799//1799 1800//1800
f 1798//1798 1800//1800 1801//1801
f 1802//1802 1803//1803 1804//1804
f 1802//1802 1804//1804 1805//1805
f 1806//1806 1807//1807 1808//1808
f 1806//1806 1808//1808 1809//1809
f 1810//1810 1811//1811 1812//1812
f 1810//1810 1812//1812 1813//1813
f 1814//1814 1815//1815 1816//1816
f 1814//1814 1816//1816 1817//1817
f 1818//1818 1819//1819 1820//1820
f 1818//1818 1820//1820 1821//1821
f 1822//1822 1823//1823 1824//1824
f 1822//1822 1824//1824 1825//1825
f 1826//1826 1827//1827 1828//1828
f 1826//1826 1828//1828 1829//1829
f 1830//1830 1831//1831 1832//1832
f 1830//1830 1832//1832 1833//1833
f 1834//1834 1835//1835 1836//1836
f 1834//1834 1836//1836 1837//1837
f 1838//1838 1839//1839 1840//1840
f 1838//1838 1840//1840 1841//1841
f 1842//1842 1843//1843 1844//1844
f 1842//1842 1844//1844 1845//1845
f 1846//1846 1847//1847 1848//1848
f 1846//1846 1848//1848 1849//1849
f 1850//1850 1851//1851 1852//1852
f 1850//1850 1852//1852 1853//1853
f 1854//1854 1855//1855 1856//1856
f 1854//1854 1856//1856 1857//1857
f 1858//1858 1859//1859 1860//1860
f 1858//1858 1860//1860 1861//1861
f 1862//1862 1863//1863 1864//1864
f 1862//1862 1864//1864 1865//1865
f 1866//1866 1867//1867 1868//1868
f 1866//1866 1868//1868 1869//1869
f 1870//1870 1871//1871 1872//1872
f 1870//1870 1872//1872 1873//1873
f 1874//1874 1875//1875 1876//1876
f 1874//1874 1876//1876 1877//1877
f 1878//1878 1879//1879 1880//1880
f 1878//1878 1880//1880 1881//1881
f 1882//1882 1883//1883 1884//1884
f 1882//1882 1884//1884 1885//1885
f 1886//1886 1887//1887 1888//1888
f 1886//1886 1888//1888 1889//1889
f 1890//1890 1891//1891 1892//1892
f 1890//1890 1892//1892 1893//1893
f 1894//1894 1895//1895 1896//1896
f 1894//1894 1896//1896 1897//1897
f 1898//1898 1899//1899 1900//1900
f 1898//1898 1900//1900 1901//1901
f 1902//1902 1903//1903 1904//1904
f 1902//1902 1904//1904 1905//1905
f 1906//1906 1907//1907 1908//1908
f 1906//1906 1908//1908 1909//1909
f 1910//1910 1911//1911 1912//1912
f 1910//1910 1912//1912 1913//1913
f 1914//1914 1915//1915 1916//1916
f 1914//1914 1916//1916 1917//1917
f 1918//1918 1919//1919 1920//1920
f 1918//1918 1920//1920 1921//1921
f 1922//1922 1923//1923 1924//1924
f 1922//1922 1924//1924 1925//1925
f 1926//1926 1927//1927 1928//1928
f 1926//1926 1928//1928 1929//1929
f 1930//1930 1931//1931 1932//1932
f 1930//1930 1932//1932 1933//1933
f 1934//1934 1935//1935 1936//1936
f 1934//1934 1936//1936 1937//1937
f 1938//1938 1939//1939 1940//1940
f 1938//1938 1940//1940 1941//1941
f 1942//1942 1943//1943 1944//1944
f 1942//1942 1944//1944 1945//1945
f 1946//1946 1947//1947 1948//1948
f 1946//1946 1948//1948 1949//1949
f 1950//1950 1951//1951 1952//1952
f 1950//1950 1952//1952 1953//1953
f 1954//1954 1955//1955 1956//1956
f 1954//1954 1956//1956 1957//1957
f 1958//1958 1959//1959 1960//1960
f 1958//1958 1960//1960 1961//1961
f 1962//1962 1963//1963 1964//1964
f 1962//1962 1964//1964 1965//1965
f 1966//1966 1967//1967 1968//1968
f 1966//1966 1968//1968 1969//1969
f 1970//1970 1971//1971 1972//1972
f 1970//1970 1972//1972 1973//1973
f 1974//1974 1975//1975 1976//1976
f 1974//1974 1976//1976 1977//1977
f 1978//1978 1979//1979 1980//1980
f 1978//1978 1980//1980 1981//1981
f 1982//1982 1983//1983 1984//1984
f 1982//1982 1984//1984 1985//1985
f 1986//1986 1987//1987 1988//1988
f 1986//1986 1988//1988 1989//1989
f 1990//1990 1991//1991 1992//1992
f 1990//1990 1992//1992 1993//1993
f 1994//1994 1995//1995 1996//1996
f 1994//1994 1996//1996 1997//1997
f 1998//1998 1999//1999 2000//2000
f 1998//1998 2000//2000 2001//2001
f 2002//2002 2003//2003 2004//2004
f 2002//2002 2004//2004 2005//2005
f 2006//2006 2007//2007 2008//2008
f 2006//2006 2008//2008 2009//2009
f 2010//2010 2011//2011 2012//2012
f 2010//2010 2012//2012 2013//2013
f 2014//2014 2015//2015 2016//2016
f 2014//2014 2016//2016 2017//2017
f 2018//2018 2019//2019 2020//2020
f 2018//2018 2020//2020 2021//2021
f 2022//2022 2023//2023 2024//2024
f 2022//2022 2024//2024 2025//2025
f 2026//2026 2027//2027 2028//2028
f 2026//2026 2028//2028 2029//2029
f 2030//2030 2031//2031 2032//2032
f 2030//2030 2032//2032 2033//2033
f 2034//2034 2035//2035 2036//2036
f 2034//2034 2036//2036 2037//2037
f 2038//2038 2039//2039 2040//2040
f 2038//2038 2040//2040 2041//2041
f 2042//2042 2043//2043 2044//2044
f 2042//2042 2044//2044 2045//2045
f 2046//2046 2047//2047 2048//2048
f 2046//2046 2048//2048 2049//2049
f 2050//2050 2051//2051 2052//2052
f 2050//2050 2052//2052 2053//2053
f 2054//2054 2055//2055 2056//2056
f 2054//2054 2056//2056 2057//2057
f 2058//2058 2059//2059 2060//2060
f 2058//2058 2060//2060 2061//2061
f 2062//2062 2063//2063 2064//2064
f 2062//2062 2064//2064 2065//2065
f 2066//2066 2067//2067 2068//2068
f 2066//2066 2068//2068 2069//2069
f 2070//2070 2071//2071 2072//2072
f 2070//2070 2072//2072 2073//2073
f 2074//2074 2075//2075 2076//2076
f 2074//2074 2076//2076 2077//2077
f 2078//2078 2079//2079 2080//2080
f 2078//2078 2080//2080 2081//2081
f 2082//2082 2083//2083 2084//2084
f 2082//2082 2084//2084 2085//2085
f 2086//2086 2087//2087 2088//2088
f 2086//2086 2088//2088 2089//2089
f 2090//2090 2091//2091 2092//2092
f 2090//2090 2092//2092 2093//2093
f 2094//2094 2095//2095 2096//2096
f 2094//2094 2096//2096 2097//2097
f 2098//2098 2099//2099 2100//2100
f 2098//2098 2100//2100 2101//2101
f 2102//2102 2103//2103 2104//2104
f 2102//2102 2104//2104 2105//2105
f 2106//2106 2107//2107 2108//2108
f 2106//2106 2108//2108 2109//2109
f 2110//2110 2111//2111 2112//2112
f 2110//2110 2112//2112 2113//2113
f 2114//2114 2115//2115 2116//2116
f 2114//2114 2116//2116 2117//2117
f 2118//2118 2119//2119 2120//2120
f 2118//2118 2120//2120 2121//2121
f 2122//2122 2123//2123 2124//2124
f 2122//2122 2124//2124 2125//2125
f 2126//2126 2127//2127 2128//2128
f 2126//2126 2128//2128 2129//2129
f 2130//2130 2131//2131 2132//2132
f 2130//2130 2132//2132 2133//2133
f 2134//2134 2135//2135 2136//2136
f 2134//2134 2136//2136 2137//2137
f 2138//2138 2139//2139 2140//2140
f 2138//2138 2140//2140 2141//2141
f 2142//2142 2143//2143 2144//2144
f 2142//2142 2144//2144 2145//2145
f 2146//2146 2147//2147 2148//2148
f 2146//2146 2148//2148 2149//2149
f 2150//2150 2151//2151 2152//2152
f 2150//2150 2152//2152 2153//2153
f 2154//2154 2155//2155 2156//2156
f 2154//2154 2156//2156 2157//2157
f 2158//2158 2159//2159 2160//2160
f 2158//2158 2160//2160 2161//2161
f 2162//2162 2163//2163 2164//2164
f 2162//2162 2164//2164 2165//2165
f 2166//2166 2167//2167 2168//2168
f 2166//2166 2168//2168 2169//2169
f 2170//2170 2171//2171 2172//2172
f 2170//2170 2172//2172 2173//2173
f 2174//2174 2175//2175 2176//2176
f 2174//2174 2176//2176 2177//2177
f 2178//2178 2179//2179 2180//2180
f 2178//2178 2180//2180 2181//2181
f 2182//2182 2183//2183 2184//2184
f 2182//2182 2184//2184 2185//2185
f 2186//2186 2187//2187 2188//2188
f 2186//2186 2188//2188 2189//2189
f 2190//2190 2191//2191 2192//2192
f 2190//2190 2192//2192 2193//2193
f 2194//2194 2195//2195 2196//2196
f 2194//2194 2196//2196 2197//2197
f 2198//2198 2199//2199 2200//2200
f 2198//2198 2200//2200 2201//2201
f 2202//2202 2203//2203 2204//2204
f 2202//2202 2204//2204 2205//2205
f 2206//2206 2207//2207 2208//2208
f 2206//2206 2208//2208 2209//2209
f 2210//2210 2211//2211 2212//2212
f 2210//2210 2212//2212 2213//2213
f 2214//2214 2215//2215 2216//2216
f 2214//2214 2216//2216 2217//2217
f 2218//2218 2219//2219 2220//2220
f 2218//2218 2220//2220 2221//2221
f 2222//2222 2223//2223 2224//2224
f 2222//2222 2224//2224 2225//2225
f 2226//2226 2227//2227 2228//2228
f 2226//2226 2228//2228 2229//2229
f 2230//2230 2231//2231 2232//2232
f 2230//2230 2232//2232 2233//2233
f 2234//2234 2235//2235 2236//2236
f 2234//2234 2236//2236 2237//2237
f 2238//2238 2239//2239 2240//2240
f 2238//2238 2240//2240 2241//2241
f 2242//2242 2243//2243 2244//2244
f 2242//2242 2244//2244 2245//2245
f 2246//2246 2247//2247 2248//2248
f 2246//2246 2248//2248 2249//2249
f 2250//2250 2251//2251 2252//2252
f 2250//2250 2252//2252 2253//2253
f 2254//2254 2255//2255 2256//2256
f 2254//2254 2256//2256 2257//2257
f 2258//2258 2259//2259 2260//2260
f 2258//2258 2260//2260 2261//2261
f 2262//2262 2263//2263 2264//2264
f 2262//2262 2264//2264 2265//2265
f 2266//2266 2267//2267 2268//2268
f 2266//2266 2268//2268 2269//2269
f 2270//2270 2271//2271 2272//2272
f 2270//2270 2272//2272 2273//2273
f 2274//2274 2275//2275 2276//2276
f 2274//2274 2276//2276 2277//2277
f 2278//2278 2279//2279 2280//2280
f 2278//2278 2280//2280 2281//2281
f 2282//2282 2283//2283 2284//2284
f 2282//2282 2284//2284 2285//2285
f 2286//2286 2287//2287 2288//2288
f 2286//2286 2288//2288 2289//2289
f 2290//2290 2291//2291 2292//2292
f 2290//2290 2292//2292 2293//2293
f 2294//2294 2295//2295 2296//2296
f 2294//2294 2296//2296 2297//2297
f 2298//2298 2299//2299 2300//2300
f 2298//2298 2300//2300 2301//2301
f 2302//2302 2303//2303 2304//2304
f 2302//2302 2304//2304 2305//2305
f 2306//2306 2307//2307 2308//2308
f 2306//2306 2308//2308 2309//2309
f 2310//2310 2311//2311 2312//2312
f 2310//2310 2312//2312 2313//2313
f 2314//2314 2315//2315 2316//2316
f 2314//2314 2316//2316 2317//2317
f 2318//2318 2319//2319 2320//2320
f 2318//2318 2320//2320 2321//2321
f 2322//2322 2323//2323 2324//2324
f 2322//2322 2324//2324 2325//2325
f 2326//2326 2327//2327 2328//2328
f 2326//2326 2328//2328 2329//2329
f 2330//2330 2331//2331 2332//2332
f 2330//2330 2332//2332 2333//2333
f 2334//2334 2335//2335 2336//2336
f 2334//2334 2336//2336 2337//2337
f 2338//2338 2339//2339 2340//2340
f 2338//2338 2340//2340 2341//2341
f 2342//2342 2343//2343 2344//2344
f 2342//2342 2344//2344 2345//2345
f 2346//2346 2347//2347 2348//2348
f 2346//2346 2348//2348 2349//2349
f 2350//2350 2351//2351 2352//2352
f 2350//2350 2352//2352 2353//2353
f 2354//2354 2355//2355 2356//2356
f 2354//2354 2356//2356 2357//2357
f 2358//2358 2359//2359 2355//2355
f 2358//2358 2355//2355 2354//2354
f 2360//2360 2361//2361 2359//2359
f 2360//2360 2359//2359 2358//2358
f 2362//2362 2363//2363 2361//2361
f 2362//2362 2361//2361 2360//2360
f 2364//2364 2365//2365 2366//2366
f 2364//2364 2366//2366 2367//2367
f 2368//2368 2369//2369 2370//2370
f 2368//2368 2370//2370 2371//2371
f 2372//2372 2373//2373 2374//2374
f 2372//2372 2374//2374 2375//2375
f 2376//2376 2377//2377 2378//2378
f 2376//2376 2378//2378 2379//2379
f 2380//2380 2381//2381 2382//2382
f 2380//2380 2382//2382 2383//2383
f 2384//2384 2385//2385 2386//2386
f 2384//2384 2386//2386 2387//2387
f 2388//2388 2389//2389 2390//2390
f 2388//2388 2390//2390 2391//2391
f 2392//2392 2393//2393 2394//2394
f 2392//2392 2394//2394 2395//2395
f 2396//2396 2397//2397 2398//2398
f 2396//2396 2398//2398 2399//2399
f 2400//2400 2401//2401 2402//2402
f 2400//2400 2402//2402 2403//2403
f 2404//2404 2405//2405 2406//2406
f 2404//2404 2406//2406 2407//2407
f 2408//2408 2409//2409 2410//2410
f 2408//2408 2410//2410 2411//2411
f 2412//2412 2413//2413 2414//2414
f 2412//2412 2414//2414 2415//2415
f 2416//2416 2417//2417 2418//2418
f 2416//2416 2418//2418 2419//2419
f 2420//2420 2421//2421 2422//2422
f 2420//2420 2422//2422 2423//2423
f 2424//2424 2425//2425 2426//2426
f 2424//2424 2426//2426 2427//2427
f 2428//2428 2429//2429 2430//2430
f 2428//2428 2430//2430 2431//2431
f 2432//2432 2433//2433 2434//2434
f 2432//2432 2434//2434 2435//2435
f 2436//2436 2437//2437 2438//2438
f 2436//2436 2438//2438 2439//2439
f 2440//2440 2441//2441 2442//2442
f 2440//2440 2442//2442 2443//2443
f 2444//2444 2445//2445 2446//2446
f 2444//2444 2446//2446 2447//2447
f 2448//2448 2449//2449 2450//2450
f 2448//2448 2450//2450 2451//2451
f 2452//2452 2453//2453 2454//2454
f 2452//2452 2454//2454 2455//2455
f 2456//2456 2457//2457 2458//2458
f 2456//2456 2458//2458 2459//2459
f 2460//2460 2461//2461 2462//2462
f 2460//2460 2462//2462 2463//2463
f 2464//2464 2465//2465 2466//2466
f 2464//2464 2466//2466 2467//2467
f 2468//2468 2469//2469 2470//2470
f 2468//2468 2470//2470 2471//2471
f 2472//2472 2473//2473 2474//2474
f 2472//2472 2474//2474 2475//2475
f 2476//2476 2477//2477 2478//2478
f 2476//2476 2478//2478 2479//2479
f 2480//2480 2481//2481 2482//2482
f 2480//2480 2482//2482 2483//2483
f 2484//2484 2485//2485 2486//2486
f 2484//2484 2486//2486 2487//2487
f 2488//2488 2489//2489 2490//2490
f 2488//2488 2490//2490 2491//2491
f 2492//2492 2493//2493 2494//2494
f 2492//2492 2494//2494 2495//2495
f 2496//2496 2497//2497 2498//2498
f 2496//2496 2498//2498 2499//2499
f 2500//2500 2501//2501 2502//2502
f 2500//2500 2502//2502 2503//2503
f 2504//2504 2505//2505 2506//2506
f 2504//2504 2506//2506 2507//2507
f 2508//2508 2509//2509 2510//2510
f 2508//2508 2510//2510 2511//2511
f 2512//2512 2513//2513 2514//2514
f 2512//2512 2514//2514 2515//2515
f 2516//2516 2517//2517 2518//2518
f 2516//2516 2518//2518 2519//2519
f 2520//2520 2521//2521 2522//2522
f 2520//2520 2522//2522 2523//2523
f 2524//2524 2525//2525 2526//2526
f 2524//2524 2526//2526 2527//2527
f 2528//2528 2529//2529 2530//2530
f 2528//2528 2530//2530 2531//2531
f 2532//2532 2533//2533 2534//2534
f 2532//2532 2534//2534 2535//2535
f 2536//2536 2537//2537 2538//2538
f 2536//2536 2538//2538 2539//2539
f 2540//2540 2541//2541 2542//2542
f 2540//2540 2542//2542 2543//2543
f 2544//2544 2545//2545 2541//2541
f 2544//2544 2541//2541 2540//2540
f 2546//2546 2547//2547 2548//2548
f 2546//2546 2548//2548 2549//2549
f 2550//2550 2551//2551 2552//2552
f 2550//2550 2552//2552 2553//2553
f 2554//2554 2555//2555 2556//2556
f 2554//2554 2556//2556 2557//2557
f 2558//2558 2559//2559 2560//2560
f 2558//2558 2560//2560 2561//2561
f 2562//2562 2563//2563 2564//2564
f 2562//2562 2564//2564 2565//2565
f 2566//2566 2567//2567 2568//2568
f 2566//2566 2568//2568 2569//2569
f 2570//2570 2571//2571 2572//2572
f 2570//2570 2572//2572 2573//2573
f 2574//2574 2575//2575 2576//2576
f 2574//2574 2576//2576 2577//2577
f 2578//2578 2579//2579 2580//2580
f 2578//2578 2580//2580 2581//2581
f 2582//2582 2583//2583 2584//2584
f 2582//2582 2584//2584 2585//2585
f 2586//2586 2587//2587 2588//2588
f 2586//2586 2588//2588 2589//2589
f 2590//2590 2591//2591 2592//2592
f 2590//2590 2592//2592 2593//2593
f 2594//2594 2595//2595 2596//2596
f 2594//2594 2596//2596 2597//2597
f 2598//2598 2599//2599 2600//2600
f 2598//2598 2600//2600 2601//2601
f 2602//2602 2603//2603 2604//2604
f 2602//2602 2604//2604 2605//2605
f 2591//2591 2606//2606 2607//2607
f 2591//2591 2607//2607 2592//2592
f 2608//2608 2609//2609 2610//2610
f 2608//2608 2610//2610 2611//2611
f 2612//2612 2613//2613 2614//2614
f 2612//2612 2614//2614 2615//2615
f 2616//2616 2617//2617 2618//2618
f 2616//2616 2618//2618 2619//2619
f 2620//2620 2621//2621 2622//2622
f 2620//2620 2622//2622 2623//2623
f 2624//2624 2625//2625 2626//2626
f 2624//2624 2626//2626 2627//2627
f 2628//2628 2629//2629 2630//2630
f 2628//2628 2630//2630 2631//2631
f 2632//2632 2633//2633 2634//2634
f 2632//2632 2634//2634 2635//2635
f 2636//2636 2637//2637 2638//2638
f 2636//2636 2638//2638 2639//2639
f 2640//2640 2641//2641 2642//2642
f 2640//2640 2642//2642 2643//2643
f 2644//2644 2645//2645 2646//2646
f 2644//2644 2646//2646 2647//2647
f 2648//2648 2649//2649 2650//2650
f 2648//2648 2650//2650 2651//2651
f 2652//2652 2653//2653 2654//2654
f 2652//2652 2654//2654 2655//2655
f 2656//2656 2657//2657 2658//2658
f 2656//2656 2658//2658 2659//2659
f 2660//2660 2661//2661 2662//2662
f 2660//2660 2662//2662 2663//2663
f 2664//2664 2665//2665 2666//2666
f 2664//2664 2666//2666 2667//2667
f 2668//2668 2669//2669 2670//2670
f 2668//2668 2670//2670 2671//2671
f 2672//2672 2673//2673 2674//2674
f 2672//2672 2674//2674 2675//2675
f 2676//2676 2677//2677 2678//2678
f 2676//2676 2678//2678 2679//2679
f 2680//2680 2681//2681 2682//2682
f 2680//2680 2682//2682 2683//2683
f 2684//2684 2685//2685 2686//2686
f 2684//2684 2686//2686 2687//2687
f 2688//2688 2689//2689 2690//2690
f 2688//2688 2690//2690 2691//2691
f 2692//2692 2693//2693 2694//2694
f 2692//2692 2694//2694 2695//2695
f 2696//2696 2697//2697 2698//2698
f 2696//2696 2698//2698 2699//2699
f 2700//2700 2701//2701 2702//2702
f 2700//2700 2702//2702 2703//2703
f 2704//2704 2705//2705 2706//2706
f 2704//2704 2706//2706 2707//2707
f 2708//2708 2709//2709 2710//2710
f 2708//2708 2710//2710 2711//2711
f 2712//2712 2713//2713 2714//2714
f 2712//2712 2714//2714 2715//2715
f 2716//2716 2717//2717 2718//2718
f 2716//2716 2718//2718 2719//2719
f 2720//2720 2721//2721 2722//2722
f 2720//2720 2722//2722 2723//2723
f 2724//2724 2725//2725 2726//2726
f 2724//2724 2726//2726 2727//2727
f 2728//2728 2729//2729 2730//2730
f 2728//2728 2730//2730 2731//2731
f 2732//2732 2733//2733 2734//2734
f 2732//2732 2734//2734 2735//2735
f 2736//2736 2737//2737 2738//2738
f 2736//2736 2738//2738 2739//2739
f 2740//2740 2741//2741 2742//2742
f 2740//2740 2742//2742 2743//2743
f 2744//2744 2745//2745 2746//2746
f 2744//2744 2746//2746 2747//2747
f 2748//2748 2749//2749 2750//2750
f 2748//2748 2750//2750 2751//2751
f 2752//2752 2753//2753 2754//2754
f 2752//2752 2754//2754 2755//2755
f 2756//2756 2757//2757 2758//2758
f 2756//2756 2758//2758 2759//2759
f 2760//2760 2761//2761 2762//2762
f 2760//2760 2762//2762 2763//2763
f 2764//2764 2765//2765 2766//2766
f 2767//2767 2768//2768 2769//2769
f 2770//2770 2771//2771 2772//2772
f 2773//2773 2774//2774 2767//2767
f 2773//2773 2767//2767 2769//2769
f 2766//2766 2765//2765 2770//2770
f 2766//2766 2770//2770 2772//2772
f 2768//2768 2767//2767 2765//2765
f 2768//2768 2765//2765 2764//2764
f 2771//2771 2770//2770 2775//2775
f 2771//2771 2775//2775 2776//2776
f 2777//2777 2778//2778 2779//2779
f 2777//2777 2779//2779 2780//2780
f 2781//2781 2782//2782 2778//2778
f 2781//2781 2778//2778 2777//2777
f 2783//2783 2784//2784 2785//2785
f 2783//2783 2785//2785 2786//2786
f 2787//2787 2788//2788 2784//2784
f 2787//2787 2784//2784 2783//2783
f 2789//2789 2790//2790 2788//2788
f 2789//2789 2788//2788 2787//2787
f 2780//2780 2779//2779 2790//2790
f 2780//2780 2790//2790 2789//2789
f 2791//2791 2792//2792 2793//2793
f 2791//2791 2793//2793 2794//2794
f 2792//2792 2795//2795 2796//2796
f 2792//2792 2796//2796 2793//2793
f 2795//2795 2797//2797 2798//2798
f 2795//2795 2798//2798 2796//2796
f 2797//2797 2799//2799 2800//2800
f 2797//2797 2800//2800 2798//2798
f 2799//2799 2801//2801 2802//2802
f 2799//2799 2802//2802 2800//2800
f 2801//2801 2803//2803 2804//2804
f 2801//2801 2804//2804 2802//2802
f 2805//2805 2806//2806 2807//2807
f 2805//2805 2807//2807 2808//2808
f 2809//2809 2810//2810 2806//2806
f 2809//2809 2806//2806 2805//2805
f 2807//2807 2811//2811 2812//2812
f 2807//2807 2812//2812 2808//2808
f 2813//2813 2814//2814 2815//2815
f 2813//2813 2815//2815 2816//2816
f 2817//2817 2818//2818 2814//2814
f 2817//2817 2814//2814 2813//2813
f 2815//2815 2590//2590 2593//2593
f 2815//2815 2593//2593 2816//2816
f 2819//2819 2820//2820 2821//2821
f 2819//2819 2821//2821 2822//2822
f 2823//2823 2824//2824 2820//2820
f 2823//2823 2820//2820 2819//2819
f 2822//2822 2821//2821 2825//2825
f 2822//2822 2825//2825 2826//2826
f 2827//2827 2828//2828 2829//2829
f 2827//2827 2829//2829 2830//2830
f 2831//2831 2832//2832 2830//2830
f 2831//2831 2830//2830 2829//2829
f 2827//2827 2833//2833 2834//2834
f 2827//2827 2834//2834 2828//2828
f 2835//2835 2836//2836 2837//2837
f 2835//2835 2837//2837 2838//2838
f 2839//2839 2840//2840 2836//2836
f 2839//2839 2836//2836 2835//2835
f 2841//2841 2842//2842 2843//2843
f 2841//2841 2843//2843 2844//2844
f 2845//2845 2846//2846 2842//2842
f 2845//2845 2842//2842 2841//2841
f 2847//2847 2848//2848 2846//2846
f 2847//2847 2846//2846 2845//2845
f 2849//2849 2850//2850 2848//2848
f 2849//2849 2848//2848 2847//2847
f 2851//2851 2852//2852 2850//2850
f 2851//2851 2850//2850 2849//2849
f 2853//2853 2854//2854 2852//2852
f 2853//2853 2852//2852 2851//2851
f 2855//2855 2856//2856 2854//2854
f 2855//2855 2854//2854 2853//2853
f 2838//2838 2837//2837 2856//2856
f 2838//2838 2856//2856 2855//2855
f 2857//2857 2858//2858 2859//2859
f 2857//2857 2859//2859 2860//2860
f 2861//2861 2857//2857 2860//2860
f 2861//2861 2860//2860 2862//2862
f 2863//2863 2864//2864 2865//2865
f 2863//2863 2865//2865 2866//2866
f 2867//2867 2863//2863 2866//2866
f 2867//2867 2866//2866 2868//2868
f 2869//2869 2867//2867 2868//2868
f 2869//2869 2868//2868 2870//2870
f 2858//2858 2869//2869 2870//2870
f 2858//2858 2870//2870 2859//2859
f 2871//2871 2872//2872 2873//2873
f 2871//2871 2873//2873 2874//2874
f 2872//2872 2875//2875 2876//2876
f 2872//2872 2876//2876 2873//2873
f 2877//2877 2878//2878 2879//2879
f 2877//2877 2879//2879 2880//2880
f 2878//2878 2881//2881 2882//2882
f 2878//2878 2882//2882 2879//2879
f 2881//2881 2883//2883 2884//2884
f 2881//2881 2884//2884 2882//2882
f 2883//2883 2871//2871 2874//2874
f 2883//2883 2874//2874 2884//2884
f 2885//2885 2886//2886 2887//2887
f 2885//2885 2887//2887 2888//2888
f 2888//2888 2887//2887 2889//2889
f 2888//2888 2889//2889 2890//2890
f 2890//2890 2889//2889 2891//2891
f 2890//2890 2891//2891 2892//2892
f 2892//2892 2891//2891 2893//2893
f 2892//2892 2893//2893 2894//2894
f 2894//2894 2893//2893 2895//2895
f 2894//2894 2895//2895 2896//2896
f 2896//2896 2895//2895 2897//2897
f 2896//2896 2897//2897 2898//2898
f 2898//2898 2897//2897 2899//2899
f 2898//2898 2899//2899 2900//2900
f 2900//2900 2899//2899 2901//2901
f 2900//2900 2901//2901 2902//2902
f 2902//2902 2901//2901 2903//2903
f 2902//2902 2903//2903 2904//2904
f 2905//2905 2906//2906 2886//2886
f 2905//2905 2886//2886 2885//2885
f 2907//2907 2908//2908 2909//2909
f 2907//2907 2909//2909 2910//2910
f 2910//2910 2909//2909 2911//2911
f 2910//2910 2911//2911 2912//2912
f 2913//2913 2914//2914 2915//2915
f 2913//2913 2915//2915 2916//2916
f 2916//2916 2915//2915 2917//2917
f 2916//2916 2917//2917 2918//2918
f 2918//2918 2917//2917 2919//2919
f 2918//2918 2919//2919 2920//2920
f 2920//2920 2919//2919 2908//2908
f 2920//2920 2908//2908 2907//2907
f 2921//2921 2922//2922 2923//2923
f 2921//2921 2923//2923 2924//2924
f 2924//2924 2923//2923 2925//2925
f 2924//2924 2925//2925 2926//2926
f 2926//2926 2925//2925 2927//2927
f 2926//2926 2927//2927 2928//2928
f 2928//2928 2927//2927 2929//2929
f 2928//2928 2929//2929 2930//2930
f 2930//2930 2929//2929 2931//2931
f 2930//2930 2931//2931 2932//2932
f 2932//2932 2931//2931 2933//2933
f 2932//2932 2933//2933 2934//2934
f 2934//2934 2933//2933 2935//2935
f 2934//2934 2935//2935 2936//2936
f 2936//2936 2935//2935 2937//2937
f 2936//2936 2937//2937 2938//2938
f 2938//2938 2937//2937 2939//2939
f 2938//2938 2939//2939 2940//2940
f 2940//2940 2939//2939 2941//2941
f 2940//2940 2941//2941 2942//2942
f 2943//2943 2944//2944 2922//2922
f 2943//2943 2922//2922 2921//2921
f 2945//2945 2946//2946 2947//2947
f 2945//2945 2947//2947 2948//2948
f 2948//2948 2947//2947 2949//2949
f 2948//2948 2949//2949 2950//2950
f 2950//2950 2949//2949 2951//2951
f 2950//2950 2951//2951 2952//2952
f 2952//2952 2951//2951 2953//2953
f 2952//2952 2953//2953 2954//2954
f 2954//2954 2953//2953 2955//2955
f 2954//2954 2955//2955 2956//2956
f 2956//2956 2955//2955 2957//2957
f 2956//2956 2957//2957 2958//2958
f 2958//2958 2957//2957 2959//2959
f 2958//2958 2959//2959 2960//2960
f 2960//2960 2959//2959 2961//2961
f 2960//2960 2961//2961 2962//2962
f 2962//2962 2961//2961 2963//2963
f 2962//2962 2963//2963 2964//2964
f 2964//2964 2963//2963 2965//2965
f 2964//2964 2965//2965 2966//2966
f 2967//2967 2968//2968 2946//2946
f 2967//2967 2946//2946 2945//2945
f 2969//2969 2970//2970 2971//2971
f 2969//2969 2971//2971 2972//2972
f 2972//2972 2971//2971 2973//2973
f 2972//2972 2973//2973 2974//2974
f 2974//2974 2973//2973 2975//2975
f 2974//2974 2975//2975 2976//2976
f 2976//2976 2975//2975 2977//2977
f 2976//2976 2977//2977 2978//2978
f 2978//2978 2977//2977 2979//2979
f 2978//2978 2979//2979 2980//2980
f 2980//2980 2979//2979 2981//2981
f 2980//2980 2981//2981 2982//2982
f 2982//2982 2981//2981 2983//2983
f 2982//2982 2983//2983 2984//2984
f 2984//2984 2983//2983 2985//2985
f 2984//2984 2985//2985 2986//2986
f 2986//2986 2985//2985 2987//2987
f 2986//2986 2987//2987 2988//2988
f 2989//2989 2990//2990 2970//2970
f 2989//2989 2970//2970 2969//2969
f 2991//2991 2992//2992 2993//2993
f 2991//2991 2993//2993 2994//2994
f 2994//2994 2993//2993 2995//2995
f 2994//2994 2995//2995 2996//2996
f 2996//2996 2995//2995 2997//2997
f 2996//2996 2997//2997 2998//2998
f 2998//2998 2997//2997 2999//2999
f 2998//2998 2999//2999 3000//3000
f 3000//3000 2999//2999 3001//3001
f 3000//3000 3001//3001 3002//3002
f 3002//3002 3001//3001 3003//3003
f 3002//3002 3003//3003 3004//3004
f 3004//3004 3003//3003 3005//3005
f 3004//3004 3005//3005 3006//3006
f 3006//3006 3005//3005 3007//3007
f 3006//3006 3007//3007 3008//3008
f 3008//3008 3007//3007 3009//3009
f 3008//3008 3009//3009 3010//3010
f 3011//3011 3012//3012 2992//2992
f 3011//3011 2992//2992 2991//2991
f 3013//3013 3014//3014 3015//3015
f 3013//3013 3015//3015 3016//3016
f 3016//3016 3015//3015 3017//3017
f 3016//3016 3017//3017 3018//3018
f 3018//3018 3017//3017 3019//3019
f 3018//3018 3019//3019 3020//3020
f 3020//3020 3019//3019 3021//3021
f 3020//3020 3021//3021 3022//3022
f 3022//3022 3021//3021 3023//3023
f 3022//3022 3023//3023 3024//3024
f 3024//3024 3023//3023 3025//3025
f 3024//3024 3025//3025 3026//3026
f 3026//3026 3025//3025 3027//3027
f 3026//3026 3027//3027 3028//3028
f 3028//3028 3027//3027 3029//3029
f 3028//3028 3029//3029 3030//3030
f 3030//3030 3029//3029 3031//3031
f 3030//3030 3031//3031 3032//3032
f 3032//3032 3031//3031 3033//3033
f 3032//3032 3033//3033 3034//3034
f 3035//3035 3036//3036 3014//3014
f 3035//3035 3014//3014 3013//3013
f 3037//3037 3038//3038 3039//3039
f 3037//3037 3039//3039 3040//3040
f 3040//3040 3039//3039 3041//3041
f 3040//3040 3041//3041 3042//3042
f 3042//3042 3041//3041 3043//3043
f 3042//3042 3043//3043 3044//3044
f 3044//3044 3043//3043 3045//3045
f 3044//3044 3045//3045 3046//3046
f 3046//3046 3045//3045 3047//3047
f 3046//3046 3047//3047 3048//3048
f 3048//3048 3047//3047 3049//3049
f 3048//3048 3049//3049 3050//3050
f 3050//3050 3049//3049 3051//3051
f 3050//3050 3051//3051 3052//3052
f 3052//3052 3051//3051 3053//3053
f 3052//3052 3053//3053 3054//3054
f 3054//3054 3053//3053 3055//3055
f 3054//3054 3055//3055 3056//3056
f 3056//3056 3055//3055 3057//3057
f 3056//3056 3057//3057 3058//3058
f 3059//3059 3060//3060 3038//3038
f 3059//3059 3038//3038 3037//3037
f 3061//3061 3062//3062 3063//3063
f 3061//3061 3063//3063 3064//3064
f 3065//3065 3066//3066 3067//3067
f 3065//3065 3067//3067 3068//3068
f 3069//3069 3065//3065 3068//3068
f 3069//3069 3068//3068 3070//3070
f 3071//3071 3069//3069 3070//3070
f 3071//3071 3070//3070 3072//3072
f 3073//3073 3071//3071 3072//3072
f 3073//3073 3072//3072 3074//3074
f 3075//3075 3073//3073 3074//3074
f 3075//3075 3074//3074 3076//3076
f 3077//3077 3075//3075 3076//3076
f 3077//3077 3076//3076 3078//3078
f 3079//3079 3077//3077 3078//3078
f 3079//3079 3078//3078 3080//3080
f 3081//3081 3079//3079 3080//3080
f 3081//3081 3080//3080 3082//3082
f 3062//3062 3081//3081 3082//3082
f 3062//3062 3082//3082 3063//3063
f 3083//3083 3084//3084 3085//3085
f 3083//3083 3085//3085 3086//3086
f 3087//3087 3088//3088 3089//3089
f 3087//3087 3089//3089 3090//3090
f 3091//3091 3092//3092 3088//3088
f 3091//3091 3088//3088 3087//3087
f 3093//3093 3094//3094 3092//3092
f 3093//3093 3092//3092 3091//3091
f 3095//3095 3096//3096 3094//3094
f 3095//3095 3094//3094 3093//3093
f 3097//3097 3098//3098 3096//3096
f 3097//3097 3096//3096 3095//3095
f 3099//3099 3100//3100 3098//3098
f 3099//3099 3098//3098 3097//3097
f 3101//3101 3102//3102 3100//3100
f 3101//3101 3100//3100 3099//3099
f 3103//3103 3104//3104 3102//3102
f 3103//3103 3102//3102 3101//3101
f 3086//3086 3085//3085 3104//3104
f 3086//3086 3104//3104 3103//3103
f 3105//3105 3106//3106 3107//3107
f 3105//3105 3107//3107 3108//3108
f 3106//3106 3109//3109 3110//3110
f 3106//3106 3110//3110 3107//3107
f 3109//3109 3111//3111 3112//3112
f 3109//3109 3112//3112 3110//3110
f 3111//3111 3113//3113 3114//3114
f 3111//3111 3114//3114 3112//3112
f 3113//3113 3115//3115 3116//3116
f 3113//3113 3116//3116 3114//3114
f 3115//3115 3117//3117 3118//3118
f 3115//3115 3118//3118 3116//3116
f 3117//3117 3119//3119 3120//3120
f 3117//3117 3120//3120 3118//3118
f 3119//3119 3121//3121 3122//3122
f 3119//3119 3122//3122 3120//3120
f 3121//3121 3123//3123 3124//3124
f 3121//3121 3124//3124 3122//3122
f 3123//3123 3125//3125 3126//3126
f 3123//3123 3126//3126 3124//3124
f 3127//3127 3105//3105 3108//3108
f 3127//3127 3108//3108 3128//3128
f 3129//3129 3130//3130 3131//3131
f 3129//3129 3131//3131 3132//3132
f 3130//3130 3133//3133 3134//3134
f 3130//3130 3134//3134 3131//3131
f 3133//3133 3135//3135 3136//3136
f 3133//3133 3136//3136 3134//3134
f 3135//3135 3137//3137 3138//3138
f 3135//3135 3138//3138 3136//3136
f 3137//3137 3139//3139 3140//3140
f 3137//3137 3140//3140 3138//3138
f 3139//3139 3141//3141 3142//3142
f 3139//3139 3142//3142 3140//3140
f 3141//3141 3143//3143 3144//3144
f 3141//3141 3144//3144 3142//3142
f 3143//3143 3145//3145 3146//3146
f 3143//3143 3146//3146 3144//3144
f 3145//3145 3147//3147 3148//3148
f 3145//3145 3148//3148 3146//3146
f 3147//3147 3149//3149 3150//3150
f 3147//3147 3150//3150 3148//3148
f 3151//3151 3129//3129 3132//3132
f 3151//3151 3132//3132 3152//3152
f 3153//3153 3154//3154 3155//3155
f 3153//3153 3155//3155 3156//3156
f 3154//3154 3157//3157 3158//3158
f 3154//3154 3158//3158 3155//3155
f 3157//3157 3159//3159 3160//3160
f 3157//3157 3160//3160 3158//3158
f 3159//3159 3161//3161 3162//3162
f 3159//3159 3162//3162 3160//3160
f 3161//3161 3163//3163 3164//3164
f 3161//3161 3164//3164 3162//3162
f 3163//3163 3165//3165 3166//3166
f 3163//3163 3166//3166 3164//3164
f 3165//3165 3167//3167 3168//3168
f 3165//3165 3168//3168 3166//3166
f 3167//3167 3169//3169 3170//3170
f 3167//3167 3170//3170 3168//3168
f 3169//3169 3171//3171 3172//3172
f 3169//3169 3172//3172 3170//3170
f 3173//3173 3153//3153 3156//3156
f 3173//3173 3156//3156 3174//3174
f 3175//3175 3176//3176 3177//3177
f 3175//3175 3177//3177 3178//3178
f 3176//3176 3179//3179 3180//3180
f 3176//3176 3180//3180 3177//3177
f 3179//3179 3181//3181 3182//3182
f 3179//3179 3182//3182 3180//3180
f 3181//3181 3183//3183 3184//3184
f 3181//3181 3184//3184 3182//3182
f 3183//3183 3185//3185 3186//3186
f 3183//3183 3186//3186 3184//3184
f 3185//3185 3187//3187 3188//3188
f 3185//3185 3188//3188 3186//3186
f 3187//3187 3189//3189 3190//3190
f 3187//3187 3190//3190 3188//3188
f 3189//3189 3191//3191 3192//3192
f 3189//3189 3192//3192 3190//3190
f 3191//3191 3193//3193 3194//3194
f 3191//3191 3194//3194 3192//3192
f 3195//3195 3175//3175 3178//3178
f 3195//3195 3178//3178 3196//3196
f 3197//3197 3198//3198 3199//3199
f 3197//3197 3199//3199 3200//3200
f 3198//3198 3201//3201 3202//3202
f 3198//3198 3202//3202 3199//3199
f 3201//3201 3203//3203 3204//3204
f 3201//3201 3204//3204 3202//3202
f 3203//3203 3205//3205 3206//3206
f 3203//3203 3206//3206 3204//3204
f 3205//3205 3207//3207 3208//3208
f 3205//3205 3208//3208 3206//3206
f 3207//3207 3209//3209 3210//3210
f 3207//3207 3210//3210 3208//3208
f 3209//3209 3211//3211 3212//3212
f 3209//3209 3212//3212 3210//3210
f 3211//3211 3213//3213 3214//3214
f 3211//3211 3214//3214 3212//3212
f 3213//3213 3215//3215 3216//3216
f 3213//3213 3216//3216 3214//3214
f 3215//3215 3217//3217 3218//3218
f 3215//3215 3218//3218 3216//3216
f 3219//3219 3197//3197 3200//3200
f 3219//3219 3200//3200 3220//3220
f 3221//3221 3222//3222 3223//3223
f 3221//3221 3223//3223 3224//3224
f 3222//3222 3225//3225 3226//3226
f 3222//3222 3226//3226 3223//3223
f 3225//3225 3227//3227 3228//3228
f 3225//3225 3228//3228 3226//3226
f 3227//3227 3229//3229 3230//3230
f 3227//3227 3230//3230 3228//3228
f 3229//3229 3231//3231 3232//3232
f 3229//3229 3232//3232 3230//3230
f 3231//3231 3233//3233 3234//3234
f 3231//3231 3234//3234 3232//3232
f 3233//3233 3235//3235 3236//3236
f 3233//3233 3236//3236 3234//3234
f 3235//3235 3237//3237 3238//3238
f 3235//3235 3238//3238 3236//3236
f 3237//3237 3239//3239 3240//3240
f 3237//3237 3240//3240 3238//3238
f 3239//3239 3241//3241 3242//3242
f 3239//3239 3242//3242 3240//3240
f 3243//3243 3221//3221 3224//3224
f 3243//3243 3224//3224 3244//3244
f 3245//3245 3246//3246 3247//3247
f 3245//3245 3247//3247 3248//3248
f 3246//3246 3249//3249 3250//3250
f 3246//3246 3250//3250 3247//3247
f 3249//3249 3251//3251 3252//3252
f 3249//3249 3252//3252 3250//3250
f 3251//3251 3253//3253 3254//3254
f 3251//3251 3254//3254 3252//3252
f 3253//3253 3255//3255 3256//3256
f 3253//3253 3256//3256 3254//3254
f 3255//3255 3257//3257 3258//3258
f 3255//3255 3258//3258 3256//3256
f 3257//3257 3259//3259 3260//3260
f 3257//3257 3260//3260 3258//3258
f 3259//3259 3261//3261 3262//3262
f 3259//3259 3262//3262 3260//3260
f 3261//3261 3263//3263 3264//3264
f 3261//3261 3264//3264 3262//3262
f 3265//3265 3245//3245 3248//3248
f 3265//3265 3248//3248 3266//3266
f 3267//3267 3268//3268 3269//3269
f 3267//3267 3269//3269 3270//3270
f 3268//3268 3271//3271 3272//3272
f 3268//3268 3272//3272 3269//3269
f 3271//3271 3273//3273 3274//3274
f 3271//3271 3274//3274 3272//3272
f 3273//3273 3275//3275 3276//3276
f 3273//3273 3276//3276 3274//3274
f 3275//3275 3277//3277 3278//3278
f 3275//3275 3278//3278 3276//3276
f 3277//3277 3279//3279 3280//3280
f 3277//3277 3280//3280 3278//3278
f 3279//3279 3281//3281 3282//3282
f 3279//3279 3282//3282 3280//3280
f 3281//3281 3283//3283 3284//3284
f 3281//3281 3284//3284 3282//3282
f 3283//3283 3285//3285 3286//3286
f 3283//3283 3286//3286 3284//3284
f 3287//3287 3267//3267 3270//3270
f 3287//3287 3270//3270 3288//3288
f 3289//3289 3290//3290 3291//3291
f 3289//3289 3291//3291 3292//3292
f 3293//3293 3294//3294 3295//3295
f 3293//3293 3295//3295 3296//3296
f 3296//3296 3295//3295 3297//3297
f 3296//3296 3297//3297 3298//3298
f 3298//3298 3297//3297 3299//3299
f 3298//3298 3299//3299 3300//3300
f 3300//3300 3299//3299 3301//3301
f 3300//3300 3301//3301 3302//3302
f 3302//3302 3301//3301 3303//3303
f 3302//3302 3303//3303 3304//3304
f 3304//3304 3303//3303 3305//3305
f 3304//3304 3305//3305 3306//3306
f 3306//3306 3305//3305 3307//3307
f 3306//3306 3307//3307 3308//3308
f 3308//3308 3307//3307 3309//3309
f 3308//3308 3309//3309 3310//3310
f 3310//3310 3309//3309 3290//3290
f 3310//3310 3290//3290 3289//3289
f 3311//3311 3312//3312 3313//3313
f 3311//3311 3313//3313 3314//3314
f 3312//3312 3315//3315 3316//3316
f 3312//3312 3316//3316 3313//3313
f 3315//3315 3317//3317 3318//3318
f 3315//3315 3318//3318 3316//3316
f 3317//3317 3319//3319 3320//3320
f 3317//3317 3320//3320 3318//3318
f 3319//3319 3321//3321 3322//3322
f 3319//3319 3322//3322 3320//3320
f 3321//3321 3323//3323 3324//3324
f 3321//3321 3324//3324 3322//3322
f 3325//3325 3326//3326 3327//3327
f 3325//3325 3327//3327 3328//3328
f 3326//3326 3329//3329 3330//3330
f 3326//3326 3330//3330 3327//3327
f 3329//3329 3331//3331 3332//3332
f 3329//3329 3332//3332 3330//3330
f 3331//3331 3333//3333 3334//3334
f 3331//3331 3334//3334 3332//3332
f 3333//3333 3335//3335 3336//3336
f 3333//3333 3336//3336 3334//3334
f 3335//3335 3337//3337 3338//3338
f 3335//3335 3338//3338 3336//3336
f 3339//3339 3340//3340 3341//3341
f 3339//3339 3341//3341 3342//3342
f 3340//3340 3343//3343 3344//3344
f 3340//3340 3344//3344 3341//3341
f 3343//3343 3345//3345 3346//3346
f 3343//3343 3346//3346 3344//3344
f 3345//3345 3347//3347 3348//3348
f 3345//3345 3348//3348 3346//3346
f 3347//3347 3349//3349 3350//3350
f 3347//3347 3350//3350 3348//3348
f 3349//3349 3351//3351 3352//3352
f 3349//3349 3352//3352 3350//3350
f 3353//3353 3354//3354 3355//3355
f 3353//3353 3355//3355 3356//3356
f 3354//3354 3357//3357 3358//3358
f 3354//3354 3358//3358 3355//3355
f 3357//3357 3359//3359 3360//3360
f 3357//3357 3360//3360 3358//3358
f 3359//3359 3361//3361 3362//3362
f 3359//3359 3362//3362 3360//3360
f 3361//3361 3363//3363 3364//3364
f 3361//3361 3364//3364 3362//3362
f 3363//3363 3365//3365 3366//3366
f 3363//3363 3366//3366 3364//3364
f 3367//3367 3368//3368 3369//3369
f 3367//3367 3369//3369 3370//3370
f 3368//3368 3371//3371 3372//3372
f 3368//3368 3372//3372 3369//3369
f 3371//3371 3373//3373 3374//3374
f 3371//3371 3374//3374 3372//3372
f 3373//3373 3375//3375 3376//3376
f 3373//3373 3376//3376 3374//3374
f 3377//3377 3378//3378 3379//3379
f 3377//3377 3379//3379 3380//3380
f 3378//3378 3381//3381 3382//3382
f 3378//3378 3382//3382 3379//3379
f 3383//3383 3384//3384 3385//3385
f 3383//3383 3385//3385 3386//3386
f 3384//3384 3387//3387 3388//3388
f 3384//3384 3388//3388 3385//3385
f 3387//3387 3389//3389 3390//3390
f 3387//3387 3390//3390 3388//3388
f 3389//3389 3391//3391 3392//3392
f 3389//3389 3392//3392 3390//3390
f 3391//3391 3393//3393 3394//3394
f 3391//3391 3394//3394 3392//3392
f 3393//3393 3395//3395 3396//3396
f 3393//3393 3396//3396 3394//3394
f 3397//3397 3398//3398 3399//3399
f 3397//3397 3399//3399 3400//3400
f 3398//3398 3401//3401 3402//3402
f 3398//3398 3402//3402 3399//3399
f 3401//3401 3403//3403 3404//3404
f 3401//3401 3404//3404 3402//3402
f 3403//3403 3405//3405 3406//3406
f 3403//3403 3406//3406 3404//3404
f 3405//3405 3407//3407 3408//3408
f 3405//3405 3408//3408 3406//3406
f 3407//3407 3409//3409 3410//3410
f 3407//3407 3410//3410 3408//3408
f 3411//3411 3412//3412 3413//3413
f 3411//3411 3413//3413 3414//3414
f 3412//3412 3415//3415 3416//3416
f 3412//3412 3416//3416 3413//3413
f 3415//3415 3417//3417 3418//3418
f 3415//3415 3418//3418 3416//3416
f 3417//3417 3419//3419 3420//3420
f 3417//3417 3420//3420 3418//3418
f 3419//3419 3421//3421 3422//3422
f 3419//3419 3422//3422 3420//3420
f 3421//3421 3423//3423 3424//3424
f 3421//3421 3424//3424 3422//3422
f 3425//3425 3426//3426 3427//3427
f 3425//3425 3427//3427 3428//3428
f 3426//3426 3429//3429 3430//3430
f 3426//3426 3430//3430 3427//3427
f 3429//3429 3431//3431 3432//3432
f 3429//3429 3432//3432 3430//3430
f 3431//3431 3433//3433 3434//3434
f 3431//3431 3434//3434 3432//3432
f 3433//3433 3435//3435 3436//3436
f 3433//3433 3436//3436 3434//3434
f 3435//3435 3437//3437 3438//3438
f 3435//3435 3438//3438 3436//3436
f 3439//3439 3440//3440 3441//3441
f 3439//3439 3441//3441 3442//3442
f 3443//3443 3439//3439 3442//3442
f 3443//3443 3442//3442 3444//3444
f 3445//3445 3446//3446 3447//3447
f 3445//3445 3447//3447 3448//3448
f 3449//3449 3445//3445 3448//3448
f 3449//3449 3448//3448 3450//3450
f 3451//3451 3452//3452 3453//3453
f 3451//3451 3453//3453 3454//3454
f 3455//3455 3451//3451 3454//3454
f 3455//3455 3454//3454 3456//3456
f 3457//3457 3458//3458 3459//3459
f 3457//3457 3459//3459 3460//3460
f 3461//3461 3457//3457 3460//3460
f 3461//3461 3460//3460 3462//3462
f 3463//3463 3464//3464 3465//3465
f 3463//3463 3465//3465 3466//3466
f 3464//3464 3467//3467 3468//3468
f 3464//3464 3468//3468 3465//3465
f 3469//3469 3470//3470 3471//3471
f 3469//3469 3471//3471 3472//3472
f 3473//3473 3469//3469 3472//3472
f 3473//3473 3472//3472 3474//3474
f 3475//3475 3476//3476 3477//3477
f 3475//3475 3477//3477 3478//3478
f 3479//3479 3475//3475 3478//3478
f 3479//3479 3478//3478 3480//3480
f 3481//3481 3482//3482 3483//3483
f 3481//3481 3483//3483 3484//3484
f 3485//3485 3481//3481 3484//3484
f 3485//3485 3484//3484 3486//3486
f 3487//3487 3488//3488 3489//3489
f 3487//3487 3489//3489 3490//3490
f 3491//3491 3488//3488 3487//3487
f 3491//3491 3487//3487 3492//3492
f 3493//3493 3494//3494 3495//3495
f 3493//3493 3495//3495 3496//3496
f 3497//3497 3493//3493 3496//3496
f 3497//3497 3496//3496 3498//3498
f 3499//3499 3500//3500 3501//3501
f 3499//3499 3501//3501 3502//3502
f 3502//3502 3501//3501 3503//3503
f 3502//3502 3503//3503 3504//3504
f 3505//3505 3506//3506 3507//3507
f 3505//3505 3507//3507 3508//3508
f 3508//3508 3507//3507 3509//3509
f 3508//3508 3509//3509 3510//3510
f 3510//3510 3509//3509 3511//3511
f 3510//3510 3511//3511 3512//3512
f 3512//3512 3511//3511 3500//3500
f 3512//3512 3500//3500 3499//3499
f 3513//3513 3514//3514 3482//3482
f 3513//3513 3482//3482 3481//3481
f 3515//3515 3513//3513 3481//3481
f 3515//3515 3481//3481 3485//3485
f 3516//3516 3517//3517 3514//3514
f 3516//3516 3514//3514 3513//3513
f 3518//3518 3516//3516 3513//3513
f 3518//3518 3513//3513 3515//3515
f 3519//3519 3520//3520 3521//3521
f 3519//3519 3521//3521 3522//3522
f 3523//3523 3519//3519 3522//3522
f 3523//3523 3522//3522 3524//3524
f 3525//3525 3526//3526 3527//3527
f 3525//3525 3527//3527 3528//3528
f 3529//3529 3525//3525 3528//3528
f 3529//3529 3528//3528 3530//3530
f 3531//3531 3532//3532 3533//3533
f 3531//3531 3533//3533 3534//3534
f 3535//3535 3531//3531 3534//3534
f 3535//3535 3534//3534 3536//3536
f 3537//3537 3538//3538 3539//3539
f 3537//3537 3539//3539 3540//3540
f 3541//3541 3537//3537 3540//3540
f 3541//3541 3540//3540 3542//3542
f 3543//3543 3544//3544 3538//3538
f 3543//3543 3538//3538 3537//3537
f 3545//3545 3543//3543 3537//3537
f 3545//3545 3537//3537 3541//3541
f 3546//3546 3547//3547 3548//3548
f 3546//3546 3548//3548 3549//3549
f 3548//3548 3547//3547 3550//3550
f 3548//3548 3550//3550 3551//3551
f 3552//3552 3553//3553 3554//3554
f 3552//3552 3554//3554 3555//3555
f 3555//3555 3554//3554 3556//3556
f 3555//3555 3556//3556 3557//3557
f 3557//3557 3556//3556 3558//3558
f 3557//3557 3558//3558 3559//3559
f 3559//3559 3558//3558 3560//3560
f 3559//3559 3560//3560 3561//3561
f 3561//3561 3560//3560 3562//3562
f 3561//3561 3562//3562 3563//3563
f 3563//3563 3562//3562 3564//3564
f 3563//3563 3564//3564 3565//3565
f 3566//3566 3567//3567 3568//3568
f 3566//3566 3568//3568 3569//3569
f 3570//3570 3571//3571 3572//3572
f 3570//3570 3572//3572 3573//3573
f 3571//3571 3574//3574 3575//3575
f 3571//3571 3575//3575 3572//3572
f 3574//3574 3576//3576 3577//3577
f 3574//3574 3577//3577 3575//3575
f 3576//3576 3578//3578 3579//3579
f 3576//3576 3579//3579 3577//3577
f 3578//3578 3580//3580 3581//3581
f 3578//3578 3581//3581 3579//3579
f 3580//3580 3582//3582 3583//3583
f 3580//3580 3583//3583 3581//3581
f 3582//3582 3584//3584 3585//3585
f 3582//3582 3585//3585 3583//3583
f 3584//3584 3586//3586 3587//3587
f 3584//3584 3587//3587 3585//3585
f 3586//3586 3566//3566 3569//3569
f 3586//3586 3569//3569 3587//3587
f 3588//3588 3589//3589 3590//3590
f 3588//3588 3590//3590 3591//3591
f 3591//3591 3590//3590 3592//3592
f 3591//3591 3592//3592 3593//3593
f 3593//3593 3592//3592 3594//3594
f 3593//3593 3594//3594 3595//3595
f 3595//3595 3594//3594 3596//3596
f 3595//3595 3596//3596 3597//3597
f 3597//3597 3596//3596 3598//3598
f 3597//3597 3598//3598 3599//3599
f 3599//3599 3598//3598 3600//3600
f 3599//3599 3600//3600 3601//3601
f 3602//3602 3603//3603 3604//3604
f 3602//3602 3604//3604 3605//3605
f 3605//3605 3604//3604 3606//3606
f 3605//3605 3606//3606 3607//3607
f 3607//3607 3606//3606 3608//3608
f 3607//3607 3608//3608 3609//3609
f 3609//3609 3608//3608 3610//3610
f 3609//3609 3610//3610 3611//3611
f 3611//3611 3610//3610 3612//3612
f 3611//3611 3612//3612 3613//3613
f 3613//3613 3612//3612 3614//3614
f 3613//3613 3614//3614 3615//3615
f 3616//3616 3617//3617 3618//3618
f 3616//3616 3618//3618 3619//3619
f 3619//3619 3618//3618 3620//3620
f 3619//3619 3620//3620 3621//3621
f 3621//3621 3620//3620 3622//3622
f 3621//3621 3622//3622 3623//3623
f 3623//3623 3622//3622 3624//3624
f 3623//3623 3624//3624 3625//3625
f 3625//3625 3624//3624 3626//3626
f 3625//3625 3626//3626 3627//3627
f 3627//3627 3626//3626 3628//3628
f 3627//3627 3628//3628 3629//3629
f 3630//3630 3631//3631 3632//3632
f 3630//3630 3632//3632 3633//3633
f 3633//3633 3632//3632 3634//3634
f 3633//3633 3634//3634 3635//3635
f 3635//3635 3634//3634 3636//3636
f 3635//3635 3636//3636 3637//3637
f 3637//3637 3636//3636 3638//3638
f 3637//3637 3638//3638 3639//3639
f 3640//3640 3641//3641 3642//3642
f 3640//3640 3642//3642 3643//3643
f 3643//3643 3642//3642 3644//3644
f 3643//3643 3644//3644 3645//3645
f 3646//3646 3647//3647 3648//3648
f 3646//3646 3648//3648 3649//3649
f 3649//3649 3648//3648 3650//3650
f 3649//3649 3650//3650 3651//3651
f 3651//3651 3650//3650 3652//3652
f 3651//3651 3652//3652 3653//3653
f 3653//3653 3652//3652 3654//3654
f 3653//3653 3654//3654 3655//3655
f 3655//3655 3654//3654 3656//3656
f 3655//3655 3656//3656 3657//3657
f 3657//3657 3656//3656 3658//3658
f 3657//3657 3658//3658 3659//3659
f 3660//3660 3661//3661 3662//3662
f 3660//3660 3662//3662 3663//3663
f 3663//3663 3662//3662 3664//3664
f 3663//3663 3664//3664 3665//3665
f 3665//3665 3664//3664 3666//3666
f 3665//3665 3666//3666 3667//3667
f 3667//3667 3666//3666 3668//3668
f 3667//3667 3668//3668 3669//3669
f 3669//3669 3668//3668 3670//3670
f 3669//3669 3670//3670 3671//3671
f 3671//3671 3670//3670 3672//3672
f 3671//3671 3672//3672 3673//3673
f 3674//3674 3675//3675 3676//3676
f 3674//3674 3676//3676 3677//3677
f 3677//3677 3676//3676 3678//3678
f 3677//3677 3678//3678 3679//3679
f 3679//3679 3678//3678 3680//3680
f 3679//3679 3680//3680 3681//3681
f 3681//3681 3680//3680 3682//3682
f 3681//3681 3682//3682 3683//3683
f 3683//3683 3682//3682 3684//3684
f 3683//3683 3684//3684 3685//3685
f 3685//3685 3684//3684 3686//3686
f 3685//3685 3686//3686 3687//3687
f 3688//3688 3689//3689 3690//3690
f 3688//3688 3690//3690 3691//3691
f 3691//3691 3690//3690 3692//3692
f 3691//3691 3692//3692 3693//3693
f 3693//3693 3692//3692 3694//3694
f 3693//3693 3694//3694 3695//3695
f 3695//3695 3694//3694 3696//3696
f 3695//3695 3696//3696 3697//3697
f 3697//3697 3696//3696 3698//3698
f 3697//3697 3698//3698 3699//3699
f 3699//3699 3698//3698 3700//3700
f 3699//3699 3700//3700 3701//3701
f 3701//3701 3700//3700 3702//3702
f 3701//3701 3702//3702 3703//3703
f 3703//3703 3702//3702 3704//3704
f 3703//3703 3704//3704 3705//3705
f 3705//3705 3704//3704 3706//3706
f 3705//3705 3706//3706 3707//3707
f 3708//3708 3709//3709 3689//3689
f 3708//3708 3689//3689 3688//3688
f 3710//3710 3711//3711 3712//3712
f 3710//3710 3712//3712 3713//3713
f 3713//3713 3712//3712 3714//3714
f 3713//3713 3714//3714 3715//3715
f 3715//3715 3714//3714 3716//3716
f 3715//3715 3716//3716 3717//3717
f 3717//3717 3716//3716 3718//3718
f 3717//3717 3718//3718 3719//3719
f 3719//3719 3718//3718 3720//3720
f 3719//3719 3720//3720 3721//3721
f 3721//3721 3720//3720 3722//3722
f 3721//3721 3722//3722 3723//3723
f 3724//3724 3725//3725 3726//3726
f 3724//3724 3726//3726 3727//3727
f 3727//3727 3726//3726 3728//3728
f 3727//3727 3728//3728 3729//3729
f 3729//3729 3728//3728 3730//3730
f 3729//3729 3730//3730 3731//3731
f 3731//3731 3730//3730 3732//3732
f 3731//3731 3732//3732 3733//3733
f 3733//3733 3732//3732 3734//3734
f 3733//3733 3734//3734 3735//3735
f 3735//3735 3734//3734 3736//3736
f 3735//3735 3736//3736 3737//3737
f 3738//3738 3739//3739 3740//3740
f 3738//3738 3740//3740 3741//3741
f 3742//3742 3738//3738 3741//3741
f 3742//3742 3741//3741 3743//3743
f 3740//3740 3739//3739 3744//3744
f 3740//3740 3744//3744 3745//3745
f 3746//3746 3747//3747 3748//3748
f 3746//3746 3748//3748 3749//3749
f 3750//3750 3746//3746 3749//3749
f 3750//3750 3749//3749 3751//3751
f 3748//3748 3747//3747 1593//1593
f 3748//3748 1593//1593 1592//1592
f 3752//3752 3753//3753 3754//3754
f 3752//3752 3754//3754 3755//3755
f 3756//3756 3752//3752 3755//3755
f 3756//3756 3755//3755 3757//3757
f 3753//3753 3758//3758 3759//3759
f 3753//3753 3759//3759 3754//3754
f 3760//3760 3761//3761 3762//3762
f 3760//3760 3762//3762 3763//3763
f 3764//3764 3762//3762 3761//3761
f 3764//3764 3761//3761 3765//3765
f 3760//3760 3763//3763 3766//3766
f 3760//3760 3766//3766 3767//3767
f 3768//3768 3769//3769 3770//3770
f 3768//3768 3770//3770 3771//3771
f 3772//3772 3768//3768 3771//3771
f 3772//3772 3771//3771 3773//3773
f 3774//3774 3775//3775 3776//3776
f 3774//3774 3776//3776 3777//3777
f 3778//3778 3774//3774 3777//3777
f 3778//3778 3777//3777 3779//3779
f 3780//3780 3778//3778 3779//3779
f 3780//3780 3779//3779 3781//3781
f 3782//3782 3780//3780 3781//3781
f 3782//3782 3781//3781 3783//3783
f 3784//3784 3782//3782 3783//3783
f 3784//3784 3783//3783 3785//3785
f 3786//3786 3784//3784 3785//3785
f 3786//3786 3785//3785 3787//3787
f 3788//3788 3786//3786 3787//3787
f 3788//3788 3787//3787 3789//3789
f 3769//3769 3788//3788 3789//3789
f 3769//3769 3789//3789 3770//3770
f 3790//3790 3791//3791 3792//3792
f 3790//3790 3792//3792 3793//3793
f 3794//3794 3795//3795 3791//3791
f 3794//3794 3791//3791 3790//3790
f 3796//3796 3797//3797 3798//3798
f 3796//3796 3798//3798 3799//3799
f 3800//3800 3801//3801 3797//3797
f 3800//3800 3797//3797 3796//3796
f 3802//3802 3803//3803 3801//3801
f 3802//3802 3801//3801 3800//3800
f 3793//3793 3792//3792 3803//3803
f 3793//3793 3803//3803 3802//3802
